pair,M,N,seed,mirror,winner_label,turns,unresolved
WDD:WBB,1,1,10100,0,B,29,false
WDD:WBB,1,1,10100,1,B,32,false
WDD:WBB,1,1,10101,0,B,27,false
WDD:WBB,1,1,10101,1,B,22,false
WDD:WBB,1,1,10102,0,B,15,false
WDD:WBB,1,1,10102,1,B,20,false
WDD:WBB,1,1,10103,0,B,19,false
WDD:WBB,1,1,10103,1,B,16,false
WDD:WBB,1,1,10104,0,B,23,false
WDD:WBB,1,1,10104,1,B,18,false
WDD:WBB,1,1,10105,0,B,31,false
WDD:WBB,1,1,10105,1,B,25,false
WDD:WBB,1,1,10106,0,B,39,false
WDD:WBB,1,1,10106,1,draw,100,true
WDD:WBB,1,1,10107,0,B,19,false
WDD:WBB,1,1,10107,1,B,24,false
WDD:WBB,1,1,10108,0,B,17,false
WDD:WBB,1,1,10108,1,B,22,false
WDD:WBB,1,1,10109,0,B,31,false
WDD:WBB,1,1,10109,1,B,22,false
WDD:WBB,1,1,10110,0,B,19,false
WDD:WBB,1,1,10110,1,B,22,false
WDD:WBB,1,1,10111,0,B,35,false
WDD:WBB,1,1,10111,1,B,18,false
WDD:WBB,1,1,10112,0,B,33,false
WDD:WBB,1,1,10112,1,draw,100,true
WDD:WBB,1,1,10113,0,B,31,false
WDD:WBB,1,1,10113,1,B,18,false
WDD:WBB,1,1,10114,0,B,35,false
WDD:WBB,1,1,10114,1,B,22,false
WDD:WBB,1,1,10115,0,B,15,false
WDD:WBB,1,1,10115,1,B,22,false
WDD:WBB,1,1,10116,0,B,35,false
WDD:WBB,1,1,10116,1,B,20,false
WDD:WBB,1,1,10117,0,B,19,false
WDD:WBB,1,1,10117,1,B,20,false
WDD:WBB,1,1,10118,0,B,17,false
WDD:WBB,1,1,10118,1,B,14,false
WDD:WBB,1,1,10119,0,B,27,false
WDD:WBB,1,1,10119,1,B,18,false
WDD:WBB,1,1,10120,0,B,21,false
WDD:WBB,1,1,10120,1,B,21,false
WDD:WBB,1,1,10121,0,B,29,false
WDD:WBB,1,1,10121,1,B,40,false
WDD:WBB,1,1,10122,0,B,19,false
WDD:WBB,1,1,10122,1,B,24,false
WDD:WBB,1,1,10123,0,B,15,false
WDD:WBB,1,1,10123,1,B,18,false
WDD:WBB,1,1,10124,0,B,29,false
WDD:WBB,1,1,10124,1,B,34,false
WDD:WBB,1,1,10125,0,B,25,false
WDD:WBB,1,1,10125,1,B,24,false
WDD:WBB,1,1,10126,0,B,19,false
WDD:WBB,1,1,10126,1,B,28,false
WDD:WBB,1,1,10127,0,B,59,false
WDD:WBB,1,1,10127,1,B,36,false
WDD:WBB,1,1,10128,0,B,19,false
WDD:WBB,1,1,10128,1,B,20,false
WDD:WBB,1,1,10129,0,B,33,false
WDD:WBB,1,1,10129,1,B,18,false
WDD:WBB,1,1,10130,0,B,17,false
WDD:WBB,1,1,10130,1,B,22,false
WDD:WBB,1,1,10131,0,B,24,false
WDD:WBB,1,1,10131,1,B,26,false
WDD:WBB,1,1,10132,0,B,17,false
WDD:WBB,1,1,10132,1,B,18,false
WDD:WBB,1,1,10133,0,B,19,false
WDD:WBB,1,1,10133,1,B,26,false
WDD:WBB,1,1,10134,0,B,45,false
WDD:WBB,1,1,10134,1,B,26,false
WDD:WBB,1,1,10135,0,B,13,false
WDD:WBB,1,1,10135,1,B,16,false
WDD:WBB,1,1,10136,0,B,25,false
WDD:WBB,1,1,10136,1,B,34,false
WDD:WBB,1,1,10137,0,B,33,false
WDD:WBB,1,1,10137,1,B,30,false
WDD:WBB,1,1,10138,0,B,33,false
WDD:WBB,1,1,10138,1,B,22,false
WDD:WBB,1,1,10139,0,B,25,false
WDD:WBB,1,1,10139,1,B,32,false
WDD:WBB,1,1,10140,0,B,17,false
WDD:WBB,1,1,10140,1,B,26,false
WDD:WBB,1,1,10141,0,B,17,false
WDD:WBB,1,1,10141,1,B,24,false
WDD:WBB,1,1,10142,0,draw,100,true
WDD:WBB,1,1,10142,1,draw,100,true
WDD:WBB,1,1,10143,0,B,55,false
WDD:WBB,1,1,10143,1,B,18,false
WDD:WBB,1,1,10144,0,B,17,false
WDD:WBB,1,1,10144,1,B,18,false
WDD:WBB,1,1,10145,0,B,45,false
WDD:WBB,1,1,10145,1,B,20,false
WDD:WBB,1,1,10146,0,B,93,false
WDD:WBB,1,1,10146,1,B,39,false
WDD:WBB,1,1,10147,0,B,29,false
WDD:WBB,1,1,10147,1,B,18,false
WDD:WBB,1,1,10148,0,B,17,false
WDD:WBB,1,1,10148,1,B,18,false
WDD:WBB,1,1,10149,0,B,19,false
WDD:WBB,1,1,10149,1,B,18,false
WDD:WBB,1,2,20100,0,B,21,false
WDD:WBB,1,2,20100,1,B,28,false
WDD:WBB,1,2,20101,0,B,19,false
WDD:WBB,1,2,20101,1,B,26,false
WDD:WBB,1,2,20102,0,B,25,false
WDD:WBB,1,2,20102,1,B,24,false
WDD:WBB,1,2,20103,0,B,17,false
WDD:WBB,1,2,20103,1,B,26,false
WDD:WBB,1,2,20104,0,B,37,false
WDD:WBB,1,2,20104,1,B,28,false
WDD:WBB,1,2,20105,0,B,17,false
WDD:WBB,1,2,20105,1,B,32,false
WDD:WBB,1,2,20106,0,B,19,false
WDD:WBB,1,2,20106,1,B,16,false
WDD:WBB,1,2,20107,0,B,21,false
WDD:WBB,1,2,20107,1,B,32,false
WDD:WBB,1,2,20108,0,B,17,false
WDD:WBB,1,2,20108,1,B,24,false
WDD:WBB,1,2,20109,0,B,71,false
WDD:WBB,1,2,20109,1,draw,100,true
WDD:WBB,1,2,20110,0,B,23,false
WDD:WBB,1,2,20110,1,B,20,false
WDD:WBB,1,2,20111,0,B,19,false
WDD:WBB,1,2,20111,1,B,16,false
WDD:WBB,1,2,20112,0,draw,100,true
WDD:WBB,1,2,20112,1,B,40,false
WDD:WBB,1,2,20113,0,B,29,false
WDD:WBB,1,2,20113,1,B,27,false
WDD:WBB,1,2,20114,0,B,23,false
WDD:WBB,1,2,20114,1,B,16,false
WDD:WBB,1,2,20115,0,B,17,false
WDD:WBB,1,2,20115,1,B,24,false
WDD:WBB,1,2,20116,0,B,17,false
WDD:WBB,1,2,20116,1,B,22,false
WDD:WBB,1,2,20117,0,B,21,false
WDD:WBB,1,2,20117,1,B,24,false
WDD:WBB,1,2,20118,0,B,19,false
WDD:WBB,1,2,20118,1,B,14,false
WDD:WBB,1,2,20119,0,B,21,false
WDD:WBB,1,2,20119,1,B,18,false
WDD:WBB,1,2,20120,0,B,19,false
WDD:WBB,1,2,20120,1,B,24,false
WDD:WBB,1,2,20121,0,B,37,false
WDD:WBB,1,2,20121,1,draw,100,true
WDD:WBB,1,2,20122,0,B,29,false
WDD:WBB,1,2,20122,1,B,26,false
WDD:WBB,1,2,20123,0,B,23,false
WDD:WBB,1,2,20123,1,B,34,false
WDD:WBB,1,2,20124,0,draw,100,true
WDD:WBB,1,2,20124,1,draw,100,true
WDD:WBB,1,2,20125,0,B,33,false
WDD:WBB,1,2,20125,1,B,24,false
WDD:WBB,1,2,20126,0,B,19,false
WDD:WBB,1,2,20126,1,B,20,false
WDD:WBB,1,2,20127,0,B,29,false
WDD:WBB,1,2,20127,1,B,24,false
WDD:WBB,1,2,20128,0,B,21,false
WDD:WBB,1,2,20128,1,B,20,false
WDD:WBB,1,2,20129,0,B,17,false
WDD:WBB,1,2,20129,1,B,16,false
WDD:WBB,1,2,20130,0,B,25,false
WDD:WBB,1,2,20130,1,B,28,false
WDD:WBB,1,2,20131,0,B,43,false
WDD:WBB,1,2,20131,1,B,22,false
WDD:WBB,1,2,20132,0,B,29,false
WDD:WBB,1,2,20132,1,B,20,false
WDD:WBB,1,2,20133,0,B,21,false
WDD:WBB,1,2,20133,1,B,18,false
WDD:WBB,1,2,20134,0,B,17,false
WDD:WBB,1,2,20134,1,B,20,false
WDD:WBB,1,2,20135,0,B,39,false
WDD:WBB,1,2,20135,1,B,32,false
WDD:WBB,1,2,20136,0,B,17,false
WDD:WBB,1,2,20136,1,B,18,false
WDD:WBB,1,2,20137,0,B,17,false
WDD:WBB,1,2,20137,1,B,26,false
WDD:WBB,1,2,20138,0,B,25,false
WDD:WBB,1,2,20138,1,B,20,false
WDD:WBB,1,2,20139,0,B,17,false
WDD:WBB,1,2,20139,1,B,28,false
WDD:WBB,1,2,20140,0,B,29,false
WDD:WBB,1,2,20140,1,B,32,false
WDD:WBB,1,2,20141,0,B,19,false
WDD:WBB,1,2,20141,1,B,22,false
WDD:WBB,1,2,20142,0,B,23,false
WDD:WBB,1,2,20142,1,B,22,false
WDD:WBB,1,2,20143,0,B,15,false
WDD:WBB,1,2,20143,1,B,17,false
WDD:WBB,1,2,20144,0,B,15,false
WDD:WBB,1,2,20144,1,B,28,false
WDD:WBB,1,2,20145,0,B,15,false
WDD:WBB,1,2,20145,1,B,28,false
WDD:WBB,1,2,20146,0,B,15,false
WDD:WBB,1,2,20146,1,B,30,false
WDD:WBB,1,2,20147,0,B,31,false
WDD:WBB,1,2,20147,1,B,20,false
WDD:WBB,1,2,20148,0,B,17,false
WDD:WBB,1,2,20148,1,B,16,false
WDD:WBB,1,2,20149,0,B,27,false
WDD:WBB,1,2,20149,1,B,20,false
WDD:WBB,1,3,30100,0,B,23,false
WDD:WBB,1,3,30100,1,B,32,false
WDD:WBB,1,3,30101,0,B,33,false
WDD:WBB,1,3,30101,1,B,40,false
WDD:WBB,1,3,30102,0,A,21,false
WDD:WBB,1,3,30102,1,A,26,false
WDD:WBB,1,3,30103,0,draw,100,true
WDD:WBB,1,3,30103,1,A,18,false
WDD:WBB,1,3,30104,0,A,29,false
WDD:WBB,1,3,30104,1,A,32,false
WDD:WBB,1,3,30105,0,B,21,false
WDD:WBB,1,3,30105,1,A,20,false
WDD:WBB,1,3,30106,0,B,19,false
WDD:WBB,1,3,30106,1,A,22,false
WDD:WBB,1,3,30107,0,A,21,false
WDD:WBB,1,3,30107,1,B,30,false
WDD:WBB,1,3,30108,0,A,29,false
WDD:WBB,1,3,30108,1,B,22,false
WDD:WBB,1,3,30109,0,A,23,false
WDD:WBB,1,3,30109,1,A,22,false
WDD:WBB,1,3,30110,0,A,23,false
WDD:WBB,1,3,30110,1,A,16,false
WDD:WBB,1,3,30111,0,A,17,false
WDD:WBB,1,3,30111,1,A,24,false
WDD:WBB,1,3,30112,0,A,29,false
WDD:WBB,1,3,30112,1,A,18,false
WDD:WBB,1,3,30113,0,B,17,false
WDD:WBB,1,3,30113,1,A,26,false
WDD:WBB,1,3,30114,0,A,19,false
WDD:WBB,1,3,30114,1,A,16,false
WDD:WBB,1,3,30115,0,B,23,false
WDD:WBB,1,3,30115,1,A,16,false
WDD:WBB,1,3,30116,0,A,19,false
WDD:WBB,1,3,30116,1,A,22,false
WDD:WBB,1,3,30117,0,A,25,false
WDD:WBB,1,3,30117,1,B,22,false
WDD:WBB,1,3,30118,0,A,25,false
WDD:WBB,1,3,30118,1,A,20,false
WDD:WBB,1,3,30119,0,B,23,false
WDD:WBB,1,3,30119,1,A,24,false
WDD:WBB,1,3,30120,0,A,15,false
WDD:WBB,1,3,30120,1,B,22,false
WDD:WBB,1,3,30121,0,A,47,false
WDD:WBB,1,3,30121,1,B,50,false
WDD:WBB,1,3,30122,0,A,15,false
WDD:WBB,1,3,30122,1,B,20,false
WDD:WBB,1,3,30123,0,A,21,false
WDD:WBB,1,3,30123,1,B,20,false
WDD:WBB,1,3,30124,0,B,25,false
WDD:WBB,1,3,30124,1,A,26,false
WDD:WBB,1,3,30125,0,B,17,false
WDD:WBB,1,3,30125,1,B,16,false
WDD:WBB,1,3,30126,0,B,21,false
WDD:WBB,1,3,30126,1,A,26,false
WDD:WBB,1,3,30127,0,A,19,false
WDD:WBB,1,3,30127,1,A,22,false
WDD:WBB,1,3,30128,0,A,27,false
WDD:WBB,1,3,30128,1,A,16,false
WDD:WBB,1,3,30129,0,A,19,false
WDD:WBB,1,3,30129,1,B,22,false
WDD:WBB,1,3,30130,0,A,21,false
WDD:WBB,1,3,30130,1,B,22,false
WDD:WBB,1,3,30131,0,A,35,false
WDD:WBB,1,3,30131,1,A,28,false
WDD:WBB,1,3,30132,0,B,17,false
WDD:WBB,1,3,30132,1,B,22,false
WDD:WBB,1,3,30133,0,A,27,false
WDD:WBB,1,3,30133,1,B,20,false
WDD:WBB,1,3,30134,0,A,25,false
WDD:WBB,1,3,30134,1,B,16,false
WDD:WBB,1,3,30135,0,B,25,false
WDD:WBB,1,3,30135,1,A,18,false
WDD:WBB,1,3,30136,0,A,21,false
WDD:WBB,1,3,30136,1,A,26,false
WDD:WBB,1,3,30137,0,A,45,false
WDD:WBB,1,3,30137,1,A,30,false
WDD:WBB,1,3,30138,0,B,21,false
WDD:WBB,1,3,30138,1,A,26,false
WDD:WBB,1,3,30139,0,A,21,false
WDD:WBB,1,3,30139,1,B,22,false
WDD:WBB,1,3,30140,0,A,21,false
WDD:WBB,1,3,30140,1,A,28,false
WDD:WBB,1,3,30141,0,A,15,false
WDD:WBB,1,3,30141,1,B,20,false
WDD:WBB,1,3,30142,0,A,27,false
WDD:WBB,1,3,30142,1,A,34,false
WDD:WBB,1,3,30143,0,A,19,false
WDD:WBB,1,3,30143,1,B,32,false
WDD:WBB,1,3,30144,0,draw,100,true
WDD:WBB,1,3,30144,1,B,24,false
WDD:WBB,1,3,30145,0,A,17,false
WDD:WBB,1,3,30145,1,B,22,false
WDD:WBB,1,3,30146,0,B,33,false
WDD:WBB,1,3,30146,1,draw,100,true
WDD:WBB,1,3,30147,0,B,35,false
WDD:WBB,1,3,30147,1,A,30,false
WDD:WBB,1,3,30148,0,A,17,false
WDD:WBB,1,3,30148,1,B,20,false
WDD:WBB,1,3,30149,0,A,21,false
WDD:WBB,1,3,30149,1,A,26,false
WDD:WBB,1,4,40100,0,A,17,false
WDD:WBB,1,4,40100,1,A,14,false
WDD:WBB,1,4,40101,0,A,21,false
WDD:WBB,1,4,40101,1,A,32,false
WDD:WBB,1,4,40102,0,A,25,false
WDD:WBB,1,4,40102,1,A,24,false
WDD:WBB,1,4,40103,0,A,21,false
WDD:WBB,1,4,40103,1,A,22,false
WDD:WBB,1,4,40104,0,A,21,false
WDD:WBB,1,4,40104,1,A,18,false
WDD:WBB,1,4,40105,0,A,19,false
WDD:WBB,1,4,40105,1,A,16,false
WDD:WBB,1,4,40106,0,A,21,false
WDD:WBB,1,4,40106,1,A,30,false
WDD:WBB,1,4,40107,0,A,19,false
WDD:WBB,1,4,40107,1,A,38,false
WDD:WBB,1,4,40108,0,A,17,false
WDD:WBB,1,4,40108,1,A,22,false
WDD:WBB,1,4,40109,0,A,17,false
WDD:WBB,1,4,40109,1,A,26,false
WDD:WBB,1,4,40110,0,A,17,false
WDD:WBB,1,4,40110,1,A,18,false
WDD:WBB,1,4,40111,0,A,33,false
WDD:WBB,1,4,40111,1,A,16,false
WDD:WBB,1,4,40112,0,A,17,false
WDD:WBB,1,4,40112,1,A,14,false
WDD:WBB,1,4,40113,0,A,19,false
WDD:WBB,1,4,40113,1,A,22,false
WDD:WBB,1,4,40114,0,A,17,false
WDD:WBB,1,4,40114,1,A,22,false
WDD:WBB,1,4,40115,0,A,35,false
WDD:WBB,1,4,40115,1,A,42,false
WDD:WBB,1,4,40116,0,A,21,false
WDD:WBB,1,4,40116,1,A,30,false
WDD:WBB,1,4,40117,0,A,23,false
WDD:WBB,1,4,40117,1,A,18,false
WDD:WBB,1,4,40118,0,A,21,false
WDD:WBB,1,4,40118,1,A,18,false
WDD:WBB,1,4,40119,0,A,49,false
WDD:WBB,1,4,40119,1,draw,100,true
WDD:WBB,1,4,40120,0,A,21,false
WDD:WBB,1,4,40120,1,A,16,false
WDD:WBB,1,4,40121,0,A,17,false
WDD:WBB,1,4,40121,1,A,22,false
WDD:WBB,1,4,40122,0,A,17,false
WDD:WBB,1,4,40122,1,A,28,false
WDD:WBB,1,4,40123,0,A,19,false
WDD:WBB,1,4,40123,1,A,26,false
WDD:WBB,1,4,40124,0,A,21,false
WDD:WBB,1,4,40124,1,A,14,false
WDD:WBB,1,4,40125,0,A,17,false
WDD:WBB,1,4,40125,1,A,18,false
WDD:WBB,1,4,40126,0,A,19,false
WDD:WBB,1,4,40126,1,A,22,false
WDD:WBB,1,4,40127,0,A,43,false
WDD:WBB,1,4,40127,1,A,44,false
WDD:WBB,1,4,40128,0,A,23,false
WDD:WBB,1,4,40128,1,A,20,false
WDD:WBB,1,4,40129,0,A,19,false
WDD:WBB,1,4,40129,1,A,22,false
WDD:WBB,1,4,40130,0,A,25,false
WDD:WBB,1,4,40130,1,A,24,false
WDD:WBB,1,4,40131,0,A,17,false
WDD:WBB,1,4,40131,1,A,22,false
WDD:WBB,1,4,40132,0,A,21,false
WDD:WBB,1,4,40132,1,draw,100,true
WDD:WBB,1,4,40133,0,A,13,false
WDD:WBB,1,4,40133,1,A,20,false
WDD:WBB,1,4,40134,0,A,19,false
WDD:WBB,1,4,40134,1,A,16,false
WDD:WBB,1,4,40135,0,A,25,false
WDD:WBB,1,4,40135,1,A,18,false
WDD:WBB,1,4,40136,0,A,19,false
WDD:WBB,1,4,40136,1,A,14,false
WDD:WBB,1,4,40137,0,A,19,false
WDD:WBB,1,4,40137,1,A,14,false
WDD:WBB,1,4,40138,0,A,19,false
WDD:WBB,1,4,40138,1,A,18,false
WDD:WBB,1,4,40139,0,A,17,false
WDD:WBB,1,4,40139,1,A,14,false
WDD:WBB,1,4,40140,0,A,25,false
WDD:WBB,1,4,40140,1,A,16,false
WDD:WBB,1,4,40141,0,A,19,false
WDD:WBB,1,4,40141,1,A,20,false
WDD:WBB,1,4,40142,0,A,19,false
WDD:WBB,1,4,40142,1,A,20,false
WDD:WBB,1,4,40143,0,A,25,false
WDD:WBB,1,4,40143,1,A,20,false
WDD:WBB,1,4,40144,0,A,27,false
WDD:WBB,1,4,40144,1,A,22,false
WDD:WBB,1,4,40145,0,A,17,false
WDD:WBB,1,4,40145,1,A,22,false
WDD:WBB,1,4,40146,0,A,23,false
WDD:WBB,1,4,40146,1,A,20,false
WDD:WBB,1,4,40147,0,A,23,false
WDD:WBB,1,4,40147,1,A,18,false
WDD:WBB,1,4,40148,0,A,17,false
WDD:WBB,1,4,40148,1,A,18,false
WDD:WBB,1,4,40149,0,A,17,false
WDD:WBB,1,4,40149,1,A,14,false
WDD:WBB,1,5,50100,0,A,21,false
WDD:WBB,1,5,50100,1,A,30,false
WDD:WBB,1,5,50101,0,A,23,false
WDD:WBB,1,5,50101,1,A,24,false
WDD:WBB,1,5,50102,0,A,17,false
WDD:WBB,1,5,50102,1,A,14,false
WDD:WBB,1,5,50103,0,A,15,false
WDD:WBB,1,5,50103,1,A,16,false
WDD:WBB,1,5,50104,0,A,19,false
WDD:WBB,1,5,50104,1,A,22,false
WDD:WBB,1,5,50105,0,A,19,false
WDD:WBB,1,5,50105,1,A,14,false
WDD:WBB,1,5,50106,0,A,13,false
WDD:WBB,1,5,50106,1,A,18,false
WDD:WBB,1,5,50107,0,A,19,false
WDD:WBB,1,5,50107,1,A,20,false
WDD:WBB,1,5,50108,0,A,25,false
WDD:WBB,1,5,50108,1,A,20,false
WDD:WBB,1,5,50109,0,A,19,false
WDD:WBB,1,5,50109,1,A,12,false
WDD:WBB,1,5,50110,0,A,21,false
WDD:WBB,1,5,50110,1,A,16,false
WDD:WBB,1,5,50111,0,A,17,false
WDD:WBB,1,5,50111,1,A,16,false
WDD:WBB,1,5,50112,0,A,17,false
WDD:WBB,1,5,50112,1,A,16,false
WDD:WBB,1,5,50113,0,A,15,false
WDD:WBB,1,5,50113,1,A,12,false
WDD:WBB,1,5,50114,0,A,19,false
WDD:WBB,1,5,50114,1,A,18,false
WDD:WBB,1,5,50115,0,A,19,false
WDD:WBB,1,5,50115,1,A,14,false
WDD:WBB,1,5,50116,0,A,17,false
WDD:WBB,1,5,50116,1,A,20,false
WDD:WBB,1,5,50117,0,A,21,false
WDD:WBB,1,5,50117,1,A,20,false
WDD:WBB,1,5,50118,0,A,31,false
WDD:WBB,1,5,50118,1,A,20,false
WDD:WBB,1,5,50119,0,A,19,false
WDD:WBB,1,5,50119,1,A,18,false
WDD:WBB,1,5,50120,0,A,17,false
WDD:WBB,1,5,50120,1,A,14,false
WDD:WBB,1,5,50121,0,A,15,false
WDD:WBB,1,5,50121,1,A,22,false
WDD:WBB,1,5,50122,0,A,17,false
WDD:WBB,1,5,50122,1,A,18,false
WDD:WBB,1,5,50123,0,A,21,false
WDD:WBB,1,5,50123,1,A,12,false
WDD:WBB,1,5,50124,0,A,19,false
WDD:WBB,1,5,50124,1,A,22,false
WDD:WBB,1,5,50125,0,A,17,false
WDD:WBB,1,5,50125,1,A,22,false
WDD:WBB,1,5,50126,0,A,19,false
WDD:WBB,1,5,50126,1,A,20,false
WDD:WBB,1,5,50127,0,A,13,false
WDD:WBB,1,5,50127,1,A,18,false
WDD:WBB,1,5,50128,0,A,17,false
WDD:WBB,1,5,50128,1,A,16,false
WDD:WBB,1,5,50129,0,A,15,false
WDD:WBB,1,5,50129,1,A,16,false
WDD:WBB,1,5,50130,0,A,15,false
WDD:WBB,1,5,50130,1,A,12,false
WDD:WBB,1,5,50131,0,A,17,false
WDD:WBB,1,5,50131,1,A,24,false
WDD:WBB,1,5,50132,0,A,19,false
WDD:WBB,1,5,50132,1,A,14,false
WDD:WBB,1,5,50133,0,A,15,false
WDD:WBB,1,5,50133,1,A,16,false
WDD:WBB,1,5,50134,0,A,15,false
WDD:WBB,1,5,50134,1,A,16,false
WDD:WBB,1,5,50135,0,draw,100,true
WDD:WBB,1,5,50135,1,A,24,false
WDD:WBB,1,5,50136,0,A,17,false
WDD:WBB,1,5,50136,1,A,20,false
WDD:WBB,1,5,50137,0,A,23,false
WDD:WBB,1,5,50137,1,A,16,false
WDD:WBB,1,5,50138,0,A,29,false
WDD:WBB,1,5,50138,1,A,14,false
WDD:WBB,1,5,50139,0,A,17,false
WDD:WBB,1,5,50139,1,A,16,false
WDD:WBB,1,5,50140,0,A,17,false
WDD:WBB,1,5,50140,1,A,18,false
WDD:WBB,1,5,50141,0,A,15,false
WDD:WBB,1,5,50141,1,A,22,false
WDD:WBB,1,5,50142,0,A,15,false
WDD:WBB,1,5,50142,1,A,16,false
WDD:WBB,1,5,50143,0,A,11,false
WDD:WBB,1,5,50143,1,A,18,false
WDD:WBB,1,5,50144,0,A,19,false
WDD:WBB,1,5,50144,1,A,16,false
WDD:WBB,1,5,50145,0,A,19,false
WDD:WBB,1,5,50145,1,A,24,false
WDD:WBB,1,5,50146,0,A,13,false
WDD:WBB,1,5,50146,1,A,14,false
WDD:WBB,1,5,50147,0,A,13,false
WDD:WBB,1,5,50147,1,A,16,false
WDD:WBB,1,5,50148,0,A,23,false
WDD:WBB,1,5,50148,1,A,16,false
WDD:WBB,1,5,50149,0,A,19,false
WDD:WBB,1,5,50149,1,A,20,false
WDD:WBB,2,1,10200,0,B,15,false
WDD:WBB,2,1,10200,1,B,24,false
WDD:WBB,2,1,10201,0,B,14,false
WDD:WBB,2,1,10201,1,B,22,false
WDD:WBB,2,1,10202,0,B,19,false
WDD:WBB,2,1,10202,1,B,20,false
WDD:WBB,2,1,10203,0,draw,100,true
WDD:WBB,2,1,10203,1,B,32,false
WDD:WBB,2,1,10204,0,B,23,false
WDD:WBB,2,1,10204,1,B,24,false
WDD:WBB,2,1,10205,0,B,21,false
WDD:WBB,2,1,10205,1,B,16,false
WDD:WBB,2,1,10206,0,draw,100,true
WDD:WBB,2,1,10206,1,draw,100,true
WDD:WBB,2,1,10207,0,B,23,false
WDD:WBB,2,1,10207,1,B,18,false
WDD:WBB,2,1,10208,0,B,21,false
WDD:WBB,2,1,10208,1,B,22,false
WDD:WBB,2,1,10209,0,B,15,false
WDD:WBB,2,1,10209,1,B,20,false
WDD:WBB,2,1,10210,0,B,35,false
WDD:WBB,2,1,10210,1,B,18,false
WDD:WBB,2,1,10211,0,B,25,false
WDD:WBB,2,1,10211,1,B,16,false
WDD:WBB,2,1,10212,0,B,29,false
WDD:WBB,2,1,10212,1,B,20,false
WDD:WBB,2,1,10213,0,B,83,false
WDD:WBB,2,1,10213,1,B,26,false
WDD:WBB,2,1,10214,0,B,85,false
WDD:WBB,2,1,10214,1,B,20,false
WDD:WBB,2,1,10215,0,B,21,false
WDD:WBB,2,1,10215,1,B,20,false
WDD:WBB,2,1,10216,0,B,21,false
WDD:WBB,2,1,10216,1,B,16,false
WDD:WBB,2,1,10217,0,B,23,false
WDD:WBB,2,1,10217,1,B,16,false
WDD:WBB,2,1,10218,0,B,25,false
WDD:WBB,2,1,10218,1,B,18,false
WDD:WBB,2,1,10219,0,B,15,false
WDD:WBB,2,1,10219,1,B,14,false
WDD:WBB,2,1,10220,0,B,17,false
WDD:WBB,2,1,10220,1,B,13,false
WDD:WBB,2,1,10221,0,B,15,false
WDD:WBB,2,1,10221,1,B,16,false
WDD:WBB,2,1,10222,0,B,17,false
WDD:WBB,2,1,10222,1,B,13,false
WDD:WBB,2,1,10223,0,B,17,false
WDD:WBB,2,1,10223,1,B,16,false
WDD:WBB,2,1,10224,0,B,17,false
WDD:WBB,2,1,10224,1,B,22,false
WDD:WBB,2,1,10225,0,B,17,false
WDD:WBB,2,1,10225,1,B,16,false
WDD:WBB,2,1,10226,0,B,21,false
WDD:WBB,2,1,10226,1,B,18,false
WDD:WBB,2,1,10227,0,B,17,false
WDD:WBB,2,1,10227,1,B,14,false
WDD:WBB,2,1,10228,0,B,19,false
WDD:WBB,2,1,10228,1,B,16,false
WDD:WBB,2,1,10229,0,B,21,false
WDD:WBB,2,1,10229,1,B,16,false
WDD:WBB,2,1,10230,0,B,81,false
WDD:WBB,2,1,10230,1,B,44,false
WDD:WBB,2,1,10231,0,B,15,false
WDD:WBB,2,1,10231,1,B,16,false
WDD:WBB,2,1,10232,0,B,17,false
WDD:WBB,2,1,10232,1,B,13,false
WDD:WBB,2,1,10233,0,B,33,false
WDD:WBB,2,1,10233,1,B,60,false
WDD:WBB,2,1,10234,0,B,19,false
WDD:WBB,2,1,10234,1,B,16,false
WDD:WBB,2,1,10235,0,B,23,false
WDD:WBB,2,1,10235,1,B,18,false
WDD:WBB,2,1,10236,0,B,19,false
WDD:WBB,2,1,10236,1,B,18,false
WDD:WBB,2,1,10237,0,B,23,false
WDD:WBB,2,1,10237,1,B,68,false
WDD:WBB,2,1,10238,0,B,15,false
WDD:WBB,2,1,10238,1,B,20,false
WDD:WBB,2,1,10239,0,B,29,false
WDD:WBB,2,1,10239,1,draw,100,true
WDD:WBB,2,1,10240,0,B,19,false
WDD:WBB,2,1,10240,1,B,16,false
WDD:WBB,2,1,10241,0,B,15,false
WDD:WBB,2,1,10241,1,B,16,false
WDD:WBB,2,1,10242,0,B,17,false
WDD:WBB,2,1,10242,1,B,20,false
WDD:WBB,2,1,10243,0,B,49,false
WDD:WBB,2,1,10243,1,B,22,false
WDD:WBB,2,1,10244,0,B,19,false
WDD:WBB,2,1,10244,1,B,16,false
WDD:WBB,2,1,10245,0,B,15,false
WDD:WBB,2,1,10245,1,B,15,false
WDD:WBB,2,1,10246,0,B,26,false
WDD:WBB,2,1,10246,1,B,18,false
WDD:WBB,2,1,10247,0,draw,100,true
WDD:WBB,2,1,10247,1,B,40,false
WDD:WBB,2,1,10248,0,B,21,false
WDD:WBB,2,1,10248,1,B,20,false
WDD:WBB,2,1,10249,0,B,13,false
WDD:WBB,2,1,10249,1,B,20,false
WDD:WBB,2,2,20200,0,B,18,false
WDD:WBB,2,2,20200,1,B,22,false
WDD:WBB,2,2,20201,0,B,28,false
WDD:WBB,2,2,20201,1,B,14,false
WDD:WBB,2,2,20202,0,B,17,false
WDD:WBB,2,2,20202,1,B,20,false
WDD:WBB,2,2,20203,0,B,21,false
WDD:WBB,2,2,20203,1,B,28,false
WDD:WBB,2,2,20204,0,B,25,false
WDD:WBB,2,2,20204,1,B,28,false
WDD:WBB,2,2,20205,0,B,17,false
WDD:WBB,2,2,20205,1,B,20,false
WDD:WBB,2,2,20206,0,B,13,false
WDD:WBB,2,2,20206,1,B,20,false
WDD:WBB,2,2,20207,0,B,15,false
WDD:WBB,2,2,20207,1,B,22,false
WDD:WBB,2,2,20208,0,B,19,false
WDD:WBB,2,2,20208,1,B,20,false
WDD:WBB,2,2,20209,0,B,25,false
WDD:WBB,2,2,20209,1,B,32,false
WDD:WBB,2,2,20210,0,B,21,false
WDD:WBB,2,2,20210,1,B,14,false
WDD:WBB,2,2,20211,0,B,17,false
WDD:WBB,2,2,20211,1,B,14,false
WDD:WBB,2,2,20212,0,B,61,false
WDD:WBB,2,2,20212,1,draw,100,true
WDD:WBB,2,2,20213,0,B,20,false
WDD:WBB,2,2,20213,1,B,14,false
WDD:WBB,2,2,20214,0,B,29,false
WDD:WBB,2,2,20214,1,B,22,false
WDD:WBB,2,2,20215,0,B,19,false
WDD:WBB,2,2,20215,1,B,18,false
WDD:WBB,2,2,20216,0,B,23,false
WDD:WBB,2,2,20216,1,B,30,false
WDD:WBB,2,2,20217,0,B,21,false
WDD:WBB,2,2,20217,1,B,26,false
WDD:WBB,2,2,20218,0,B,21,false
WDD:WBB,2,2,20218,1,B,24,false
WDD:WBB,2,2,20219,0,B,25,false
WDD:WBB,2,2,20219,1,B,14,false
WDD:WBB,2,2,20220,0,B,21,false
WDD:WBB,2,2,20220,1,B,18,false
WDD:WBB,2,2,20221,0,B,21,false
WDD:WBB,2,2,20221,1,B,16,false
WDD:WBB,2,2,20222,0,B,21,false
WDD:WBB,2,2,20222,1,B,20,false
WDD:WBB,2,2,20223,0,B,15,false
WDD:WBB,2,2,20223,1,draw,100,true
WDD:WBB,2,2,20224,0,B,23,false
WDD:WBB,2,2,20224,1,B,16,false
WDD:WBB,2,2,20225,0,B,21,false
WDD:WBB,2,2,20225,1,B,30,false
WDD:WBB,2,2,20226,0,B,19,false
WDD:WBB,2,2,20226,1,B,22,false
WDD:WBB,2,2,20227,0,B,23,false
WDD:WBB,2,2,20227,1,B,22,false
WDD:WBB,2,2,20228,0,B,17,false
WDD:WBB,2,2,20228,1,B,20,false
WDD:WBB,2,2,20229,0,B,15,false
WDD:WBB,2,2,20229,1,B,12,false
WDD:WBB,2,2,20230,0,B,23,false
WDD:WBB,2,2,20230,1,B,18,false
WDD:WBB,2,2,20231,0,B,17,false
WDD:WBB,2,2,20231,1,B,17,false
WDD:WBB,2,2,20232,0,B,17,false
WDD:WBB,2,2,20232,1,B,20,false
WDD:WBB,2,2,20233,0,B,23,false
WDD:WBB,2,2,20233,1,B,24,false
WDD:WBB,2,2,20234,0,B,27,false
WDD:WBB,2,2,20234,1,B,19,false
WDD:WBB,2,2,20235,0,B,17,false
WDD:WBB,2,2,20235,1,B,20,false
WDD:WBB,2,2,20236,0,B,21,false
WDD:WBB,2,2,20236,1,B,16,false
WDD:WBB,2,2,20237,0,B,20,false
WDD:WBB,2,2,20237,1,B,22,false
WDD:WBB,2,2,20238,0,B,19,false
WDD:WBB,2,2,20238,1,B,23,false
WDD:WBB,2,2,20239,0,B,17,false
WDD:WBB,2,2,20239,1,B,18,false
WDD:WBB,2,2,20240,0,B,17,false
WDD:WBB,2,2,20240,1,B,14,false
WDD:WBB,2,2,20241,0,B,15,false
WDD:WBB,2,2,20241,1,B,16,false
WDD:WBB,2,2,20242,0,B,39,false
WDD:WBB,2,2,20242,1,B,26,false
WDD:WBB,2,2,20243,0,B,23,false
WDD:WBB,2,2,20243,1,B,19,false
WDD:WBB,2,2,20244,0,B,17,false
WDD:WBB,2,2,20244,1,B,14,false
WDD:WBB,2,2,20245,0,B,19,false
WDD:WBB,2,2,20245,1,B,16,false
WDD:WBB,2,2,20246,0,B,21,false
WDD:WBB,2,2,20246,1,B,20,false
WDD:WBB,2,2,20247,0,B,15,false
WDD:WBB,2,2,20247,1,B,26,false
WDD:WBB,2,2,20248,0,B,19,false
WDD:WBB,2,2,20248,1,B,18,false
WDD:WBB,2,2,20249,0,B,19,false
WDD:WBB,2,2,20249,1,B,22,false
WDD:WBB,2,3,30200,0,B,23,false
WDD:WBB,2,3,30200,1,B,22,false
WDD:WBB,2,3,30201,0,B,17,false
WDD:WBB,2,3,30201,1,B,28,false
WDD:WBB,2,3,30202,0,B,51,false
WDD:WBB,2,3,30202,1,B,21,false
WDD:WBB,2,3,30203,0,B,29,false
WDD:WBB,2,3,30203,1,B,18,false
WDD:WBB,2,3,30204,0,B,19,false
WDD:WBB,2,3,30204,1,B,20,false
WDD:WBB,2,3,30205,0,B,27,false
WDD:WBB,2,3,30205,1,B,22,false
WDD:WBB,2,3,30206,0,B,15,false
WDD:WBB,2,3,30206,1,B,48,false
WDD:WBB,2,3,30207,0,B,28,false
WDD:WBB,2,3,30207,1,B,46,false
WDD:WBB,2,3,30208,0,B,25,false
WDD:WBB,2,3,30208,1,B,18,false
WDD:WBB,2,3,30209,0,B,23,false
WDD:WBB,2,3,30209,1,B,19,false
WDD:WBB,2,3,30210,0,B,25,false
WDD:WBB,2,3,30210,1,B,36,false
WDD:WBB,2,3,30211,0,B,25,false
WDD:WBB,2,3,30211,1,B,24,false
WDD:WBB,2,3,30212,0,B,33,false
WDD:WBB,2,3,30212,1,B,19,false
WDD:WBB,2,3,30213,0,B,21,false
WDD:WBB,2,3,30213,1,B,21,false
WDD:WBB,2,3,30214,0,B,21,false
WDD:WBB,2,3,30214,1,B,26,false
WDD:WBB,2,3,30215,0,B,19,false
WDD:WBB,2,3,30215,1,B,28,false
WDD:WBB,2,3,30216,0,B,16,false
WDD:WBB,2,3,30216,1,B,25,false
WDD:WBB,2,3,30217,0,B,22,false
WDD:WBB,2,3,30217,1,B,22,false
WDD:WBB,2,3,30218,0,B,23,false
WDD:WBB,2,3,30218,1,B,22,false
WDD:WBB,2,3,30219,0,B,29,false
WDD:WBB,2,3,30219,1,B,24,false
WDD:WBB,2,3,30220,0,B,25,false
WDD:WBB,2,3,30220,1,B,32,false
WDD:WBB,2,3,30221,0,B,27,false
WDD:WBB,2,3,30221,1,B,28,false
WDD:WBB,2,3,30222,0,B,33,false
WDD:WBB,2,3,30222,1,B,24,false
WDD:WBB,2,3,30223,0,B,27,false
WDD:WBB,2,3,30223,1,B,28,false
WDD:WBB,2,3,30224,0,B,19,false
WDD:WBB,2,3,30224,1,B,24,false
WDD:WBB,2,3,30225,0,B,25,false
WDD:WBB,2,3,30225,1,B,18,false
WDD:WBB,2,3,30226,0,B,25,false
WDD:WBB,2,3,30226,1,B,26,false
WDD:WBB,2,3,30227,0,B,22,false
WDD:WBB,2,3,30227,1,B,30,false
WDD:WBB,2,3,30228,0,B,35,false
WDD:WBB,2,3,30228,1,B,57,false
WDD:WBB,2,3,30229,0,B,21,false
WDD:WBB,2,3,30229,1,B,24,false
WDD:WBB,2,3,30230,0,B,23,false
WDD:WBB,2,3,30230,1,B,24,false
WDD:WBB,2,3,30231,0,B,21,false
WDD:WBB,2,3,30231,1,B,48,false
WDD:WBB,2,3,30232,0,B,20,false
WDD:WBB,2,3,30232,1,B,34,false
WDD:WBB,2,3,30233,0,B,37,false
WDD:WBB,2,3,30233,1,B,14,false
WDD:WBB,2,3,30234,0,B,33,false
WDD:WBB,2,3,30234,1,B,17,false
WDD:WBB,2,3,30235,0,B,26,false
WDD:WBB,2,3,30235,1,B,18,false
WDD:WBB,2,3,30236,0,B,40,false
WDD:WBB,2,3,30236,1,B,42,false
WDD:WBB,2,3,30237,0,B,25,false
WDD:WBB,2,3,30237,1,B,22,false
WDD:WBB,2,3,30238,0,B,31,false
WDD:WBB,2,3,30238,1,draw,100,true
WDD:WBB,2,3,30239,0,B,19,false
WDD:WBB,2,3,30239,1,B,34,false
WDD:WBB,2,3,30240,0,B,17,false
WDD:WBB,2,3,30240,1,B,22,false
WDD:WBB,2,3,30241,0,B,19,false
WDD:WBB,2,3,30241,1,B,16,false
WDD:WBB,2,3,30242,0,B,53,false
WDD:WBB,2,3,30242,1,B,26,false
WDD:WBB,2,3,30243,0,B,29,false
WDD:WBB,2,3,30243,1,B,44,false
WDD:WBB,2,3,30244,0,B,35,false
WDD:WBB,2,3,30244,1,B,49,false
WDD:WBB,2,3,30245,0,B,25,false
WDD:WBB,2,3,30245,1,B,20,false
WDD:WBB,2,3,30246,0,B,18,false
WDD:WBB,2,3,30246,1,B,18,false
WDD:WBB,2,3,30247,0,B,35,false
WDD:WBB,2,3,30247,1,B,20,false
WDD:WBB,2,3,30248,0,B,37,false
WDD:WBB,2,3,30248,1,B,26,false
WDD:WBB,2,3,30249,0,B,37,false
WDD:WBB,2,3,30249,1,B,22,false
WDD:WBB,2,4,40200,0,B,29,false
WDD:WBB,2,4,40200,1,B,28,false
WDD:WBB,2,4,40201,0,B,27,false
WDD:WBB,2,4,40201,1,B,28,false
WDD:WBB,2,4,40202,0,B,23,false
WDD:WBB,2,4,40202,1,B,28,false
WDD:WBB,2,4,40203,0,B,31,false
WDD:WBB,2,4,40203,1,B,36,false
WDD:WBB,2,4,40204,0,B,21,false
WDD:WBB,2,4,40204,1,B,24,false
WDD:WBB,2,4,40205,0,B,25,false
WDD:WBB,2,4,40205,1,B,21,false
WDD:WBB,2,4,40206,0,B,25,false
WDD:WBB,2,4,40206,1,B,36,false
WDD:WBB,2,4,40207,0,B,19,false
WDD:WBB,2,4,40207,1,B,26,false
WDD:WBB,2,4,40208,0,B,27,false
WDD:WBB,2,4,40208,1,B,34,false
WDD:WBB,2,4,40209,0,B,29,false
WDD:WBB,2,4,40209,1,B,34,false
WDD:WBB,2,4,40210,0,B,27,false
WDD:WBB,2,4,40210,1,B,20,false
WDD:WBB,2,4,40211,0,B,19,false
WDD:WBB,2,4,40211,1,B,22,false
WDD:WBB,2,4,40212,0,B,33,false
WDD:WBB,2,4,40212,1,B,24,false
WDD:WBB,2,4,40213,0,B,21,false
WDD:WBB,2,4,40213,1,B,22,false
WDD:WBB,2,4,40214,0,B,27,false
WDD:WBB,2,4,40214,1,B,24,false
WDD:WBB,2,4,40215,0,B,29,false
WDD:WBB,2,4,40215,1,B,24,false
WDD:WBB,2,4,40216,0,B,23,false
WDD:WBB,2,4,40216,1,B,28,false
WDD:WBB,2,4,40217,0,B,25,false
WDD:WBB,2,4,40217,1,B,22,false
WDD:WBB,2,4,40218,0,B,31,false
WDD:WBB,2,4,40218,1,B,26,false
WDD:WBB,2,4,40219,0,B,26,false
WDD:WBB,2,4,40219,1,B,28,false
WDD:WBB,2,4,40220,0,B,31,false
WDD:WBB,2,4,40220,1,B,30,false
WDD:WBB,2,4,40221,0,B,23,false
WDD:WBB,2,4,40221,1,B,22,false
WDD:WBB,2,4,40222,0,B,17,false
WDD:WBB,2,4,40222,1,B,22,false
WDD:WBB,2,4,40223,0,B,21,false
WDD:WBB,2,4,40223,1,B,38,false
WDD:WBB,2,4,40224,0,B,21,false
WDD:WBB,2,4,40224,1,B,30,false
WDD:WBB,2,4,40225,0,B,25,false
WDD:WBB,2,4,40225,1,B,24,false
WDD:WBB,2,4,40226,0,B,19,false
WDD:WBB,2,4,40226,1,B,22,false
WDD:WBB,2,4,40227,0,B,21,false
WDD:WBB,2,4,40227,1,B,22,false
WDD:WBB,2,4,40228,0,B,39,false
WDD:WBB,2,4,40228,1,B,23,false
WDD:WBB,2,4,40229,0,B,25,false
WDD:WBB,2,4,40229,1,B,20,false
WDD:WBB,2,4,40230,0,B,31,false
WDD:WBB,2,4,40230,1,B,36,false
WDD:WBB,2,4,40231,0,B,19,false
WDD:WBB,2,4,40231,1,B,23,false
WDD:WBB,2,4,40232,0,B,33,false
WDD:WBB,2,4,40232,1,B,20,false
WDD:WBB,2,4,40233,0,B,25,false
WDD:WBB,2,4,40233,1,B,26,false
WDD:WBB,2,4,40234,0,draw,100,true
WDD:WBB,2,4,40234,1,B,28,false
WDD:WBB,2,4,40235,0,B,19,false
WDD:WBB,2,4,40235,1,B,42,false
WDD:WBB,2,4,40236,0,draw,100,true
WDD:WBB,2,4,40236,1,B,26,false
WDD:WBB,2,4,40237,0,draw,100,true
WDD:WBB,2,4,40237,1,B,37,false
WDD:WBB,2,4,40238,0,B,29,false
WDD:WBB,2,4,40238,1,draw,100,true
WDD:WBB,2,4,40239,0,B,17,false
WDD:WBB,2,4,40239,1,B,18,false
WDD:WBB,2,4,40240,0,B,21,false
WDD:WBB,2,4,40240,1,draw,100,true
WDD:WBB,2,4,40241,0,B,33,false
WDD:WBB,2,4,40241,1,B,20,false
WDD:WBB,2,4,40242,0,B,37,false
WDD:WBB,2,4,40242,1,B,26,false
WDD:WBB,2,4,40243,0,B,27,false
WDD:WBB,2,4,40243,1,B,21,false
WDD:WBB,2,4,40244,0,B,19,false
WDD:WBB,2,4,40244,1,B,30,false
WDD:WBB,2,4,40245,0,B,27,false
WDD:WBB,2,4,40245,1,B,26,false
WDD:WBB,2,4,40246,0,B,21,false
WDD:WBB,2,4,40246,1,B,31,false
WDD:WBB,2,4,40247,0,B,31,false
WDD:WBB,2,4,40247,1,B,40,false
WDD:WBB,2,4,40248,0,B,21,false
WDD:WBB,2,4,40248,1,B,28,false
WDD:WBB,2,4,40249,0,B,23,false
WDD:WBB,2,4,40249,1,B,28,false
WDD:WBB,2,5,50200,0,B,37,false
WDD:WBB,2,5,50200,1,B,26,false
WDD:WBB,2,5,50201,0,draw,100,true
WDD:WBB,2,5,50201,1,B,24,false
WDD:WBB,2,5,50202,0,draw,100,true
WDD:WBB,2,5,50202,1,B,24,false
WDD:WBB,2,5,50203,0,B,29,false
WDD:WBB,2,5,50203,1,draw,100,true
WDD:WBB,2,5,50204,0,B,39,false
WDD:WBB,2,5,50204,1,B,44,false
WDD:WBB,2,5,50205,0,B,27,false
WDD:WBB,2,5,50205,1,B,28,false
WDD:WBB,2,5,50206,0,B,35,false
WDD:WBB,2,5,50206,1,draw,100,true
WDD:WBB,2,5,50207,0,B,33,false
WDD:WBB,2,5,50207,1,B,48,false
WDD:WBB,2,5,50208,0,B,33,false
WDD:WBB,2,5,50208,1,B,24,false
WDD:WBB,2,5,50209,0,draw,100,true
WDD:WBB,2,5,50209,1,B,22,false
WDD:WBB,2,5,50210,0,B,25,false
WDD:WBB,2,5,50210,1,A,42,false
WDD:WBB,2,5,50211,0,B,41,false
WDD:WBB,2,5,50211,1,B,26,false
WDD:WBB,2,5,50212,0,draw,100,true
WDD:WBB,2,5,50212,1,B,30,false
WDD:WBB,2,5,50213,0,B,31,false
WDD:WBB,2,5,50213,1,B,22,false
WDD:WBB,2,5,50214,0,B,41,false
WDD:WBB,2,5,50214,1,B,36,false
WDD:WBB,2,5,50215,0,B,35,false
WDD:WBB,2,5,50215,1,B,32,false
WDD:WBB,2,5,50216,0,B,27,false
WDD:WBB,2,5,50216,1,B,30,false
WDD:WBB,2,5,50217,0,B,21,false
WDD:WBB,2,5,50217,1,B,28,false
WDD:WBB,2,5,50218,0,B,27,false
WDD:WBB,2,5,50218,1,B,30,false
WDD:WBB,2,5,50219,0,B,21,false
WDD:WBB,2,5,50219,1,B,22,false
WDD:WBB,2,5,50220,0,B,23,false
WDD:WBB,2,5,50220,1,B,22,false
WDD:WBB,2,5,50221,0,B,35,false
WDD:WBB,2,5,50221,1,B,28,false
WDD:WBB,2,5,50222,0,B,31,false
WDD:WBB,2,5,50222,1,B,40,false
WDD:WBB,2,5,50223,0,A,29,false
WDD:WBB,2,5,50223,1,B,26,false
WDD:WBB,2,5,50224,0,draw,100,true
WDD:WBB,2,5,50224,1,B,26,false
WDD:WBB,2,5,50225,0,B,25,false
WDD:WBB,2,5,50225,1,B,30,false
WDD:WBB,2,5,50226,0,B,17,false
WDD:WBB,2,5,50226,1,B,32,false
WDD:WBB,2,5,50227,0,B,19,false
WDD:WBB,2,5,50227,1,B,20,false
WDD:WBB,2,5,50228,0,B,27,false
WDD:WBB,2,5,50228,1,B,20,false
WDD:WBB,2,5,50229,0,B,27,false
WDD:WBB,2,5,50229,1,B,24,false
WDD:WBB,2,5,50230,0,B,29,false
WDD:WBB,2,5,50230,1,B,34,false
WDD:WBB,2,5,50231,0,draw,100,true
WDD:WBB,2,5,50231,1,B,26,false
WDD:WBB,2,5,50232,0,B,33,false
WDD:WBB,2,5,50232,1,B,26,false
WDD:WBB,2,5,50233,0,B,25,false
WDD:WBB,2,5,50233,1,B,30,false
WDD:WBB,2,5,50234,0,B,21,false
WDD:WBB,2,5,50234,1,B,26,false
WDD:WBB,2,5,50235,0,B,29,false
WDD:WBB,2,5,50235,1,B,32,false
WDD:WBB,2,5,50236,0,B,27,false
WDD:WBB,2,5,50236,1,B,28,false
WDD:WBB,2,5,50237,0,B,23,false
WDD:WBB,2,5,50237,1,B,28,false
WDD:WBB,2,5,50238,0,B,17,false
WDD:WBB,2,5,50238,1,B,20,false
WDD:WBB,2,5,50239,0,B,29,false
WDD:WBB,2,5,50239,1,B,20,false
WDD:WBB,2,5,50240,0,B,23,false
WDD:WBB,2,5,50240,1,A,22,false
WDD:WBB,2,5,50241,0,draw,100,true
WDD:WBB,2,5,50241,1,B,26,false
WDD:WBB,2,5,50242,0,B,29,false
WDD:WBB,2,5,50242,1,B,34,false
WDD:WBB,2,5,50243,0,B,25,false
WDD:WBB,2,5,50243,1,B,28,false
WDD:WBB,2,5,50244,0,B,19,false
WDD:WBB,2,5,50244,1,B,32,false
WDD:WBB,2,5,50245,0,B,21,false
WDD:WBB,2,5,50245,1,B,23,false
WDD:WBB,2,5,50246,0,B,21,false
WDD:WBB,2,5,50246,1,B,20,false
WDD:WBB,2,5,50247,0,B,31,false
WDD:WBB,2,5,50247,1,A,18,false
WDD:WBB,2,5,50248,0,draw,100,true
WDD:WBB,2,5,50248,1,B,22,false
WDD:WBB,2,5,50249,0,B,23,false
WDD:WBB,2,5,50249,1,B,21,false
WDD:WBB,2,6,60200,0,B,27,false
WDD:WBB,2,6,60200,1,A,32,false
WDD:WBB,2,6,60201,0,B,31,false
WDD:WBB,2,6,60201,1,B,26,false
WDD:WBB,2,6,60202,0,B,23,false
WDD:WBB,2,6,60202,1,A,26,false
WDD:WBB,2,6,60203,0,draw,100,true
WDD:WBB,2,6,60203,1,draw,100,true
WDD:WBB,2,6,60204,0,A,15,false
WDD:WBB,2,6,60204,1,A,22,false
WDD:WBB,2,6,60205,0,A,21,false
WDD:WBB,2,6,60205,1,B,34,false
WDD:WBB,2,6,60206,0,A,25,false
WDD:WBB,2,6,60206,1,A,30,false
WDD:WBB,2,6,60207,0,B,25,false
WDD:WBB,2,6,60207,1,draw,100,true
WDD:WBB,2,6,60208,0,B,25,false
WDD:WBB,2,6,60208,1,A,24,false
WDD:WBB,2,6,60209,0,A,23,false
WDD:WBB,2,6,60209,1,A,26,false
WDD:WBB,2,6,60210,0,A,29,false
WDD:WBB,2,6,60210,1,A,28,false
WDD:WBB,2,6,60211,0,A,33,false
WDD:WBB,2,6,60211,1,A,28,false
WDD:WBB,2,6,60212,0,A,23,false
WDD:WBB,2,6,60212,1,B,38,false
WDD:WBB,2,6,60213,0,A,19,false
WDD:WBB,2,6,60213,1,B,38,false
WDD:WBB,2,6,60214,0,A,25,false
WDD:WBB,2,6,60214,1,A,26,false
WDD:WBB,2,6,60215,0,B,27,false
WDD:WBB,2,6,60215,1,A,24,false
WDD:WBB,2,6,60216,0,A,23,false
WDD:WBB,2,6,60216,1,A,20,false
WDD:WBB,2,6,60217,0,A,29,false
WDD:WBB,2,6,60217,1,A,28,false
WDD:WBB,2,6,60218,0,A,23,false
WDD:WBB,2,6,60218,1,A,22,false
WDD:WBB,2,6,60219,0,A,21,false
WDD:WBB,2,6,60219,1,B,24,false
WDD:WBB,2,6,60220,0,B,27,false
WDD:WBB,2,6,60220,1,B,40,false
WDD:WBB,2,6,60221,0,A,23,false
WDD:WBB,2,6,60221,1,A,34,false
WDD:WBB,2,6,60222,0,A,27,false
WDD:WBB,2,6,60222,1,A,32,false
WDD:WBB,2,6,60223,0,B,35,false
WDD:WBB,2,6,60223,1,A,22,false
WDD:WBB,2,6,60224,0,draw,100,true
WDD:WBB,2,6,60224,1,A,30,false
WDD:WBB,2,6,60225,0,B,33,false
WDD:WBB,2,6,60225,1,A,28,false
WDD:WBB,2,6,60226,0,A,23,false
WDD:WBB,2,6,60226,1,A,30,false
WDD:WBB,2,6,60227,0,B,23,false
WDD:WBB,2,6,60227,1,A,20,false
WDD:WBB,2,6,60228,0,B,35,false
WDD:WBB,2,6,60228,1,A,22,false
WDD:WBB,2,6,60229,0,B,25,false
WDD:WBB,2,6,60229,1,B,28,false
WDD:WBB,2,6,60230,0,A,25,false
WDD:WBB,2,6,60230,1,A,28,false
WDD:WBB,2,6,60231,0,A,25,false
WDD:WBB,2,6,60231,1,draw,100,true
WDD:WBB,2,6,60232,0,B,25,false
WDD:WBB,2,6,60232,1,A,22,false
WDD:WBB,2,6,60233,0,draw,100,true
WDD:WBB,2,6,60233,1,B,32,false
WDD:WBB,2,6,60234,0,A,31,false
WDD:WBB,2,6,60234,1,A,32,false
WDD:WBB,2,6,60235,0,A,31,false
WDD:WBB,2,6,60235,1,A,28,false
WDD:WBB,2,6,60236,0,B,33,false
WDD:WBB,2,6,60236,1,draw,100,true
WDD:WBB,2,6,60237,0,B,19,false
WDD:WBB,2,6,60237,1,A,20,false
WDD:WBB,2,6,60238,0,B,33,false
WDD:WBB,2,6,60238,1,A,24,false
WDD:WBB,2,6,60239,0,B,23,false
WDD:WBB,2,6,60239,1,A,24,false
WDD:WBB,2,6,60240,0,A,35,false
WDD:WBB,2,6,60240,1,A,24,false
WDD:WBB,2,6,60241,0,B,33,false
WDD:WBB,2,6,60241,1,A,22,false
WDD:WBB,2,6,60242,0,draw,100,true
WDD:WBB,2,6,60242,1,A,30,false
WDD:WBB,2,6,60243,0,draw,100,true
WDD:WBB,2,6,60243,1,A,24,false
WDD:WBB,2,6,60244,0,A,21,false
WDD:WBB,2,6,60244,1,A,22,false
WDD:WBB,2,6,60245,0,B,35,false
WDD:WBB,2,6,60245,1,A,20,false
WDD:WBB,2,6,60246,0,A,25,false
WDD:WBB,2,6,60246,1,A,30,false
WDD:WBB,2,6,60247,0,A,21,false
WDD:WBB,2,6,60247,1,A,26,false
WDD:WBB,2,6,60248,0,B,25,false
WDD:WBB,2,6,60248,1,A,22,false
WDD:WBB,2,6,60249,0,A,21,false
WDD:WBB,2,6,60249,1,A,26,false
WDD:WBB,2,7,70200,0,A,25,false
WDD:WBB,2,7,70200,1,A,24,false
WDD:WBB,2,7,70201,0,A,17,false
WDD:WBB,2,7,70201,1,A,20,false
WDD:WBB,2,7,70202,0,A,23,false
WDD:WBB,2,7,70202,1,A,26,false
WDD:WBB,2,7,70203,0,A,25,false
WDD:WBB,2,7,70203,1,A,26,false
WDD:WBB,2,7,70204,0,A,33,false
WDD:WBB,2,7,70204,1,A,36,false
WDD:WBB,2,7,70205,0,A,23,false
WDD:WBB,2,7,70205,1,A,18,false
WDD:WBB,2,7,70206,0,A,43,false
WDD:WBB,2,7,70206,1,A,36,false
WDD:WBB,2,7,70207,0,A,27,false
WDD:WBB,2,7,70207,1,A,22,false
WDD:WBB,2,7,70208,0,A,19,false
WDD:WBB,2,7,70208,1,A,26,false
WDD:WBB,2,7,70209,0,A,25,false
WDD:WBB,2,7,70209,1,A,48,false
WDD:WBB,2,7,70210,0,A,19,false
WDD:WBB,2,7,70210,1,A,16,false
WDD:WBB,2,7,70211,0,A,23,false
WDD:WBB,2,7,70211,1,A,24,false
WDD:WBB,2,7,70212,0,B,39,false
WDD:WBB,2,7,70212,1,B,32,false
WDD:WBB,2,7,70213,0,A,23,false
WDD:WBB,2,7,70213,1,A,22,false
WDD:WBB,2,7,70214,0,A,27,false
WDD:WBB,2,7,70214,1,A,20,false
WDD:WBB,2,7,70215,0,A,23,false
WDD:WBB,2,7,70215,1,A,26,false
WDD:WBB,2,7,70216,0,A,33,false
WDD:WBB,2,7,70216,1,A,14,false
WDD:WBB,2,7,70217,0,A,23,false
WDD:WBB,2,7,70217,1,A,16,false
WDD:WBB,2,7,70218,0,A,21,false
WDD:WBB,2,7,70218,1,B,26,false
WDD:WBB,2,7,70219,0,A,23,false
WDD:WBB,2,7,70219,1,A,26,false
WDD:WBB,2,7,70220,0,A,19,false
WDD:WBB,2,7,70220,1,A,20,false
WDD:WBB,2,7,70221,0,A,17,false
WDD:WBB,2,7,70221,1,A,20,false
WDD:WBB,2,7,70222,0,B,34,false
WDD:WBB,2,7,70222,1,A,24,false
WDD:WBB,2,7,70223,0,A,35,false
WDD:WBB,2,7,70223,1,A,22,false
WDD:WBB,2,7,70224,0,A,13,false
WDD:WBB,2,7,70224,1,A,30,false
WDD:WBB,2,7,70225,0,A,23,false
WDD:WBB,2,7,70225,1,A,22,false
WDD:WBB,2,7,70226,0,A,17,false
WDD:WBB,2,7,70226,1,A,22,false
WDD:WBB,2,7,70227,0,A,23,false
WDD:WBB,2,7,70227,1,A,34,false
WDD:WBB,2,7,70228,0,A,23,false
WDD:WBB,2,7,70228,1,A,26,false
WDD:WBB,2,7,70229,0,A,25,false
WDD:WBB,2,7,70229,1,A,22,false
WDD:WBB,2,7,70230,0,A,21,false
WDD:WBB,2,7,70230,1,A,24,false
WDD:WBB,2,7,70231,0,A,21,false
WDD:WBB,2,7,70231,1,A,24,false
WDD:WBB,2,7,70232,0,A,19,false
WDD:WBB,2,7,70232,1,A,24,false
WDD:WBB,2,7,70233,0,A,21,false
WDD:WBB,2,7,70233,1,A,20,false
WDD:WBB,2,7,70234,0,A,21,false
WDD:WBB,2,7,70234,1,A,20,false
WDD:WBB,2,7,70235,0,A,27,false
WDD:WBB,2,7,70235,1,A,44,false
WDD:WBB,2,7,70236,0,A,19,false
WDD:WBB,2,7,70236,1,A,26,false
WDD:WBB,2,7,70237,0,A,19,false
WDD:WBB,2,7,70237,1,A,26,false
WDD:WBB,2,7,70238,0,A,23,false
WDD:WBB,2,7,70238,1,A,24,false
WDD:WBB,2,7,70239,0,A,19,false
WDD:WBB,2,7,70239,1,A,22,false
WDD:WBB,2,7,70240,0,A,19,false
WDD:WBB,2,7,70240,1,A,26,false
WDD:WBB,2,7,70241,0,A,21,false
WDD:WBB,2,7,70241,1,A,24,false
WDD:WBB,2,7,70242,0,B,29,false
WDD:WBB,2,7,70242,1,A,24,false
WDD:WBB,2,7,70243,0,A,33,false
WDD:WBB,2,7,70243,1,A,28,false
WDD:WBB,2,7,70244,0,A,17,false
WDD:WBB,2,7,70244,1,A,18,false
WDD:WBB,2,7,70245,0,A,29,false
WDD:WBB,2,7,70245,1,A,20,false
WDD:WBB,2,7,70246,0,A,33,false
WDD:WBB,2,7,70246,1,A,38,false
WDD:WBB,2,7,70247,0,A,25,false
WDD:WBB,2,7,70247,1,A,20,false
WDD:WBB,2,7,70248,0,A,19,false
WDD:WBB,2,7,70248,1,B,32,false
WDD:WBB,2,7,70249,0,A,21,false
WDD:WBB,2,7,70249,1,A,18,false
WDD:WBB,2,8,80200,0,A,21,false
WDD:WBB,2,8,80200,1,A,22,false
WDD:WBB,2,8,80201,0,A,19,false
WDD:WBB,2,8,80201,1,A,18,false
WDD:WBB,2,8,80202,0,A,21,false
WDD:WBB,2,8,80202,1,A,20,false
WDD:WBB,2,8,80203,0,A,19,false
WDD:WBB,2,8,80203,1,A,20,false
WDD:WBB,2,8,80204,0,A,19,false
WDD:WBB,2,8,80204,1,A,18,false
WDD:WBB,2,8,80205,0,A,21,false
WDD:WBB,2,8,80205,1,A,20,false
WDD:WBB,2,8,80206,0,A,23,false
WDD:WBB,2,8,80206,1,A,24,false
WDD:WBB,2,8,80207,0,A,19,false
WDD:WBB,2,8,80207,1,A,20,false
WDD:WBB,2,8,80208,0,A,19,false
WDD:WBB,2,8,80208,1,A,18,false
WDD:WBB,2,8,80209,0,A,19,false
WDD:WBB,2,8,80209,1,A,18,false
WDD:WBB,2,8,80210,0,A,21,false
WDD:WBB,2,8,80210,1,A,22,false
WDD:WBB,2,8,80211,0,A,33,false
WDD:WBB,2,8,80211,1,A,32,false
WDD:WBB,2,8,80212,0,A,19,false
WDD:WBB,2,8,80212,1,A,18,false
WDD:WBB,2,8,80213,0,A,21,false
WDD:WBB,2,8,80213,1,A,22,false
WDD:WBB,2,8,80214,0,A,31,false
WDD:WBB,2,8,80214,1,A,20,false
WDD:WBB,2,8,80215,0,A,15,false
WDD:WBB,2,8,80215,1,A,20,false
WDD:WBB,2,8,80216,0,A,31,false
WDD:WBB,2,8,80216,1,A,26,false
WDD:WBB,2,8,80217,0,A,25,false
WDD:WBB,2,8,80217,1,A,30,false
WDD:WBB,2,8,80218,0,A,19,false
WDD:WBB,2,8,80218,1,A,20,false
WDD:WBB,2,8,80219,0,A,19,false
WDD:WBB,2,8,80219,1,A,22,false
WDD:WBB,2,8,80220,0,A,29,false
WDD:WBB,2,8,80220,1,A,28,false
WDD:WBB,2,8,80221,0,A,19,false
WDD:WBB,2,8,80221,1,A,14,false
WDD:WBB,2,8,80222,0,A,23,false
WDD:WBB,2,8,80222,1,A,26,false
WDD:WBB,2,8,80223,0,B,26,false
WDD:WBB,2,8,80223,1,A,22,false
WDD:WBB,2,8,80224,0,A,21,false
WDD:WBB,2,8,80224,1,A,16,false
WDD:WBB,2,8,80225,0,A,19,false
WDD:WBB,2,8,80225,1,A,20,false
WDD:WBB,2,8,80226,0,A,23,false
WDD:WBB,2,8,80226,1,A,24,false
WDD:WBB,2,8,80227,0,A,21,false
WDD:WBB,2,8,80227,1,A,20,false
WDD:WBB,2,8,80228,0,A,23,false
WDD:WBB,2,8,80228,1,A,20,false
WDD:WBB,2,8,80229,0,A,27,false
WDD:WBB,2,8,80229,1,A,20,false
WDD:WBB,2,8,80230,0,A,21,false
WDD:WBB,2,8,80230,1,A,20,false
WDD:WBB,2,8,80231,0,A,17,false
WDD:WBB,2,8,80231,1,A,18,false
WDD:WBB,2,8,80232,0,A,23,false
WDD:WBB,2,8,80232,1,A,20,false
WDD:WBB,2,8,80233,0,A,21,false
WDD:WBB,2,8,80233,1,A,22,false
WDD:WBB,2,8,80234,0,A,21,false
WDD:WBB,2,8,80234,1,A,36,false
WDD:WBB,2,8,80235,0,A,19,false
WDD:WBB,2,8,80235,1,A,16,false
WDD:WBB,2,8,80236,0,A,29,false
WDD:WBB,2,8,80236,1,A,22,false
WDD:WBB,2,8,80237,0,A,23,false
WDD:WBB,2,8,80237,1,A,22,false
WDD:WBB,2,8,80238,0,A,21,false
WDD:WBB,2,8,80238,1,A,18,false
WDD:WBB,2,8,80239,0,A,21,false
WDD:WBB,2,8,80239,1,A,24,false
WDD:WBB,2,8,80240,0,A,21,false
WDD:WBB,2,8,80240,1,A,16,false
WDD:WBB,2,8,80241,0,A,17,false
WDD:WBB,2,8,80241,1,A,22,false
WDD:WBB,2,8,80242,0,A,21,false
WDD:WBB,2,8,80242,1,A,26,false
WDD:WBB,2,8,80243,0,A,21,false
WDD:WBB,2,8,80243,1,A,18,false
WDD:WBB,2,8,80244,0,A,23,false
WDD:WBB,2,8,80244,1,A,20,false
WDD:WBB,2,8,80245,0,A,23,false
WDD:WBB,2,8,80245,1,A,22,false
WDD:WBB,2,8,80246,0,A,17,false
WDD:WBB,2,8,80246,1,A,22,false
WDD:WBB,2,8,80247,0,A,19,false
WDD:WBB,2,8,80247,1,A,22,false
WDD:WBB,2,8,80248,0,A,21,false
WDD:WBB,2,8,80248,1,A,22,false
WDD:WBB,2,8,80249,0,A,21,false
WDD:WBB,2,8,80249,1,A,22,false
WDD:WBB,3,1,10300,0,B,15,false
WDD:WBB,3,1,10300,1,B,20,false
WDD:WBB,3,1,10301,0,B,15,false
WDD:WBB,3,1,10301,1,B,18,false
WDD:WBB,3,1,10302,0,B,10,false
WDD:WBB,3,1,10302,1,B,22,false
WDD:WBB,3,1,10303,0,B,20,false
WDD:WBB,3,1,10303,1,B,14,false
WDD:WBB,3,1,10304,0,B,17,false
WDD:WBB,3,1,10304,1,B,18,false
WDD:WBB,3,1,10305,0,B,31,false
WDD:WBB,3,1,10305,1,B,16,false
WDD:WBB,3,1,10306,0,B,23,false
WDD:WBB,3,1,10306,1,B,20,false
WDD:WBB,3,1,10307,0,B,27,false
WDD:WBB,3,1,10307,1,B,24,false
WDD:WBB,3,1,10308,0,B,19,false
WDD:WBB,3,1,10308,1,B,32,false
WDD:WBB,3,1,10309,0,B,17,false
WDD:WBB,3,1,10309,1,B,20,false
WDD:WBB,3,1,10310,0,B,17,false
WDD:WBB,3,1,10310,1,B,18,false
WDD:WBB,3,1,10311,0,B,12,false
WDD:WBB,3,1,10311,1,B,18,false
WDD:WBB,3,1,10312,0,B,15,false
WDD:WBB,3,1,10312,1,B,13,false
WDD:WBB,3,1,10313,0,B,17,false
WDD:WBB,3,1,10313,1,B,18,false
WDD:WBB,3,1,10314,0,B,23,false
WDD:WBB,3,1,10314,1,B,18,false
WDD:WBB,3,1,10315,0,B,14,false
WDD:WBB,3,1,10315,1,B,13,false
WDD:WBB,3,1,10316,0,B,16,false
WDD:WBB,3,1,10316,1,B,20,false
WDD:WBB,3,1,10317,0,B,29,false
WDD:WBB,3,1,10317,1,B,20,false
WDD:WBB,3,1,10318,0,B,17,false
WDD:WBB,3,1,10318,1,B,10,false
WDD:WBB,3,1,10319,0,B,18,false
WDD:WBB,3,1,10319,1,B,18,false
WDD:WBB,3,1,10320,0,B,18,false
WDD:WBB,3,1,10320,1,B,12,false
WDD:WBB,3,1,10321,0,B,21,false
WDD:WBB,3,1,10321,1,B,19,false
WDD:WBB,3,1,10322,0,B,10,false
WDD:WBB,3,1,10322,1,B,14,false
WDD:WBB,3,1,10323,0,B,17,false
WDD:WBB,3,1,10323,1,B,22,false
WDD:WBB,3,1,10324,0,B,22,false
WDD:WBB,3,1,10324,1,B,20,false
WDD:WBB,3,1,10325,0,B,13,false
WDD:WBB,3,1,10325,1,B,16,false
WDD:WBB,3,1,10326,0,B,12,false
WDD:WBB,3,1,10326,1,B,16,false
WDD:WBB,3,1,10327,0,B,21,false
WDD:WBB,3,1,10327,1,B,12,false
WDD:WBB,3,1,10328,0,B,17,false
WDD:WBB,3,1,10328,1,B,16,false
WDD:WBB,3,1,10329,0,B,31,false
WDD:WBB,3,1,10329,1,B,24,false
WDD:WBB,3,1,10330,0,B,23,false
WDD:WBB,3,1,10330,1,B,46,false
WDD:WBB,3,1,10331,0,B,17,false
WDD:WBB,3,1,10331,1,B,20,false
WDD:WBB,3,1,10332,0,B,17,false
WDD:WBB,3,1,10332,1,B,17,false
WDD:WBB,3,1,10333,0,B,17,false
WDD:WBB,3,1,10333,1,B,16,false
WDD:WBB,3,1,10334,0,B,13,false
WDD:WBB,3,1,10334,1,B,16,false
WDD:WBB,3,1,10335,0,B,25,false
WDD:WBB,3,1,10335,1,B,16,false
WDD:WBB,3,1,10336,0,B,19,false
WDD:WBB,3,1,10336,1,B,16,false
WDD:WBB,3,1,10337,0,B,17,false
WDD:WBB,3,1,10337,1,B,11,false
WDD:WBB,3,1,10338,0,B,23,false
WDD:WBB,3,1,10338,1,B,18,false
WDD:WBB,3,1,10339,0,B,17,false
WDD:WBB,3,1,10339,1,B,14,false
WDD:WBB,3,1,10340,0,B,16,false
WDD:WBB,3,1,10340,1,B,14,false
WDD:WBB,3,1,10341,0,B,23,false
WDD:WBB,3,1,10341,1,B,22,false
WDD:WBB,3,1,10342,0,B,21,false
WDD:WBB,3,1,10342,1,B,22,false
WDD:WBB,3,1,10343,0,B,19,false
WDD:WBB,3,1,10343,1,B,18,false
WDD:WBB,3,1,10344,0,B,17,false
WDD:WBB,3,1,10344,1,B,22,false
WDD:WBB,3,1,10345,0,B,17,false
WDD:WBB,3,1,10345,1,B,56,false
WDD:WBB,3,1,10346,0,B,15,false
WDD:WBB,3,1,10346,1,B,18,false
WDD:WBB,3,1,10347,0,B,27,false
WDD:WBB,3,1,10347,1,B,16,false
WDD:WBB,3,1,10348,0,B,23,false
WDD:WBB,3,1,10348,1,B,18,false
WDD:WBB,3,1,10349,0,B,19,false
WDD:WBB,3,1,10349,1,B,13,false
WDD:WBB,3,2,20300,0,B,16,false
WDD:WBB,3,2,20300,1,B,18,false
WDD:WBB,3,2,20301,0,B,19,false
WDD:WBB,3,2,20301,1,B,16,false
WDD:WBB,3,2,20302,0,B,15,false
WDD:WBB,3,2,20302,1,B,14,false
WDD:WBB,3,2,20303,0,B,21,false
WDD:WBB,3,2,20303,1,B,22,false
WDD:WBB,3,2,20304,0,B,27,false
WDD:WBB,3,2,20304,1,B,20,false
WDD:WBB,3,2,20305,0,B,25,false
WDD:WBB,3,2,20305,1,B,17,false
WDD:WBB,3,2,20306,0,B,21,false
WDD:WBB,3,2,20306,1,B,18,false
WDD:WBB,3,2,20307,0,B,13,false
WDD:WBB,3,2,20307,1,B,18,false
WDD:WBB,3,2,20308,0,B,19,false
WDD:WBB,3,2,20308,1,B,21,false
WDD:WBB,3,2,20309,0,B,19,false
WDD:WBB,3,2,20309,1,B,20,false
WDD:WBB,3,2,20310,0,B,23,false
WDD:WBB,3,2,20310,1,B,16,false
WDD:WBB,3,2,20311,0,B,19,false
WDD:WBB,3,2,20311,1,B,16,false
WDD:WBB,3,2,20312,0,B,25,false
WDD:WBB,3,2,20312,1,B,24,false
WDD:WBB,3,2,20313,0,B,25,false
WDD:WBB,3,2,20313,1,B,18,false
WDD:WBB,3,2,20314,0,B,15,false
WDD:WBB,3,2,20314,1,B,22,false
WDD:WBB,3,2,20315,0,B,17,false
WDD:WBB,3,2,20315,1,B,16,false
WDD:WBB,3,2,20316,0,B,25,false
WDD:WBB,3,2,20316,1,B,20,false
WDD:WBB,3,2,20317,0,B,22,false
WDD:WBB,3,2,20317,1,B,18,false
WDD:WBB,3,2,20318,0,B,33,false
WDD:WBB,3,2,20318,1,draw,100,true
WDD:WBB,3,2,20319,0,B,23,false
WDD:WBB,3,2,20319,1,B,22,false
WDD:WBB,3,2,20320,0,B,19,false
WDD:WBB,3,2,20320,1,B,28,false
WDD:WBB,3,2,20321,0,B,23,false
WDD:WBB,3,2,20321,1,B,16,false
WDD:WBB,3,2,20322,0,B,27,false
WDD:WBB,3,2,20322,1,B,20,false
WDD:WBB,3,2,20323,0,B,13,false
WDD:WBB,3,2,20323,1,B,16,false
WDD:WBB,3,2,20324,0,B,13,false
WDD:WBB,3,2,20324,1,B,16,false
WDD:WBB,3,2,20325,0,B,16,false
WDD:WBB,3,2,20325,1,B,12,false
WDD:WBB,3,2,20326,0,B,19,false
WDD:WBB,3,2,20326,1,B,18,false
WDD:WBB,3,2,20327,0,B,19,false
WDD:WBB,3,2,20327,1,B,22,false
WDD:WBB,3,2,20328,0,B,23,false
WDD:WBB,3,2,20328,1,B,18,false
WDD:WBB,3,2,20329,0,B,14,false
WDD:WBB,3,2,20329,1,B,19,false
WDD:WBB,3,2,20330,0,B,17,false
WDD:WBB,3,2,20330,1,B,22,false
WDD:WBB,3,2,20331,0,B,14,false
WDD:WBB,3,2,20331,1,B,16,false
WDD:WBB,3,2,20332,0,B,21,false
WDD:WBB,3,2,20332,1,B,18,false
WDD:WBB,3,2,20333,0,B,31,false
WDD:WBB,3,2,20333,1,B,26,false
WDD:WBB,3,2,20334,0,B,23,false
WDD:WBB,3,2,20334,1,B,18,false
WDD:WBB,3,2,20335,0,B,15,false
WDD:WBB,3,2,20335,1,B,22,false
WDD:WBB,3,2,20336,0,B,15,false
WDD:WBB,3,2,20336,1,B,20,false
WDD:WBB,3,2,20337,0,B,31,false
WDD:WBB,3,2,20337,1,B,29,false
WDD:WBB,3,2,20338,0,B,19,false
WDD:WBB,3,2,20338,1,B,18,false
WDD:WBB,3,2,20339,0,B,17,false
WDD:WBB,3,2,20339,1,B,32,false
WDD:WBB,3,2,20340,0,B,13,false
WDD:WBB,3,2,20340,1,B,14,false
WDD:WBB,3,2,20341,0,B,13,false
WDD:WBB,3,2,20341,1,B,16,false
WDD:WBB,3,2,20342,0,B,15,false
WDD:WBB,3,2,20342,1,B,23,false
WDD:WBB,3,2,20343,0,B,23,false
WDD:WBB,3,2,20343,1,B,16,false
WDD:WBB,3,2,20344,0,B,25,false
WDD:WBB,3,2,20344,1,B,26,false
WDD:WBB,3,2,20345,0,B,17,false
WDD:WBB,3,2,20345,1,B,20,false
WDD:WBB,3,2,20346,0,B,17,false
WDD:WBB,3,2,20346,1,B,26,false
WDD:WBB,3,2,20347,0,B,15,false
WDD:WBB,3,2,20347,1,B,18,false
WDD:WBB,3,2,20348,0,B,15,false
WDD:WBB,3,2,20348,1,B,18,false
WDD:WBB,3,2,20349,0,B,17,false
WDD:WBB,3,2,20349,1,B,20,false
WDD:WBB,3,3,30300,0,B,29,false
WDD:WBB,3,3,30300,1,B,68,false
WDD:WBB,3,3,30301,0,B,19,false
WDD:WBB,3,3,30301,1,B,18,false
WDD:WBB,3,3,30302,0,B,17,false
WDD:WBB,3,3,30302,1,B,18,false
WDD:WBB,3,3,30303,0,B,22,false
WDD:WBB,3,3,30303,1,B,22,false
WDD:WBB,3,3,30304,0,B,17,false
WDD:WBB,3,3,30304,1,B,18,false
WDD:WBB,3,3,30305,0,B,21,false
WDD:WBB,3,3,30305,1,B,16,false
WDD:WBB,3,3,30306,0,B,25,false
WDD:WBB,3,3,30306,1,B,16,false
WDD:WBB,3,3,30307,0,B,25,false
WDD:WBB,3,3,30307,1,B,24,false
WDD:WBB,3,3,30308,0,B,31,false
WDD:WBB,3,3,30308,1,B,28,false
WDD:WBB,3,3,30309,0,B,29,false
WDD:WBB,3,3,30309,1,B,18,false
WDD:WBB,3,3,30310,0,B,33,false
WDD:WBB,3,3,30310,1,B,22,false
WDD:WBB,3,3,30311,0,B,19,false
WDD:WBB,3,3,30311,1,B,20,false
WDD:WBB,3,3,30312,0,B,21,false
WDD:WBB,3,3,30312,1,B,16,false
WDD:WBB,3,3,30313,0,B,33,false
WDD:WBB,3,3,30313,1,B,30,false
WDD:WBB,3,3,30314,0,B,21,false
WDD:WBB,3,3,30314,1,B,19,false
WDD:WBB,3,3,30315,0,B,27,false
WDD:WBB,3,3,30315,1,B,20,false
WDD:WBB,3,3,30316,0,draw,100,true
WDD:WBB,3,3,30316,1,B,21,false
WDD:WBB,3,3,30317,0,B,21,false
WDD:WBB,3,3,30317,1,B,26,false
WDD:WBB,3,3,30318,0,B,17,false
WDD:WBB,3,3,30318,1,B,18,false
WDD:WBB,3,3,30319,0,B,19,false
WDD:WBB,3,3,30319,1,B,20,false
WDD:WBB,3,3,30320,0,B,27,false
WDD:WBB,3,3,30320,1,B,26,false
WDD:WBB,3,3,30321,0,B,17,false
WDD:WBB,3,3,30321,1,B,20,false
WDD:WBB,3,3,30322,0,B,21,false
WDD:WBB,3,3,30322,1,B,33,false
WDD:WBB,3,3,30323,0,B,21,false
WDD:WBB,3,3,30323,1,B,23,false
WDD:WBB,3,3,30324,0,B,21,false
WDD:WBB,3,3,30324,1,B,18,false
WDD:WBB,3,3,30325,0,B,31,false
WDD:WBB,3,3,30325,1,B,20,false
WDD:WBB,3,3,30326,0,B,19,false
WDD:WBB,3,3,30326,1,B,22,false
WDD:WBB,3,3,30327,0,B,23,false
WDD:WBB,3,3,30327,1,B,22,false
WDD:WBB,3,3,30328,0,B,23,false
WDD:WBB,3,3,30328,1,B,50,false
WDD:WBB,3,3,30329,0,B,23,false
WDD:WBB,3,3,30329,1,B,20,false
WDD:WBB,3,3,30330,0,B,21,false
WDD:WBB,3,3,30330,1,B,22,false
WDD:WBB,3,3,30331,0,B,24,false
WDD:WBB,3,3,30331,1,B,19,false
WDD:WBB,3,3,30332,0,B,36,false
WDD:WBB,3,3,30332,1,B,19,false
WDD:WBB,3,3,30333,0,B,21,false
WDD:WBB,3,3,30333,1,B,20,false
WDD:WBB,3,3,30334,0,B,23,false
WDD:WBB,3,3,30334,1,B,28,false
WDD:WBB,3,3,30335,0,B,31,false
WDD:WBB,3,3,30335,1,B,22,false
WDD:WBB,3,3,30336,0,B,24,false
WDD:WBB,3,3,30336,1,B,20,false
WDD:WBB,3,3,30337,0,B,24,false
WDD:WBB,3,3,30337,1,B,16,false
WDD:WBB,3,3,30338,0,B,21,false
WDD:WBB,3,3,30338,1,B,20,false
WDD:WBB,3,3,30339,0,B,25,false
WDD:WBB,3,3,30339,1,B,20,false
WDD:WBB,3,3,30340,0,B,21,false
WDD:WBB,3,3,30340,1,B,23,false
WDD:WBB,3,3,30341,0,B,29,false
WDD:WBB,3,3,30341,1,B,20,false
WDD:WBB,3,3,30342,0,B,21,false
WDD:WBB,3,3,30342,1,B,30,false
WDD:WBB,3,3,30343,0,B,17,false
WDD:WBB,3,3,30343,1,B,29,false
WDD:WBB,3,3,30344,0,B,35,false
WDD:WBB,3,3,30344,1,B,36,false
WDD:WBB,3,3,30345,0,B,27,false
WDD:WBB,3,3,30345,1,B,20,false
WDD:WBB,3,3,30346,0,B,39,false
WDD:WBB,3,3,30346,1,B,26,false
WDD:WBB,3,3,30347,0,B,23,false
WDD:WBB,3,3,30347,1,B,34,false
WDD:WBB,3,3,30348,0,B,27,false
WDD:WBB,3,3,30348,1,B,30,false
WDD:WBB,3,3,30349,0,B,16,false
WDD:WBB,3,3,30349,1,B,26,false
WDD:WBB,3,4,40300,0,B,23,false
WDD:WBB,3,4,40300,1,B,30,false
WDD:WBB,3,4,40301,0,B,21,false
WDD:WBB,3,4,40301,1,draw,100,true
WDD:WBB,3,4,40302,0,B,27,false
WDD:WBB,3,4,40302,1,B,24,false
WDD:WBB,3,4,40303,0,B,24,false
WDD:WBB,3,4,40303,1,B,24,false
WDD:WBB,3,4,40304,0,B,24,false
WDD:WBB,3,4,40304,1,B,19,false
WDD:WBB,3,4,40305,0,B,21,false
WDD:WBB,3,4,40305,1,B,22,false
WDD:WBB,3,4,40306,0,B,26,false
WDD:WBB,3,4,40306,1,B,22,false
WDD:WBB,3,4,40307,0,B,29,false
WDD:WBB,3,4,40307,1,B,22,false
WDD:WBB,3,4,40308,0,B,19,false
WDD:WBB,3,4,40308,1,B,18,false
WDD:WBB,3,4,40309,0,B,41,false
WDD:WBB,3,4,40309,1,B,38,false
WDD:WBB,3,4,40310,0,B,21,false
WDD:WBB,3,4,40310,1,B,24,false
WDD:WBB,3,4,40311,0,B,23,false
WDD:WBB,3,4,40311,1,B,26,false
WDD:WBB,3,4,40312,0,B,25,false
WDD:WBB,3,4,40312,1,B,22,false
WDD:WBB,3,4,40313,0,B,23,false
WDD:WBB,3,4,40313,1,B,21,false
WDD:WBB,3,4,40314,0,B,25,false
WDD:WBB,3,4,40314,1,B,22,false
WDD:WBB,3,4,40315,0,B,27,false
WDD:WBB,3,4,40315,1,B,30,false
WDD:WBB,3,4,40316,0,B,29,false
WDD:WBB,3,4,40316,1,B,20,false
WDD:WBB,3,4,40317,0,B,23,false
WDD:WBB,3,4,40317,1,B,26,false
WDD:WBB,3,4,40318,0,B,19,false
WDD:WBB,3,4,40318,1,B,22,false
WDD:WBB,3,4,40319,0,B,17,false
WDD:WBB,3,4,40319,1,B,22,false
WDD:WBB,3,4,40320,0,B,21,false
WDD:WBB,3,4,40320,1,B,22,false
WDD:WBB,3,4,40321,0,B,21,false
WDD:WBB,3,4,40321,1,B,30,false
WDD:WBB,3,4,40322,0,B,24,false
WDD:WBB,3,4,40322,1,B,21,false
WDD:WBB,3,4,40323,0,B,23,false
WDD:WBB,3,4,40323,1,B,20,false
WDD:WBB,3,4,40324,0,B,22,false
WDD:WBB,3,4,40324,1,B,30,false
WDD:WBB,3,4,40325,0,B,37,false
WDD:WBB,3,4,40325,1,B,22,false
WDD:WBB,3,4,40326,0,B,14,false
WDD:WBB,3,4,40326,1,draw,100,true
WDD:WBB,3,4,40327,0,B,20,false
WDD:WBB,3,4,40327,1,B,26,false
WDD:WBB,3,4,40328,0,B,26,false
WDD:WBB,3,4,40328,1,B,34,false
WDD:WBB,3,4,40329,0,B,25,false
WDD:WBB,3,4,40329,1,B,24,false
WDD:WBB,3,4,40330,0,B,19,false
WDD:WBB,3,4,40330,1,B,22,false
WDD:WBB,3,4,40331,0,B,19,false
WDD:WBB,3,4,40331,1,B,34,false
WDD:WBB,3,4,40332,0,B,26,false
WDD:WBB,3,4,40332,1,B,30,false
WDD:WBB,3,4,40333,0,draw,100,true
WDD:WBB,3,4,40333,1,draw,100,true
WDD:WBB,3,4,40334,0,B,23,false
WDD:WBB,3,4,40334,1,B,22,false
WDD:WBB,3,4,40335,0,B,21,false
WDD:WBB,3,4,40335,1,B,26,false
WDD:WBB,3,4,40336,0,B,23,false
WDD:WBB,3,4,40336,1,B,28,false
WDD:WBB,3,4,40337,0,B,25,false
WDD:WBB,3,4,40337,1,B,26,false
WDD:WBB,3,4,40338,0,B,25,false
WDD:WBB,3,4,40338,1,B,20,false
WDD:WBB,3,4,40339,0,B,22,false
WDD:WBB,3,4,40339,1,B,24,false
WDD:WBB,3,4,40340,0,B,27,false
WDD:WBB,3,4,40340,1,B,28,false
WDD:WBB,3,4,40341,0,B,19,false
WDD:WBB,3,4,40341,1,B,22,false
WDD:WBB,3,4,40342,0,B,18,false
WDD:WBB,3,4,40342,1,B,27,false
WDD:WBB,3,4,40343,0,B,17,false
WDD:WBB,3,4,40343,1,B,22,false
WDD:WBB,3,4,40344,0,B,25,false
WDD:WBB,3,4,40344,1,B,25,false
WDD:WBB,3,4,40345,0,B,21,false
WDD:WBB,3,4,40345,1,B,46,false
WDD:WBB,3,4,40346,0,B,33,false
WDD:WBB,3,4,40346,1,B,22,false
WDD:WBB,3,4,40347,0,B,25,false
WDD:WBB,3,4,40347,1,B,34,false
WDD:WBB,3,4,40348,0,draw,100,true
WDD:WBB,3,4,40348,1,draw,100,true
WDD:WBB,3,4,40349,0,B,27,false
WDD:WBB,3,4,40349,1,B,17,false
WDD:WBB,3,5,50300,0,B,25,false
WDD:WBB,3,5,50300,1,B,22,false
WDD:WBB,3,5,50301,0,B,29,false
WDD:WBB,3,5,50301,1,B,26,false
WDD:WBB,3,5,50302,0,B,25,false
WDD:WBB,3,5,50302,1,B,24,false
WDD:WBB,3,5,50303,0,B,27,false
WDD:WBB,3,5,50303,1,B,28,false
WDD:WBB,3,5,50304,0,B,19,false
WDD:WBB,3,5,50304,1,B,28,false
WDD:WBB,3,5,50305,0,B,43,false
WDD:WBB,3,5,50305,1,B,34,false
WDD:WBB,3,5,50306,0,B,25,false
WDD:WBB,3,5,50306,1,B,25,false
WDD:WBB,3,5,50307,0,B,21,false
WDD:WBB,3,5,50307,1,B,40,false
WDD:WBB,3,5,50308,0,B,18,false
WDD:WBB,3,5,50308,1,B,20,false
WDD:WBB,3,5,50309,0,B,29,false
WDD:WBB,3,5,50309,1,B,50,false
WDD:WBB,3,5,50310,0,B,24,false
WDD:WBB,3,5,50310,1,B,22,false
WDD:WBB,3,5,50311,0,B,26,false
WDD:WBB,3,5,50311,1,B,34,false
WDD:WBB,3,5,50312,0,B,23,false
WDD:WBB,3,5,50312,1,B,20,false
WDD:WBB,3,5,50313,0,B,21,false
WDD:WBB,3,5,50313,1,B,26,false
WDD:WBB,3,5,50314,0,B,25,false
WDD:WBB,3,5,50314,1,B,24,false
WDD:WBB,3,5,50315,0,B,21,false
WDD:WBB,3,5,50315,1,B,29,false
WDD:WBB,3,5,50316,0,B,25,false
WDD:WBB,3,5,50316,1,B,30,false
WDD:WBB,3,5,50317,0,B,23,false
WDD:WBB,3,5,50317,1,B,24,false
WDD:WBB,3,5,50318,0,B,21,false
WDD:WBB,3,5,50318,1,B,21,false
WDD:WBB,3,5,50319,0,B,22,false
WDD:WBB,3,5,50319,1,B,33,false
WDD:WBB,3,5,50320,0,B,31,false
WDD:WBB,3,5,50320,1,B,26,false
WDD:WBB,3,5,50321,0,B,33,false
WDD:WBB,3,5,50321,1,B,32,false
WDD:WBB,3,5,50322,0,B,27,false
WDD:WBB,3,5,50322,1,B,18,false
WDD:WBB,3,5,50323,0,B,25,false
WDD:WBB,3,5,50323,1,B,16,false
WDD:WBB,3,5,50324,0,B,19,false
WDD:WBB,3,5,50324,1,B,23,false
WDD:WBB,3,5,50325,0,B,19,false
WDD:WBB,3,5,50325,1,B,25,false
WDD:WBB,3,5,50326,0,B,29,false
WDD:WBB,3,5,50326,1,B,18,false
WDD:WBB,3,5,50327,0,B,27,false
WDD:WBB,3,5,50327,1,B,32,false
WDD:WBB,3,5,50328,0,B,21,false
WDD:WBB,3,5,50328,1,B,23,false
WDD:WBB,3,5,50329,0,B,23,false
WDD:WBB,3,5,50329,1,B,28,false
WDD:WBB,3,5,50330,0,B,25,false
WDD:WBB,3,5,50330,1,draw,100,true
WDD:WBB,3,5,50331,0,B,17,false
WDD:WBB,3,5,50331,1,B,22,false
WDD:WBB,3,5,50332,0,B,19,false
WDD:WBB,3,5,50332,1,B,22,false
WDD:WBB,3,5,50333,0,B,25,false
WDD:WBB,3,5,50333,1,B,26,false
WDD:WBB,3,5,50334,0,B,25,false
WDD:WBB,3,5,50334,1,B,22,false
WDD:WBB,3,5,50335,0,B,25,false
WDD:WBB,3,5,50335,1,B,22,false
WDD:WBB,3,5,50336,0,B,37,false
WDD:WBB,3,5,50336,1,B,24,false
WDD:WBB,3,5,50337,0,B,53,false
WDD:WBB,3,5,50337,1,B,30,false
WDD:WBB,3,5,50338,0,B,22,false
WDD:WBB,3,5,50338,1,B,28,false
WDD:WBB,3,5,50339,0,B,29,false
WDD:WBB,3,5,50339,1,B,30,false
WDD:WBB,3,5,50340,0,B,33,false
WDD:WBB,3,5,50340,1,B,28,false
WDD:WBB,3,5,50341,0,B,26,false
WDD:WBB,3,5,50341,1,B,32,false
WDD:WBB,3,5,50342,0,B,25,false
WDD:WBB,3,5,50342,1,B,19,false
WDD:WBB,3,5,50343,0,B,22,false
WDD:WBB,3,5,50343,1,B,20,false
WDD:WBB,3,5,50344,0,B,24,false
WDD:WBB,3,5,50344,1,B,20,false
WDD:WBB,3,5,50345,0,B,21,false
WDD:WBB,3,5,50345,1,B,26,false
WDD:WBB,3,5,50346,0,B,25,false
WDD:WBB,3,5,50346,1,B,26,false
WDD:WBB,3,5,50347,0,B,37,false
WDD:WBB,3,5,50347,1,B,27,false
WDD:WBB,3,5,50348,0,B,18,false
WDD:WBB,3,5,50348,1,B,22,false
WDD:WBB,3,5,50349,0,B,31,false
WDD:WBB,3,5,50349,1,B,18,false
WDD:WBB,3,6,60300,0,B,25,false
WDD:WBB,3,6,60300,1,B,24,false
WDD:WBB,3,6,60301,0,B,38,false
WDD:WBB,3,6,60301,1,B,24,false
WDD:WBB,3,6,60302,0,B,31,false
WDD:WBB,3,6,60302,1,draw,100,true
WDD:WBB,3,6,60303,0,B,27,false
WDD:WBB,3,6,60303,1,B,24,false
WDD:WBB,3,6,60304,0,B,35,false
WDD:WBB,3,6,60304,1,B,23,false
WDD:WBB,3,6,60305,0,draw,100,true
WDD:WBB,3,6,60305,1,B,22,false
WDD:WBB,3,6,60306,0,B,23,false
WDD:WBB,3,6,60306,1,B,28,false
WDD:WBB,3,6,60307,0,B,23,false
WDD:WBB,3,6,60307,1,B,26,false
WDD:WBB,3,6,60308,0,B,27,false
WDD:WBB,3,6,60308,1,B,24,false
WDD:WBB,3,6,60309,0,B,20,false
WDD:WBB,3,6,60309,1,B,30,false
WDD:WBB,3,6,60310,0,B,32,false
WDD:WBB,3,6,60310,1,B,26,false
WDD:WBB,3,6,60311,0,B,29,false
WDD:WBB,3,6,60311,1,B,26,false
WDD:WBB,3,6,60312,0,draw,100,true
WDD:WBB,3,6,60312,1,B,24,false
WDD:WBB,3,6,60313,0,B,46,false
WDD:WBB,3,6,60313,1,B,22,false
WDD:WBB,3,6,60314,0,B,31,false
WDD:WBB,3,6,60314,1,B,20,false
WDD:WBB,3,6,60315,0,B,29,false
WDD:WBB,3,6,60315,1,B,22,false
WDD:WBB,3,6,60316,0,B,25,false
WDD:WBB,3,6,60316,1,B,29,false
WDD:WBB,3,6,60317,0,B,33,false
WDD:WBB,3,6,60317,1,B,28,false
WDD:WBB,3,6,60318,0,B,32,false
WDD:WBB,3,6,60318,1,B,30,false
WDD:WBB,3,6,60319,0,B,23,false
WDD:WBB,3,6,60319,1,B,24,false
WDD:WBB,3,6,60320,0,B,21,false
WDD:WBB,3,6,60320,1,B,20,false
WDD:WBB,3,6,60321,0,B,23,false
WDD:WBB,3,6,60321,1,B,54,false
WDD:WBB,3,6,60322,0,B,23,false
WDD:WBB,3,6,60322,1,B,20,false
WDD:WBB,3,6,60323,0,B,44,false
WDD:WBB,3,6,60323,1,B,40,false
WDD:WBB,3,6,60324,0,B,33,false
WDD:WBB,3,6,60324,1,B,30,false
WDD:WBB,3,6,60325,0,B,20,false
WDD:WBB,3,6,60325,1,B,24,false
WDD:WBB,3,6,60326,0,B,21,false
WDD:WBB,3,6,60326,1,B,26,false
WDD:WBB,3,6,60327,0,B,19,false
WDD:WBB,3,6,60327,1,B,24,false
WDD:WBB,3,6,60328,0,B,23,false
WDD:WBB,3,6,60328,1,B,30,false
WDD:WBB,3,6,60329,0,B,27,false
WDD:WBB,3,6,60329,1,B,31,false
WDD:WBB,3,6,60330,0,B,23,false
WDD:WBB,3,6,60330,1,B,26,false
WDD:WBB,3,6,60331,0,B,23,false
WDD:WBB,3,6,60331,1,B,20,false
WDD:WBB,3,6,60332,0,B,36,false
WDD:WBB,3,6,60332,1,B,32,false
WDD:WBB,3,6,60333,0,B,43,false
WDD:WBB,3,6,60333,1,B,42,false
WDD:WBB,3,6,60334,0,B,27,false
WDD:WBB,3,6,60334,1,B,26,false
WDD:WBB,3,6,60335,0,B,23,false
WDD:WBB,3,6,60335,1,B,20,false
WDD:WBB,3,6,60336,0,B,29,false
WDD:WBB,3,6,60336,1,B,23,false
WDD:WBB,3,6,60337,0,B,35,false
WDD:WBB,3,6,60337,1,B,32,false
WDD:WBB,3,6,60338,0,B,37,false
WDD:WBB,3,6,60338,1,B,38,false
WDD:WBB,3,6,60339,0,B,29,false
WDD:WBB,3,6,60339,1,B,21,false
WDD:WBB,3,6,60340,0,B,19,false
WDD:WBB,3,6,60340,1,B,28,false
WDD:WBB,3,6,60341,0,B,25,false
WDD:WBB,3,6,60341,1,B,28,false
WDD:WBB,3,6,60342,0,B,29,false
WDD:WBB,3,6,60342,1,B,30,false
WDD:WBB,3,6,60343,0,B,21,false
WDD:WBB,3,6,60343,1,B,32,false
WDD:WBB,3,6,60344,0,B,29,false
WDD:WBB,3,6,60344,1,B,35,false
WDD:WBB,3,6,60345,0,B,33,false
WDD:WBB,3,6,60345,1,B,46,false
WDD:WBB,3,6,60346,0,B,26,false
WDD:WBB,3,6,60346,1,B,24,false
WDD:WBB,3,6,60347,0,B,29,false
WDD:WBB,3,6,60347,1,B,24,false
WDD:WBB,3,6,60348,0,B,31,false
WDD:WBB,3,6,60348,1,B,30,false
WDD:WBB,3,6,60349,0,B,35,false
WDD:WBB,3,6,60349,1,B,32,false
WDD:WBB,3,7,70300,0,B,23,false
WDD:WBB,3,7,70300,1,B,24,false
WDD:WBB,3,7,70301,0,B,29,false
WDD:WBB,3,7,70301,1,B,26,false
WDD:WBB,3,7,70302,0,B,31,false
WDD:WBB,3,7,70302,1,B,24,false
WDD:WBB,3,7,70303,0,B,27,false
WDD:WBB,3,7,70303,1,draw,100,true
WDD:WBB,3,7,70304,0,B,29,false
WDD:WBB,3,7,70304,1,B,30,false
WDD:WBB,3,7,70305,0,B,29,false
WDD:WBB,3,7,70305,1,draw,100,true
WDD:WBB,3,7,70306,0,B,25,false
WDD:WBB,3,7,70306,1,B,26,false
WDD:WBB,3,7,70307,0,B,31,false
WDD:WBB,3,7,70307,1,B,26,false
WDD:WBB,3,7,70308,0,B,21,false
WDD:WBB,3,7,70308,1,B,24,false
WDD:WBB,3,7,70309,0,draw,100,true
WDD:WBB,3,7,70309,1,B,28,false
WDD:WBB,3,7,70310,0,draw,100,true
WDD:WBB,3,7,70310,1,B,48,false
WDD:WBB,3,7,70311,0,B,28,false
WDD:WBB,3,7,70311,1,B,22,false
WDD:WBB,3,7,70312,0,B,31,false
WDD:WBB,3,7,70312,1,B,30,false
WDD:WBB,3,7,70313,0,B,71,false
WDD:WBB,3,7,70313,1,B,46,false
WDD:WBB,3,7,70314,0,B,25,false
WDD:WBB,3,7,70314,1,B,28,false
WDD:WBB,3,7,70315,0,B,27,false
WDD:WBB,3,7,70315,1,B,30,false
WDD:WBB,3,7,70316,0,B,25,false
WDD:WBB,3,7,70316,1,B,26,false
WDD:WBB,3,7,70317,0,B,35,false
WDD:WBB,3,7,70317,1,B,28,false
WDD:WBB,3,7,70318,0,B,21,false
WDD:WBB,3,7,70318,1,B,20,false
WDD:WBB,3,7,70319,0,B,27,false
WDD:WBB,3,7,70319,1,B,32,false
WDD:WBB,3,7,70320,0,draw,100,true
WDD:WBB,3,7,70320,1,B,28,false
WDD:WBB,3,7,70321,0,A,27,false
WDD:WBB,3,7,70321,1,B,34,false
WDD:WBB,3,7,70322,0,B,27,false
WDD:WBB,3,7,70322,1,B,26,false
WDD:WBB,3,7,70323,0,B,23,false
WDD:WBB,3,7,70323,1,B,34,false
WDD:WBB,3,7,70324,0,B,23,false
WDD:WBB,3,7,70324,1,B,31,false
WDD:WBB,3,7,70325,0,B,27,false
WDD:WBB,3,7,70325,1,B,21,false
WDD:WBB,3,7,70326,0,B,23,false
WDD:WBB,3,7,70326,1,B,36,false
WDD:WBB,3,7,70327,0,B,26,false
WDD:WBB,3,7,70327,1,B,26,false
WDD:WBB,3,7,70328,0,B,31,false
WDD:WBB,3,7,70328,1,B,26,false
WDD:WBB,3,7,70329,0,B,27,false
WDD:WBB,3,7,70329,1,B,30,false
WDD:WBB,3,7,70330,0,B,23,false
WDD:WBB,3,7,70330,1,B,28,false
WDD:WBB,3,7,70331,0,B,39,false
WDD:WBB,3,7,70331,1,B,29,false
WDD:WBB,3,7,70332,0,B,35,false
WDD:WBB,3,7,70332,1,B,30,false
WDD:WBB,3,7,70333,0,B,27,false
WDD:WBB,3,7,70333,1,B,28,false
WDD:WBB,3,7,70334,0,B,27,false
WDD:WBB,3,7,70334,1,B,24,false
WDD:WBB,3,7,70335,0,draw,100,true
WDD:WBB,3,7,70335,1,B,42,false
WDD:WBB,3,7,70336,0,B,23,false
WDD:WBB,3,7,70336,1,B,30,false
WDD:WBB,3,7,70337,0,B,39,false
WDD:WBB,3,7,70337,1,B,30,false
WDD:WBB,3,7,70338,0,B,25,false
WDD:WBB,3,7,70338,1,B,24,false
WDD:WBB,3,7,70339,0,draw,100,true
WDD:WBB,3,7,70339,1,B,32,false
WDD:WBB,3,7,70340,0,B,25,false
WDD:WBB,3,7,70340,1,B,36,false
WDD:WBB,3,7,70341,0,B,29,false
WDD:WBB,3,7,70341,1,B,26,false
WDD:WBB,3,7,70342,0,B,29,false
WDD:WBB,3,7,70342,1,B,34,false
WDD:WBB,3,7,70343,0,B,29,false
WDD:WBB,3,7,70343,1,B,34,false
WDD:WBB,3,7,70344,0,B,23,false
WDD:WBB,3,7,70344,1,B,28,false
WDD:WBB,3,7,70345,0,B,65,false
WDD:WBB,3,7,70345,1,B,34,false
WDD:WBB,3,7,70346,0,B,23,false
WDD:WBB,3,7,70346,1,B,30,false
WDD:WBB,3,7,70347,0,B,31,false
WDD:WBB,3,7,70347,1,B,34,false
WDD:WBB,3,7,70348,0,B,31,false
WDD:WBB,3,7,70348,1,B,32,false
WDD:WBB,3,7,70349,0,B,27,false
WDD:WBB,3,7,70349,1,B,26,false
WDD:WBB,3,8,80300,0,B,25,false
WDD:WBB,3,8,80300,1,A,32,false
WDD:WBB,3,8,80301,0,B,25,false
WDD:WBB,3,8,80301,1,B,26,false
WDD:WBB,3,8,80302,0,A,31,false
WDD:WBB,3,8,80302,1,A,26,false
WDD:WBB,3,8,80303,0,B,27,false
WDD:WBB,3,8,80303,1,draw,100,true
WDD:WBB,3,8,80304,0,B,21,false
WDD:WBB,3,8,80304,1,A,26,false
WDD:WBB,3,8,80305,0,B,35,false
WDD:WBB,3,8,80305,1,B,26,false
WDD:WBB,3,8,80306,0,B,27,false
WDD:WBB,3,8,80306,1,draw,100,true
WDD:WBB,3,8,80307,0,B,33,false
WDD:WBB,3,8,80307,1,A,22,false
WDD:WBB,3,8,80308,0,draw,100,true
WDD:WBB,3,8,80308,1,A,28,false
WDD:WBB,3,8,80309,0,B,37,false
WDD:WBB,3,8,80309,1,B,24,false
WDD:WBB,3,8,80310,0,B,20,false
WDD:WBB,3,8,80310,1,B,26,false
WDD:WBB,3,8,80311,0,A,29,false
WDD:WBB,3,8,80311,1,A,26,false
WDD:WBB,3,8,80312,0,B,29,false
WDD:WBB,3,8,80312,1,B,24,false
WDD:WBB,3,8,80313,0,B,35,false
WDD:WBB,3,8,80313,1,B,30,false
WDD:WBB,3,8,80314,0,B,27,false
WDD:WBB,3,8,80314,1,B,32,false
WDD:WBB,3,8,80315,0,B,29,false
WDD:WBB,3,8,80315,1,A,22,false
WDD:WBB,3,8,80316,0,A,23,false
WDD:WBB,3,8,80316,1,B,34,false
WDD:WBB,3,8,80317,0,B,27,false
WDD:WBB,3,8,80317,1,B,32,false
WDD:WBB,3,8,80318,0,B,27,false
WDD:WBB,3,8,80318,1,B,26,false
WDD:WBB,3,8,80319,0,B,33,false
WDD:WBB,3,8,80319,1,B,23,false
WDD:WBB,3,8,80320,0,A,19,false
WDD:WBB,3,8,80320,1,B,20,false
WDD:WBB,3,8,80321,0,A,31,false
WDD:WBB,3,8,80321,1,draw,100,true
WDD:WBB,3,8,80322,0,B,23,false
WDD:WBB,3,8,80322,1,B,18,false
WDD:WBB,3,8,80323,0,B,19,false
WDD:WBB,3,8,80323,1,draw,100,true
WDD:WBB,3,8,80324,0,B,29,false
WDD:WBB,3,8,80324,1,A,22,false
WDD:WBB,3,8,80325,0,B,29,false
WDD:WBB,3,8,80325,1,B,24,false
WDD:WBB,3,8,80326,0,A,19,false
WDD:WBB,3,8,80326,1,B,30,false
WDD:WBB,3,8,80327,0,B,23,false
WDD:WBB,3,8,80327,1,B,40,false
WDD:WBB,3,8,80328,0,A,17,false
WDD:WBB,3,8,80328,1,B,26,false
WDD:WBB,3,8,80329,0,B,29,false
WDD:WBB,3,8,80329,1,B,26,false
WDD:WBB,3,8,80330,0,B,21,false
WDD:WBB,3,8,80330,1,B,20,false
WDD:WBB,3,8,80331,0,draw,100,true
WDD:WBB,3,8,80331,1,B,26,false
WDD:WBB,3,8,80332,0,A,15,false
WDD:WBB,3,8,80332,1,B,32,false
WDD:WBB,3,8,80333,0,A,19,false
WDD:WBB,3,8,80333,1,draw,100,true
WDD:WBB,3,8,80334,0,B,25,false
WDD:WBB,3,8,80334,1,A,24,false
WDD:WBB,3,8,80335,0,A,19,false
WDD:WBB,3,8,80335,1,B,20,false
WDD:WBB,3,8,80336,0,B,31,false
WDD:WBB,3,8,80336,1,B,27,false
WDD:WBB,3,8,80337,0,B,23,false
WDD:WBB,3,8,80337,1,B,24,false
WDD:WBB,3,8,80338,0,B,21,false
WDD:WBB,3,8,80338,1,B,26,false
WDD:WBB,3,8,80339,0,B,31,false
WDD:WBB,3,8,80339,1,B,24,false
WDD:WBB,3,8,80340,0,B,25,false
WDD:WBB,3,8,80340,1,draw,100,true
WDD:WBB,3,8,80341,0,B,39,false
WDD:WBB,3,8,80341,1,B,36,false
WDD:WBB,3,8,80342,0,draw,100,true
WDD:WBB,3,8,80342,1,B,30,false
WDD:WBB,3,8,80343,0,B,45,false
WDD:WBB,3,8,80343,1,draw,100,true
WDD:WBB,3,8,80344,0,B,31,false
WDD:WBB,3,8,80344,1,B,24,false
WDD:WBB,3,8,80345,0,A,25,false
WDD:WBB,3,8,80345,1,B,36,false
WDD:WBB,3,8,80346,0,A,33,false
WDD:WBB,3,8,80346,1,A,20,false
WDD:WBB,3,8,80347,0,B,25,false
WDD:WBB,3,8,80347,1,B,22,false
WDD:WBB,3,8,80348,0,B,25,false
WDD:WBB,3,8,80348,1,A,20,false
WDD:WBB,3,8,80349,0,B,31,false
WDD:WBB,3,8,80349,1,B,22,false
WDD:WBB,3,9,90300,0,A,19,false
WDD:WBB,3,9,90300,1,A,24,false
WDD:WBB,3,9,90301,0,A,23,false
WDD:WBB,3,9,90301,1,B,28,false
WDD:WBB,3,9,90302,0,A,29,false
WDD:WBB,3,9,90302,1,B,40,false
WDD:WBB,3,9,90303,0,B,25,false
WDD:WBB,3,9,90303,1,A,28,false
WDD:WBB,3,9,90304,0,B,25,false
WDD:WBB,3,9,90304,1,B,38,false
WDD:WBB,3,9,90305,0,A,19,false
WDD:WBB,3,9,90305,1,A,28,false
WDD:WBB,3,9,90306,0,A,25,false
WDD:WBB,3,9,90306,1,A,26,false
WDD:WBB,3,9,90307,0,A,25,false
WDD:WBB,3,9,90307,1,A,26,false
WDD:WBB,3,9,90308,0,B,27,false
WDD:WBB,3,9,90308,1,A,32,false
WDD:WBB,3,9,90309,0,A,25,false
WDD:WBB,3,9,90309,1,A,22,false
WDD:WBB,3,9,90310,0,A,29,false
WDD:WBB,3,9,90310,1,B,40,false
WDD:WBB,3,9,90311,0,B,23,false
WDD:WBB,3,9,90311,1,A,22,false
WDD:WBB,3,9,90312,0,A,25,false
WDD:WBB,3,9,90312,1,A,22,false
WDD:WBB,3,9,90313,0,A,31,false
WDD:WBB,3,9,90313,1,B,26,false
WDD:WBB,3,9,90314,0,A,19,false
WDD:WBB,3,9,90314,1,A,26,false
WDD:WBB,3,9,90315,0,draw,100,true
WDD:WBB,3,9,90315,1,B,30,false
WDD:WBB,3,9,90316,0,A,31,false
WDD:WBB,3,9,90316,1,B,28,false
WDD:WBB,3,9,90317,0,draw,100,true
WDD:WBB,3,9,90317,1,A,20,false
WDD:WBB,3,9,90318,0,B,31,false
WDD:WBB,3,9,90318,1,A,34,false
WDD:WBB,3,9,90319,0,A,25,false
WDD:WBB,3,9,90319,1,A,22,false
WDD:WBB,3,9,90320,0,A,13,false
WDD:WBB,3,9,90320,1,B,26,false
WDD:WBB,3,9,90321,0,A,25,false
WDD:WBB,3,9,90321,1,A,26,false
WDD:WBB,3,9,90322,0,A,27,false
WDD:WBB,3,9,90322,1,B,28,false
WDD:WBB,3,9,90323,0,B,19,false
WDD:WBB,3,9,90323,1,A,24,false
WDD:WBB,3,9,90324,0,A,25,false
WDD:WBB,3,9,90324,1,A,20,false
WDD:WBB,3,9,90325,0,B,43,false
WDD:WBB,3,9,90325,1,A,22,false
WDD:WBB,3,9,90326,0,A,25,false
WDD:WBB,3,9,90326,1,A,32,false
WDD:WBB,3,9,90327,0,A,23,false
WDD:WBB,3,9,90327,1,A,18,false
WDD:WBB,3,9,90328,0,A,25,false
WDD:WBB,3,9,90328,1,A,22,false
WDD:WBB,3,9,90329,0,A,21,false
WDD:WBB,3,9,90329,1,draw,100,true
WDD:WBB,3,9,90330,0,A,21,false
WDD:WBB,3,9,90330,1,A,26,false
WDD:WBB,3,9,90331,0,B,29,false
WDD:WBB,3,9,90331,1,A,30,false
WDD:WBB,3,9,90332,0,draw,100,true
WDD:WBB,3,9,90332,1,A,26,false
WDD:WBB,3,9,90333,0,A,21,false
WDD:WBB,3,9,90333,1,A,24,false
WDD:WBB,3,9,90334,0,A,25,false
WDD:WBB,3,9,90334,1,A,22,false
WDD:WBB,3,9,90335,0,B,27,false
WDD:WBB,3,9,90335,1,A,26,false
WDD:WBB,3,9,90336,0,B,33,false
WDD:WBB,3,9,90336,1,A,24,false
WDD:WBB,3,9,90337,0,B,25,false
WDD:WBB,3,9,90337,1,A,36,false
WDD:WBB,3,9,90338,0,B,25,false
WDD:WBB,3,9,90338,1,A,26,false
WDD:WBB,3,9,90339,0,A,21,false
WDD:WBB,3,9,90339,1,A,24,false
WDD:WBB,3,9,90340,0,B,29,false
WDD:WBB,3,9,90340,1,B,26,false
WDD:WBB,3,9,90341,0,A,21,false
WDD:WBB,3,9,90341,1,B,24,false
WDD:WBB,3,9,90342,0,A,29,false
WDD:WBB,3,9,90342,1,A,24,false
WDD:WBB,3,9,90343,0,A,21,false
WDD:WBB,3,9,90343,1,A,24,false
WDD:WBB,3,9,90344,0,A,21,false
WDD:WBB,3,9,90344,1,A,22,false
WDD:WBB,3,9,90345,0,A,25,false
WDD:WBB,3,9,90345,1,A,20,false
WDD:WBB,3,9,90346,0,A,23,false
WDD:WBB,3,9,90346,1,A,22,false
WDD:WBB,3,9,90347,0,A,21,false
WDD:WBB,3,9,90347,1,B,34,false
WDD:WBB,3,9,90348,0,A,25,false
WDD:WBB,3,9,90348,1,A,20,false
WDD:WBB,3,9,90349,0,A,29,false
WDD:WBB,3,9,90349,1,A,28,false
WDD:WBB,3,10,100300,0,A,35,false
WDD:WBB,3,10,100300,1,A,22,false
WDD:WBB,3,10,100301,0,A,23,false
WDD:WBB,3,10,100301,1,A,22,false
WDD:WBB,3,10,100302,0,A,17,false
WDD:WBB,3,10,100302,1,A,24,false
WDD:WBB,3,10,100303,0,A,21,false
WDD:WBB,3,10,100303,1,A,22,false
WDD:WBB,3,10,100304,0,A,33,false
WDD:WBB,3,10,100304,1,A,28,false
WDD:WBB,3,10,100305,0,A,19,false
WDD:WBB,3,10,100305,1,A,26,false
WDD:WBB,3,10,100306,0,B,21,false
WDD:WBB,3,10,100306,1,A,20,false
WDD:WBB,3,10,100307,0,A,21,false
WDD:WBB,3,10,100307,1,A,24,false
WDD:WBB,3,10,100308,0,A,25,false
WDD:WBB,3,10,100308,1,A,24,false
WDD:WBB,3,10,100309,0,A,19,false
WDD:WBB,3,10,100309,1,A,28,false
WDD:WBB,3,10,100310,0,A,23,false
WDD:WBB,3,10,100310,1,A,22,false
WDD:WBB,3,10,100311,0,A,25,false
WDD:WBB,3,10,100311,1,A,26,false
WDD:WBB,3,10,100312,0,A,25,false
WDD:WBB,3,10,100312,1,A,20,false
WDD:WBB,3,10,100313,0,B,23,false
WDD:WBB,3,10,100313,1,A,22,false
WDD:WBB,3,10,100314,0,A,17,false
WDD:WBB,3,10,100314,1,A,20,false
WDD:WBB,3,10,100315,0,B,29,false
WDD:WBB,3,10,100315,1,A,22,false
WDD:WBB,3,10,100316,0,A,23,false
WDD:WBB,3,10,100316,1,A,26,false
WDD:WBB,3,10,100317,0,A,17,false
WDD:WBB,3,10,100317,1,A,20,false
WDD:WBB,3,10,100318,0,A,21,false
WDD:WBB,3,10,100318,1,A,16,false
WDD:WBB,3,10,100319,0,A,19,false
WDD:WBB,3,10,100319,1,A,30,false
WDD:WBB,3,10,100320,0,A,21,false
WDD:WBB,3,10,100320,1,A,16,false
WDD:WBB,3,10,100321,0,A,19,false
WDD:WBB,3,10,100321,1,A,22,false
WDD:WBB,3,10,100322,0,A,21,false
WDD:WBB,3,10,100322,1,A,24,false
WDD:WBB,3,10,100323,0,A,21,false
WDD:WBB,3,10,100323,1,A,32,false
WDD:WBB,3,10,100324,0,A,19,false
WDD:WBB,3,10,100324,1,A,22,false
WDD:WBB,3,10,100325,0,A,17,false
WDD:WBB,3,10,100325,1,A,26,false
WDD:WBB,3,10,100326,0,A,23,false
WDD:WBB,3,10,100326,1,A,28,false
WDD:WBB,3,10,100327,0,A,19,false
WDD:WBB,3,10,100327,1,A,18,false
WDD:WBB,3,10,100328,0,A,19,false
WDD:WBB,3,10,100328,1,A,20,false
WDD:WBB,3,10,100329,0,A,21,false
WDD:WBB,3,10,100329,1,A,22,false
WDD:WBB,3,10,100330,0,A,27,false
WDD:WBB,3,10,100330,1,A,24,false
WDD:WBB,3,10,100331,0,A,21,false
WDD:WBB,3,10,100331,1,A,16,false
WDD:WBB,3,10,100332,0,A,21,false
WDD:WBB,3,10,100332,1,A,18,false
WDD:WBB,3,10,100333,0,A,19,false
WDD:WBB,3,10,100333,1,A,20,false
WDD:WBB,3,10,100334,0,A,25,false
WDD:WBB,3,10,100334,1,A,22,false
WDD:WBB,3,10,100335,0,A,21,false
WDD:WBB,3,10,100335,1,A,20,false
WDD:WBB,3,10,100336,0,A,23,false
WDD:WBB,3,10,100336,1,A,18,false
WDD:WBB,3,10,100337,0,A,19,false
WDD:WBB,3,10,100337,1,A,22,false
WDD:WBB,3,10,100338,0,A,23,false
WDD:WBB,3,10,100338,1,A,24,false
WDD:WBB,3,10,100339,0,A,21,false
WDD:WBB,3,10,100339,1,A,22,false
WDD:WBB,3,10,100340,0,A,23,false
WDD:WBB,3,10,100340,1,A,22,false
WDD:WBB,3,10,100341,0,A,29,false
WDD:WBB,3,10,100341,1,A,38,false
WDD:WBB,3,10,100342,0,A,33,false
WDD:WBB,3,10,100342,1,A,20,false
WDD:WBB,3,10,100343,0,A,17,false
WDD:WBB,3,10,100343,1,A,20,false
WDD:WBB,3,10,100344,0,A,15,false
WDD:WBB,3,10,100344,1,A,18,false
WDD:WBB,3,10,100345,0,A,21,false
WDD:WBB,3,10,100345,1,A,26,false
WDD:WBB,3,10,100346,0,A,31,false
WDD:WBB,3,10,100346,1,A,22,false
WDD:WBB,3,10,100347,0,A,27,false
WDD:WBB,3,10,100347,1,A,20,false
WDD:WBB,3,10,100348,0,B,23,false
WDD:WBB,3,10,100348,1,A,26,false
WDD:WBB,3,10,100349,0,A,19,false
WDD:WBB,3,10,100349,1,A,20,false
WCC:WBB,1,1,10100,0,B,24,false
WCC:WBB,1,1,10100,1,B,34,false
WCC:WBB,1,1,10101,0,B,26,false
WCC:WBB,1,1,10101,1,B,24,false
WCC:WBB,1,1,10102,0,B,14,false
WCC:WBB,1,1,10102,1,B,15,false
WCC:WBB,1,1,10103,0,B,18,false
WCC:WBB,1,1,10103,1,B,18,false
WCC:WBB,1,1,10104,0,B,18,false
WCC:WBB,1,1,10104,1,B,20,false
WCC:WBB,1,1,10105,0,B,28,false
WCC:WBB,1,1,10105,1,B,27,false
WCC:WBB,1,1,10106,0,B,37,false
WCC:WBB,1,1,10106,1,B,22,false
WCC:WBB,1,1,10107,0,B,21,false
WCC:WBB,1,1,10107,1,B,21,false
WCC:WBB,1,1,10108,0,B,16,false
WCC:WBB,1,1,10108,1,B,26,false
WCC:WBB,1,1,10109,0,B,33,false
WCC:WBB,1,1,10109,1,B,19,false
WCC:WBB,1,1,10110,0,B,17,false
WCC:WBB,1,1,10110,1,B,15,false
WCC:WBB,1,1,10111,0,B,39,false
WCC:WBB,1,1,10111,1,B,17,false
WCC:WBB,1,1,10112,0,B,35,false
WCC:WBB,1,1,10112,1,B,54,false
WCC:WBB,1,1,10113,0,B,29,false
WCC:WBB,1,1,10113,1,B,17,false
WCC:WBB,1,1,10114,0,B,24,false
WCC:WBB,1,1,10114,1,B,21,false
WCC:WBB,1,1,10115,0,B,15,false
WCC:WBB,1,1,10115,1,B,24,false
WCC:WBB,1,1,10116,0,B,33,false
WCC:WBB,1,1,10116,1,B,17,false
WCC:WBB,1,1,10117,0,B,16,false
WCC:WBB,1,1,10117,1,B,20,false
WCC:WBB,1,1,10118,0,B,17,false
WCC:WBB,1,1,10118,1,B,14,false
WCC:WBB,1,1,10119,0,B,27,false
WCC:WBB,1,1,10119,1,B,18,false
WCC:WBB,1,1,10120,0,B,27,false
WCC:WBB,1,1,10120,1,B,13,false
WCC:WBB,1,1,10121,0,B,26,false
WCC:WBB,1,1,10121,1,B,42,false
WCC:WBB,1,1,10122,0,B,16,false
WCC:WBB,1,1,10122,1,B,19,false
WCC:WBB,1,1,10123,0,B,17,false
WCC:WBB,1,1,10123,1,B,15,false
WCC:WBB,1,1,10124,0,B,31,false
WCC:WBB,1,1,10124,1,B,19,false
WCC:WBB,1,1,10125,0,B,25,false
WCC:WBB,1,1,10125,1,B,28,false
WCC:WBB,1,1,10126,0,B,14,false
WCC:WBB,1,1,10126,1,draw,100,true
WCC:WBB,1,1,10127,0,draw,100,true
WCC:WBB,1,1,10127,1,B,35,false
WCC:WBB,1,1,10128,0,B,16,false
WCC:WBB,1,1,10128,1,B,20,false
WCC:WBB,1,1,10129,0,B,35,false
WCC:WBB,1,1,10129,1,B,17,false
WCC:WBB,1,1,10130,0,B,16,false
WCC:WBB,1,1,10130,1,B,19,false
WCC:WBB,1,1,10131,0,B,23,false
WCC:WBB,1,1,10131,1,B,25,false
WCC:WBB,1,1,10132,0,B,16,false
WCC:WBB,1,1,10132,1,B,19,false
WCC:WBB,1,1,10133,0,B,14,false
WCC:WBB,1,1,10133,1,B,28,false
WCC:WBB,1,1,10134,0,B,41,false
WCC:WBB,1,1,10134,1,B,27,false
WCC:WBB,1,1,10135,0,B,12,false
WCC:WBB,1,1,10135,1,B,20,false
WCC:WBB,1,1,10136,0,B,25,false
WCC:WBB,1,1,10136,1,B,33,false
WCC:WBB,1,1,10137,0,B,33,false
WCC:WBB,1,1,10137,1,B,26,false
WCC:WBB,1,1,10138,0,B,35,false
WCC:WBB,1,1,10138,1,B,15,false
WCC:WBB,1,1,10139,0,B,27,false
WCC:WBB,1,1,10139,1,B,29,false
WCC:WBB,1,1,10140,0,B,14,false
WCC:WBB,1,1,10140,1,B,13,false
WCC:WBB,1,1,10141,0,B,16,false
WCC:WBB,1,1,10141,1,B,26,false
WCC:WBB,1,1,10142,0,draw,100,true
WCC:WBB,1,1,10142,1,draw,100,true
WCC:WBB,1,1,10143,0,B,53,false
WCC:WBB,1,1,10143,1,B,18,false
WCC:WBB,1,1,10144,0,draw,100,true
WCC:WBB,1,1,10144,1,B,18,false
WCC:WBB,1,1,10145,0,B,38,false
WCC:WBB,1,1,10145,1,B,24,false
WCC:WBB,1,1,10146,0,draw,100,true
WCC:WBB,1,1,10146,1,B,29,false
WCC:WBB,1,1,10147,0,B,33,false
WCC:WBB,1,1,10147,1,B,15,false
WCC:WBB,1,1,10148,0,B,19,false
WCC:WBB,1,1,10148,1,B,13,false
WCC:WBB,1,1,10149,0,B,18,false
WCC:WBB,1,1,10149,1,B,20,false
WCC:WBB,1,2,20100,0,A,19,false
WCC:WBB,1,2,20100,1,A,32,false
WCC:WBB,1,2,20101,0,A,17,false
WCC:WBB,1,2,20101,1,B,21,false
WCC:WBB,1,2,20102,0,A,15,false
WCC:WBB,1,2,20102,1,A,20,false
WCC:WBB,1,2,20103,0,B,21,false
WCC:WBB,1,2,20103,1,A,14,false
WCC:WBB,1,2,20104,0,B,23,false
WCC:WBB,1,2,20104,1,A,22,false
WCC:WBB,1,2,20105,0,A,15,false
WCC:WBB,1,2,20105,1,A,24,false
WCC:WBB,1,2,20106,0,A,13,false
WCC:WBB,1,2,20106,1,A,20,false
WCC:WBB,1,2,20107,0,A,35,false
WCC:WBB,1,2,20107,1,A,30,false
WCC:WBB,1,2,20108,0,A,21,false
WCC:WBB,1,2,20108,1,A,22,false
WCC:WBB,1,2,20109,0,draw,100,true
WCC:WBB,1,2,20109,1,draw,100,true
WCC:WBB,1,2,20110,0,A,17,false
WCC:WBB,1,2,20110,1,A,18,false
WCC:WBB,1,2,20111,0,A,19,false
WCC:WBB,1,2,20111,1,A,14,false
WCC:WBB,1,2,20112,0,A,49,false
WCC:WBB,1,2,20112,1,A,28,false
WCC:WBB,1,2,20113,0,A,23,false
WCC:WBB,1,2,20113,1,A,28,false
WCC:WBB,1,2,20114,0,B,19,false
WCC:WBB,1,2,20114,1,B,15,false
WCC:WBB,1,2,20115,0,A,19,false
WCC:WBB,1,2,20115,1,A,20,false
WCC:WBB,1,2,20116,0,A,15,false
WCC:WBB,1,2,20116,1,A,22,false
WCC:WBB,1,2,20117,0,A,19,false
WCC:WBB,1,2,20117,1,A,28,false
WCC:WBB,1,2,20118,0,A,19,false
WCC:WBB,1,2,20118,1,A,20,false
WCC:WBB,1,2,20119,0,A,21,false
WCC:WBB,1,2,20119,1,A,14,false
WCC:WBB,1,2,20120,0,B,19,false
WCC:WBB,1,2,20120,1,A,20,false
WCC:WBB,1,2,20121,0,A,25,false
WCC:WBB,1,2,20121,1,A,22,false
WCC:WBB,1,2,20122,0,A,29,false
WCC:WBB,1,2,20122,1,A,24,false
WCC:WBB,1,2,20123,0,A,21,false
WCC:WBB,1,2,20123,1,A,32,false
WCC:WBB,1,2,20124,0,B,40,false
WCC:WBB,1,2,20124,1,A,36,false
WCC:WBB,1,2,20125,0,B,29,false
WCC:WBB,1,2,20125,1,A,26,false
WCC:WBB,1,2,20126,0,B,19,false
WCC:WBB,1,2,20126,1,A,22,false
WCC:WBB,1,2,20127,0,A,21,false
WCC:WBB,1,2,20127,1,A,22,false
WCC:WBB,1,2,20128,0,A,23,false
WCC:WBB,1,2,20128,1,A,20,false
WCC:WBB,1,2,20129,0,A,13,false
WCC:WBB,1,2,20129,1,A,14,false
WCC:WBB,1,2,20130,0,A,27,false
WCC:WBB,1,2,20130,1,A,28,false
WCC:WBB,1,2,20131,0,draw,100,true
WCC:WBB,1,2,20131,1,B,22,false
WCC:WBB,1,2,20132,0,A,35,false
WCC:WBB,1,2,20132,1,A,24,false
WCC:WBB,1,2,20133,0,A,23,false
WCC:WBB,1,2,20133,1,B,20,false
WCC:WBB,1,2,20134,0,A,17,false
WCC:WBB,1,2,20134,1,A,20,false
WCC:WBB,1,2,20135,0,A,25,false
WCC:WBB,1,2,20135,1,A,32,false
WCC:WBB,1,2,20136,0,A,17,false
WCC:WBB,1,2,20136,1,B,22,false
WCC:WBB,1,2,20137,0,A,19,false
WCC:WBB,1,2,20137,1,A,24,false
WCC:WBB,1,2,20138,0,A,17,false
WCC:WBB,1,2,20138,1,A,16,false
WCC:WBB,1,2,20139,0,A,13,false
WCC:WBB,1,2,20139,1,A,24,false
WCC:WBB,1,2,20140,0,A,29,false
WCC:WBB,1,2,20140,1,A,32,false
WCC:WBB,1,2,20141,0,A,19,false
WCC:WBB,1,2,20141,1,A,18,false
WCC:WBB,1,2,20142,0,A,27,false
WCC:WBB,1,2,20142,1,A,24,false
WCC:WBB,1,2,20143,0,A,15,false
WCC:WBB,1,2,20143,1,A,16,false
WCC:WBB,1,2,20144,0,A,19,false
WCC:WBB,1,2,20144,1,B,29,false
WCC:WBB,1,2,20145,0,A,17,false
WCC:WBB,1,2,20145,1,B,26,false
WCC:WBB,1,2,20146,0,A,15,false
WCC:WBB,1,2,20146,1,A,20,false
WCC:WBB,1,2,20147,0,A,29,false
WCC:WBB,1,2,20147,1,A,16,false
WCC:WBB,1,2,20148,0,A,19,false
WCC:WBB,1,2,20148,1,A,16,false
WCC:WBB,1,2,20149,0,A,19,false
WCC:WBB,1,2,20149,1,A,20,false
WCC:WBB,1,3,30100,0,A,21,false
WCC:WBB,1,3,30100,1,A,16,false
WCC:WBB,1,3,30101,0,A,25,false
WCC:WBB,1,3,30101,1,A,48,false
WCC:WBB,1,3,30102,0,A,19,false
WCC:WBB,1,3,30102,1,A,24,false
WCC:WBB,1,3,30103,0,A,19,false
WCC:WBB,1,3,30103,1,A,16,false
WCC:WBB,1,3,30104,0,A,17,false
WCC:WBB,1,3,30104,1,A,24,false
WCC:WBB,1,3,30105,0,A,15,false
WCC:WBB,1,3,30105,1,A,12,false
WCC:WBB,1,3,30106,0,A,15,false
WCC:WBB,1,3,30106,1,A,16,false
WCC:WBB,1,3,30107,0,A,19,false
WCC:WBB,1,3,30107,1,A,18,false
WCC:WBB,1,3,30108,0,A,17,false
WCC:WBB,1,3,30108,1,A,22,false
WCC:WBB,1,3,30109,0,A,17,false
WCC:WBB,1,3,30109,1,A,20,false
WCC:WBB,1,3,30110,0,A,13,false
WCC:WBB,1,3,30110,1,A,12,false
WCC:WBB,1,3,30111,0,A,13,false
WCC:WBB,1,3,30111,1,A,16,false
WCC:WBB,1,3,30112,0,A,19,false
WCC:WBB,1,3,30112,1,A,18,false
WCC:WBB,1,3,30113,0,A,15,false
WCC:WBB,1,3,30113,1,A,18,false
WCC:WBB,1,3,30114,0,A,17,false
WCC:WBB,1,3,30114,1,A,12,false
WCC:WBB,1,3,30115,0,A,15,false
WCC:WBB,1,3,30115,1,A,12,false
WCC:WBB,1,3,30116,0,A,17,false
WCC:WBB,1,3,30116,1,A,18,false
WCC:WBB,1,3,30117,0,A,17,false
WCC:WBB,1,3,30117,1,A,14,false
WCC:WBB,1,3,30118,0,A,15,false
WCC:WBB,1,3,30118,1,A,18,false
WCC:WBB,1,3,30119,0,A,15,false
WCC:WBB,1,3,30119,1,A,20,false
WCC:WBB,1,3,30120,0,A,17,false
WCC:WBB,1,3,30120,1,A,14,false
WCC:WBB,1,3,30121,0,A,41,false
WCC:WBB,1,3,30121,1,A,28,false
WCC:WBB,1,3,30122,0,A,13,false
WCC:WBB,1,3,30122,1,A,16,false
WCC:WBB,1,3,30123,0,A,13,false
WCC:WBB,1,3,30123,1,A,16,false
WCC:WBB,1,3,30124,0,A,23,false
WCC:WBB,1,3,30124,1,A,22,false
WCC:WBB,1,3,30125,0,A,11,false
WCC:WBB,1,3,30125,1,A,12,false
WCC:WBB,1,3,30126,0,A,17,false
WCC:WBB,1,3,30126,1,A,18,false
WCC:WBB,1,3,30127,0,A,15,false
WCC:WBB,1,3,30127,1,A,14,false
WCC:WBB,1,3,30128,0,A,15,false
WCC:WBB,1,3,30128,1,A,14,false
WCC:WBB,1,3,30129,0,A,19,false
WCC:WBB,1,3,30129,1,A,16,false
WCC:WBB,1,3,30130,0,A,19,false
WCC:WBB,1,3,30130,1,A,16,false
WCC:WBB,1,3,30131,0,A,23,false
WCC:WBB,1,3,30131,1,A,18,false
WCC:WBB,1,3,30132,0,A,13,false
WCC:WBB,1,3,30132,1,A,14,false
WCC:WBB,1,3,30133,0,A,17,false
WCC:WBB,1,3,30133,1,A,18,false
WCC:WBB,1,3,30134,0,A,19,false
WCC:WBB,1,3,30134,1,A,14,false
WCC:WBB,1,3,30135,0,A,13,false
WCC:WBB,1,3,30135,1,A,18,false
WCC:WBB,1,3,30136,0,A,13,false
WCC:WBB,1,3,30136,1,A,18,false
WCC:WBB,1,3,30137,0,A,31,false
WCC:WBB,1,3,30137,1,A,20,false
WCC:WBB,1,3,30138,0,A,15,false
WCC:WBB,1,3,30138,1,A,18,false
WCC:WBB,1,3,30139,0,A,17,false
WCC:WBB,1,3,30139,1,A,16,false
WCC:WBB,1,3,30140,0,A,15,false
WCC:WBB,1,3,30140,1,A,24,false
WCC:WBB,1,3,30141,0,A,13,false
WCC:WBB,1,3,30141,1,A,18,false
WCC:WBB,1,3,30142,0,A,15,false
WCC:WBB,1,3,30142,1,A,24,false
WCC:WBB,1,3,30143,0,A,13,false
WCC:WBB,1,3,30143,1,A,16,false
WCC:WBB,1,3,30144,0,A,27,false
WCC:WBB,1,3,30144,1,A,20,false
WCC:WBB,1,3,30145,0,A,15,false
WCC:WBB,1,3,30145,1,A,18,false
WCC:WBB,1,3,30146,0,A,15,false
WCC:WBB,1,3,30146,1,A,14,false
WCC:WBB,1,3,30147,0,A,17,false
WCC:WBB,1,3,30147,1,A,22,false
WCC:WBB,1,3,30148,0,A,13,false
WCC:WBB,1,3,30148,1,A,16,false
WCC:WBB,1,3,30149,0,A,17,false
WCC:WBB,1,3,30149,1,A,18,false
WCC:WBB,2,1,10200,0,B,19,false
WCC:WBB,2,1,10200,1,B,18,false
WCC:WBB,2,1,10201,0,B,10,false
WCC:WBB,2,1,10201,1,B,24,false
WCC:WBB,2,1,10202,0,B,18,false
WCC:WBB,2,1,10202,1,B,17,false
WCC:WBB,2,1,10203,0,draw,100,true
WCC:WBB,2,1,10203,1,B,40,false
WCC:WBB,2,1,10204,0,B,20,false
WCC:WBB,2,1,10204,1,B,26,false
WCC:WBB,2,1,10205,0,B,15,false
WCC:WBB,2,1,10205,1,B,18,false
WCC:WBB,2,1,10206,0,draw,100,true
WCC:WBB,2,1,10206,1,draw,100,true
WCC:WBB,2,1,10207,0,B,20,false
WCC:WBB,2,1,10207,1,B,38,false
WCC:WBB,2,1,10208,0,B,22,false
WCC:WBB,2,1,10208,1,B,19,false
WCC:WBB,2,1,10209,0,B,17,false
WCC:WBB,2,1,10209,1,B,17,false
WCC:WBB,2,1,10210,0,B,37,false
WCC:WBB,2,1,10210,1,B,18,false
WCC:WBB,2,1,10211,0,B,27,false
WCC:WBB,2,1,10211,1,B,15,false
WCC:WBB,2,1,10212,0,B,26,false
WCC:WBB,2,1,10212,1,B,22,false
WCC:WBB,2,1,10213,0,B,88,false
WCC:WBB,2,1,10213,1,B,25,false
WCC:WBB,2,1,10214,0,B,87,false
WCC:WBB,2,1,10214,1,B,26,false
WCC:WBB,2,1,10215,0,B,20,false
WCC:WBB,2,1,10215,1,B,13,false
WCC:WBB,2,1,10216,0,B,16,false
WCC:WBB,2,1,10216,1,B,13,false
WCC:WBB,2,1,10217,0,B,23,false
WCC:WBB,2,1,10217,1,B,16,false
WCC:WBB,2,1,10218,0,B,27,false
WCC:WBB,2,1,10218,1,B,20,false
WCC:WBB,2,1,10219,0,B,14,false
WCC:WBB,2,1,10219,1,B,13,false
WCC:WBB,2,1,10220,0,B,14,false
WCC:WBB,2,1,10220,1,B,13,false
WCC:WBB,2,1,10221,0,B,12,false
WCC:WBB,2,1,10221,1,B,18,false
WCC:WBB,2,1,10222,0,B,21,false
WCC:WBB,2,1,10222,1,B,13,false
WCC:WBB,2,1,10223,0,B,19,false
WCC:WBB,2,1,10223,1,B,26,false
WCC:WBB,2,1,10224,0,B,19,false
WCC:WBB,2,1,10224,1,B,15,false
WCC:WBB,2,1,10225,0,B,17,false
WCC:WBB,2,1,10225,1,B,15,false
WCC:WBB,2,1,10226,0,B,19,false
WCC:WBB,2,1,10226,1,B,24,false
WCC:WBB,2,1,10227,0,B,18,false
WCC:WBB,2,1,10227,1,B,16,false
WCC:WBB,2,1,10228,0,B,12,false
WCC:WBB,2,1,10228,1,B,18,false
WCC:WBB,2,1,10229,0,B,20,false
WCC:WBB,2,1,10229,1,B,13,false
WCC:WBB,2,1,10230,0,B,81,false
WCC:WBB,2,1,10230,1,B,47,false
WCC:WBB,2,1,10231,0,B,14,false
WCC:WBB,2,1,10231,1,B,18,false
WCC:WBB,2,1,10232,0,B,16,false
WCC:WBB,2,1,10232,1,B,16,false
WCC:WBB,2,1,10233,0,B,34,false
WCC:WBB,2,1,10233,1,B,62,false
WCC:WBB,2,1,10234,0,B,16,false
WCC:WBB,2,1,10234,1,B,15,false
WCC:WBB,2,1,10235,0,B,14,false
WCC:WBB,2,1,10235,1,B,18,false
WCC:WBB,2,1,10236,0,B,17,false
WCC:WBB,2,1,10236,1,B,20,false
WCC:WBB,2,1,10237,0,B,25,false
WCC:WBB,2,1,10237,1,B,70,false
WCC:WBB,2,1,10238,0,B,14,false
WCC:WBB,2,1,10238,1,B,18,false
WCC:WBB,2,1,10239,0,B,27,false
WCC:WBB,2,1,10239,1,draw,100,true
WCC:WBB,2,1,10240,0,B,25,false
WCC:WBB,2,1,10240,1,B,15,false
WCC:WBB,2,1,10241,0,B,15,false
WCC:WBB,2,1,10241,1,B,18,false
WCC:WBB,2,1,10242,0,B,18,false
WCC:WBB,2,1,10242,1,B,15,false
WCC:WBB,2,1,10243,0,B,51,false
WCC:WBB,2,1,10243,1,B,19,false
WCC:WBB,2,1,10244,0,B,16,false
WCC:WBB,2,1,10244,1,B,20,false
WCC:WBB,2,1,10245,0,B,14,false
WCC:WBB,2,1,10245,1,B,18,false
WCC:WBB,2,1,10246,0,B,22,false
WCC:WBB,2,1,10246,1,B,18,false
WCC:WBB,2,1,10247,0,draw,100,true
WCC:WBB,2,1,10247,1,B,37,false
WCC:WBB,2,1,10248,0,B,12,false
WCC:WBB,2,1,10248,1,B,19,false
WCC:WBB,2,1,10249,0,B,15,false
WCC:WBB,2,1,10249,1,B,22,false
WCC:WBB,2,2,20200,0,B,14,false
WCC:WBB,2,2,20200,1,B,19,false
WCC:WBB,2,2,20201,0,B,17,false
WCC:WBB,2,2,20201,1,B,13,false
WCC:WBB,2,2,20202,0,B,17,false
WCC:WBB,2,2,20202,1,B,18,false
WCC:WBB,2,2,20203,0,B,25,false
WCC:WBB,2,2,20203,1,B,21,false
WCC:WBB,2,2,20204,0,B,33,false
WCC:WBB,2,2,20204,1,B,21,false
WCC:WBB,2,2,20205,0,B,16,false
WCC:WBB,2,2,20205,1,B,18,false
WCC:WBB,2,2,20206,0,B,14,false
WCC:WBB,2,2,20206,1,B,19,false
WCC:WBB,2,2,20207,0,B,14,false
WCC:WBB,2,2,20207,1,B,15,false
WCC:WBB,2,2,20208,0,B,25,false
WCC:WBB,2,2,20208,1,B,22,false
WCC:WBB,2,2,20209,0,B,39,false
WCC:WBB,2,2,20209,1,B,31,false
WCC:WBB,2,2,20210,0,B,23,false
WCC:WBB,2,2,20210,1,B,24,false
WCC:WBB,2,2,20211,0,B,17,false
WCC:WBB,2,2,20211,1,B,24,false
WCC:WBB,2,2,20212,0,B,65,false
WCC:WBB,2,2,20212,1,draw,100,true
WCC:WBB,2,2,20213,0,B,29,false
WCC:WBB,2,2,20213,1,B,18,false
WCC:WBB,2,2,20214,0,B,24,false
WCC:WBB,2,2,20214,1,B,26,false
WCC:WBB,2,2,20215,0,B,17,false
WCC:WBB,2,2,20215,1,B,15,false
WCC:WBB,2,2,20216,0,B,31,false
WCC:WBB,2,2,20216,1,B,32,false
WCC:WBB,2,2,20217,0,B,16,false
WCC:WBB,2,2,20217,1,B,15,false
WCC:WBB,2,2,20218,0,B,19,false
WCC:WBB,2,2,20218,1,B,25,false
WCC:WBB,2,2,20219,0,B,14,false
WCC:WBB,2,2,20219,1,B,16,false
WCC:WBB,2,2,20220,0,B,27,false
WCC:WBB,2,2,20220,1,B,17,false
WCC:WBB,2,2,20221,0,B,16,false
WCC:WBB,2,2,20221,1,B,20,false
WCC:WBB,2,2,20222,0,B,23,false
WCC:WBB,2,2,20222,1,B,19,false
WCC:WBB,2,2,20223,0,B,19,false
WCC:WBB,2,2,20223,1,B,20,false
WCC:WBB,2,2,20224,0,B,21,false
WCC:WBB,2,2,20224,1,B,17,false
WCC:WBB,2,2,20225,0,B,17,false
WCC:WBB,2,2,20225,1,B,40,false
WCC:WBB,2,2,20226,0,B,41,false
WCC:WBB,2,2,20226,1,B,21,false
WCC:WBB,2,2,20227,0,B,25,false
WCC:WBB,2,2,20227,1,B,16,false
WCC:WBB,2,2,20228,0,B,19,false
WCC:WBB,2,2,20228,1,B,17,false
WCC:WBB,2,2,20229,0,B,14,false
WCC:WBB,2,2,20229,1,B,13,false
WCC:WBB,2,2,20230,0,B,24,false
WCC:WBB,2,2,20230,1,B,39,false
WCC:WBB,2,2,20231,0,B,19,false
WCC:WBB,2,2,20231,1,B,19,false
WCC:WBB,2,2,20232,0,B,12,false
WCC:WBB,2,2,20232,1,B,19,false
WCC:WBB,2,2,20233,0,B,19,false
WCC:WBB,2,2,20233,1,B,22,false
WCC:WBB,2,2,20234,0,B,27,false
WCC:WBB,2,2,20234,1,B,17,false
WCC:WBB,2,2,20235,0,B,15,false
WCC:WBB,2,2,20235,1,B,23,false
WCC:WBB,2,2,20236,0,B,16,false
WCC:WBB,2,2,20236,1,B,44,false
WCC:WBB,2,2,20237,0,B,14,false
WCC:WBB,2,2,20237,1,B,21,false
WCC:WBB,2,2,20238,0,B,20,false
WCC:WBB,2,2,20238,1,B,16,false
WCC:WBB,2,2,20239,0,B,21,false
WCC:WBB,2,2,20239,1,B,18,false
WCC:WBB,2,2,20240,0,B,17,false
WCC:WBB,2,2,20240,1,B,16,false
WCC:WBB,2,2,20241,0,B,14,false
WCC:WBB,2,2,20241,1,B,15,false
WCC:WBB,2,2,20242,0,B,38,false
WCC:WBB,2,2,20242,1,B,20,false
WCC:WBB,2,2,20243,0,B,18,false
WCC:WBB,2,2,20243,1,B,23,false
WCC:WBB,2,2,20244,0,B,23,false
WCC:WBB,2,2,20244,1,B,18,false
WCC:WBB,2,2,20245,0,B,17,false
WCC:WBB,2,2,20245,1,B,11,false
WCC:WBB,2,2,20246,0,B,16,false
WCC:WBB,2,2,20246,1,B,15,false
WCC:WBB,2,2,20247,0,B,10,false
WCC:WBB,2,2,20247,1,B,15,false
WCC:WBB,2,2,20248,0,B,20,false
WCC:WBB,2,2,20248,1,B,21,false
WCC:WBB,2,2,20249,0,B,17,false
WCC:WBB,2,2,20249,1,B,17,false
WCC:WBB,2,3,30200,0,A,21,false
WCC:WBB,2,3,30200,1,B,28,false
WCC:WBB,2,3,30201,0,A,17,false
WCC:WBB,2,3,30201,1,A,18,false
WCC:WBB,2,3,30202,0,B,25,false
WCC:WBB,2,3,30202,1,B,28,false
WCC:WBB,2,3,30203,0,A,15,false
WCC:WBB,2,3,30203,1,A,18,false
WCC:WBB,2,3,30204,0,A,21,false
WCC:WBB,2,3,30204,1,B,24,false
WCC:WBB,2,3,30205,0,B,17,false
WCC:WBB,2,3,30205,1,B,17,false
WCC:WBB,2,3,30206,0,B,14,false
WCC:WBB,2,3,30206,1,A,18,false
WCC:WBB,2,3,30207,0,B,33,false
WCC:WBB,2,3,30207,1,A,24,false
WCC:WBB,2,3,30208,0,A,17,false
WCC:WBB,2,3,30208,1,B,21,false
WCC:WBB,2,3,30209,0,B,18,false
WCC:WBB,2,3,30209,1,B,19,false
WCC:WBB,2,3,30210,0,B,20,false
WCC:WBB,2,3,30210,1,B,34,false
WCC:WBB,2,3,30211,0,B,18,false
WCC:WBB,2,3,30211,1,A,22,false
WCC:WBB,2,3,30212,0,A,19,false
WCC:WBB,2,3,30212,1,A,18,false
WCC:WBB,2,3,30213,0,B,23,false
WCC:WBB,2,3,30213,1,A,20,false
WCC:WBB,2,3,30214,0,A,17,false
WCC:WBB,2,3,30214,1,B,22,false
WCC:WBB,2,3,30215,0,B,21,false
WCC:WBB,2,3,30215,1,B,28,false
WCC:WBB,2,3,30216,0,B,31,false
WCC:WBB,2,3,30216,1,A,24,false
WCC:WBB,2,3,30217,0,B,28,false
WCC:WBB,2,3,30217,1,A,22,false
WCC:WBB,2,3,30218,0,B,25,false
WCC:WBB,2,3,30218,1,B,19,false
WCC:WBB,2,3,30219,0,B,26,false
WCC:WBB,2,3,30219,1,B,36,false
WCC:WBB,2,3,30220,0,A,15,false
WCC:WBB,2,3,30220,1,B,26,false
WCC:WBB,2,3,30221,0,A,19,false
WCC:WBB,2,3,30221,1,B,30,false
WCC:WBB,2,3,30222,0,B,25,false
WCC:WBB,2,3,30222,1,B,22,false
WCC:WBB,2,3,30223,0,B,25,false
WCC:WBB,2,3,30223,1,A,14,false
WCC:WBB,2,3,30224,0,B,21,false
WCC:WBB,2,3,30224,1,A,14,false
WCC:WBB,2,3,30225,0,A,21,false
WCC:WBB,2,3,30225,1,A,16,false
WCC:WBB,2,3,30226,0,B,23,false
WCC:WBB,2,3,30226,1,B,28,false
WCC:WBB,2,3,30227,0,B,21,false
WCC:WBB,2,3,30227,1,A,28,false
WCC:WBB,2,3,30228,0,B,26,false
WCC:WBB,2,3,30228,1,draw,100,true
WCC:WBB,2,3,30229,0,B,23,false
WCC:WBB,2,3,30229,1,B,20,false
WCC:WBB,2,3,30230,0,B,22,false
WCC:WBB,2,3,30230,1,B,29,false
WCC:WBB,2,3,30231,0,A,21,false
WCC:WBB,2,3,30231,1,B,40,false
WCC:WBB,2,3,30232,0,A,21,false
WCC:WBB,2,3,30232,1,B,24,false
WCC:WBB,2,3,30233,0,A,17,false
WCC:WBB,2,3,30233,1,B,15,false
WCC:WBB,2,3,30234,0,A,27,false
WCC:WBB,2,3,30234,1,B,15,false
WCC:WBB,2,3,30235,0,B,21,false
WCC:WBB,2,3,30235,1,B,15,false
WCC:WBB,2,3,30236,0,A,33,false
WCC:WBB,2,3,30236,1,draw,100,true
WCC:WBB,2,3,30237,0,B,25,false
WCC:WBB,2,3,30237,1,B,23,false
WCC:WBB,2,3,30238,0,B,24,false
WCC:WBB,2,3,30238,1,B,26,false
WCC:WBB,2,3,30239,0,A,19,false
WCC:WBB,2,3,30239,1,B,24,false
WCC:WBB,2,3,30240,0,B,15,false
WCC:WBB,2,3,30240,1,A,18,false
WCC:WBB,2,3,30241,0,A,15,false
WCC:WBB,2,3,30241,1,B,14,false
WCC:WBB,2,3,30242,0,B,20,false
WCC:WBB,2,3,30242,1,B,18,false
WCC:WBB,2,3,30243,0,A,35,false
WCC:WBB,2,3,30243,1,B,36,false
WCC:WBB,2,3,30244,0,A,25,false
WCC:WBB,2,3,30244,1,B,42,false
WCC:WBB,2,3,30245,0,B,23,false
WCC:WBB,2,3,30245,1,A,18,false
WCC:WBB,2,3,30246,0,B,14,false
WCC:WBB,2,3,30246,1,B,20,false
WCC:WBB,2,3,30247,0,draw,100,true
WCC:WBB,2,3,30247,1,B,20,false
WCC:WBB,2,3,30248,0,B,24,false
WCC:WBB,2,3,30248,1,B,22,false
WCC:WBB,2,3,30249,0,A,29,false
WCC:WBB,2,3,30249,1,B,30,false
WCC:WBB,2,4,40200,0,A,25,false
WCC:WBB,2,4,40200,1,A,20,false
WCC:WBB,2,4,40201,0,A,21,false
WCC:WBB,2,4,40201,1,A,22,false
WCC:WBB,2,4,40202,0,A,19,false
WCC:WBB,2,4,40202,1,A,28,false
WCC:WBB,2,4,40203,0,A,21,false
WCC:WBB,2,4,40203,1,A,24,false
WCC:WBB,2,4,40204,0,B,22,false
WCC:WBB,2,4,40204,1,A,18,false
WCC:WBB,2,4,40205,0,A,19,false
WCC:WBB,2,4,40205,1,A,20,false
WCC:WBB,2,4,40206,0,A,17,false
WCC:WBB,2,4,40206,1,A,26,false
WCC:WBB,2,4,40207,0,A,17,false
WCC:WBB,2,4,40207,1,A,16,false
WCC:WBB,2,4,40208,0,A,19,false
WCC:WBB,2,4,40208,1,A,22,false
WCC:WBB,2,4,40209,0,B,25,false
WCC:WBB,2,4,40209,1,A,24,false
WCC:WBB,2,4,40210,0,A,21,false
WCC:WBB,2,4,40210,1,A,18,false
WCC:WBB,2,4,40211,0,A,17,false
WCC:WBB,2,4,40211,1,A,14,false
WCC:WBB,2,4,40212,0,A,19,false
WCC:WBB,2,4,40212,1,A,20,false
WCC:WBB,2,4,40213,0,A,27,false
WCC:WBB,2,4,40213,1,A,22,false
WCC:WBB,2,4,40214,0,A,19,false
WCC:WBB,2,4,40214,1,A,16,false
WCC:WBB,2,4,40215,0,A,19,false
WCC:WBB,2,4,40215,1,B,22,false
WCC:WBB,2,4,40216,0,B,18,false
WCC:WBB,2,4,40216,1,A,22,false
WCC:WBB,2,4,40217,0,A,17,false
WCC:WBB,2,4,40217,1,A,16,false
WCC:WBB,2,4,40218,0,A,19,false
WCC:WBB,2,4,40218,1,A,18,false
WCC:WBB,2,4,40219,0,A,19,false
WCC:WBB,2,4,40219,1,A,18,false
WCC:WBB,2,4,40220,0,B,23,false
WCC:WBB,2,4,40220,1,A,20,false
WCC:WBB,2,4,40221,0,A,19,false
WCC:WBB,2,4,40221,1,A,18,false
WCC:WBB,2,4,40222,0,B,17,false
WCC:WBB,2,4,40222,1,A,16,false
WCC:WBB,2,4,40223,0,A,15,false
WCC:WBB,2,4,40223,1,A,16,false
WCC:WBB,2,4,40224,0,A,19,false
WCC:WBB,2,4,40224,1,A,18,false
WCC:WBB,2,4,40225,0,A,17,false
WCC:WBB,2,4,40225,1,A,18,false
WCC:WBB,2,4,40226,0,B,16,false
WCC:WBB,2,4,40226,1,A,28,false
WCC:WBB,2,4,40227,0,A,17,false
WCC:WBB,2,4,40227,1,A,14,false
WCC:WBB,2,4,40228,0,A,29,false
WCC:WBB,2,4,40228,1,A,22,false
WCC:WBB,2,4,40229,0,A,13,false
WCC:WBB,2,4,40229,1,A,12,false
WCC:WBB,2,4,40230,0,A,21,false
WCC:WBB,2,4,40230,1,A,20,false
WCC:WBB,2,4,40231,0,B,20,false
WCC:WBB,2,4,40231,1,A,16,false
WCC:WBB,2,4,40232,0,A,21,false
WCC:WBB,2,4,40232,1,A,14,false
WCC:WBB,2,4,40233,0,A,19,false
WCC:WBB,2,4,40233,1,A,20,false
WCC:WBB,2,4,40234,0,A,15,false
WCC:WBB,2,4,40234,1,A,20,false
WCC:WBB,2,4,40235,0,A,17,false
WCC:WBB,2,4,40235,1,A,20,false
WCC:WBB,2,4,40236,0,A,15,false
WCC:WBB,2,4,40236,1,A,12,false
WCC:WBB,2,4,40237,0,A,21,false
WCC:WBB,2,4,40237,1,A,26,false
WCC:WBB,2,4,40238,0,A,23,false
WCC:WBB,2,4,40238,1,A,16,false
WCC:WBB,2,4,40239,0,A,15,false
WCC:WBB,2,4,40239,1,A,16,false
WCC:WBB,2,4,40240,0,A,19,false
WCC:WBB,2,4,40240,1,A,22,false
WCC:WBB,2,4,40241,0,A,23,false
WCC:WBB,2,4,40241,1,A,18,false
WCC:WBB,2,4,40242,0,A,31,false
WCC:WBB,2,4,40242,1,A,20,false
WCC:WBB,2,4,40243,0,A,17,false
WCC:WBB,2,4,40243,1,A,16,false
WCC:WBB,2,4,40244,0,A,21,false
WCC:WBB,2,4,40244,1,A,18,false
WCC:WBB,2,4,40245,0,A,17,false
WCC:WBB,2,4,40245,1,A,20,false
WCC:WBB,2,4,40246,0,A,15,false
WCC:WBB,2,4,40246,1,A,26,false
WCC:WBB,2,4,40247,0,B,33,false
WCC:WBB,2,4,40247,1,A,38,false
WCC:WBB,2,4,40248,0,A,15,false
WCC:WBB,2,4,40248,1,B,30,false
WCC:WBB,2,4,40249,0,A,19,false
WCC:WBB,2,4,40249,1,A,28,false
WCC:WBB,2,5,50200,0,A,21,false
WCC:WBB,2,5,50200,1,A,18,false
WCC:WBB,2,5,50201,0,A,21,false
WCC:WBB,2,5,50201,1,A,22,false
WCC:WBB,2,5,50202,0,A,27,false
WCC:WBB,2,5,50202,1,A,18,false
WCC:WBB,2,5,50203,0,A,23,false
WCC:WBB,2,5,50203,1,A,18,false
WCC:WBB,2,5,50204,0,A,31,false
WCC:WBB,2,5,50204,1,A,36,false
WCC:WBB,2,5,50205,0,A,17,false
WCC:WBB,2,5,50205,1,A,14,false
WCC:WBB,2,5,50206,0,A,19,false
WCC:WBB,2,5,50206,1,A,18,false
WCC:WBB,2,5,50207,0,A,19,false
WCC:WBB,2,5,50207,1,A,38,false
WCC:WBB,2,5,50208,0,A,19,false
WCC:WBB,2,5,50208,1,A,20,false
WCC:WBB,2,5,50209,0,A,13,false
WCC:WBB,2,5,50209,1,A,12,false
WCC:WBB,2,5,50210,0,A,19,false
WCC:WBB,2,5,50210,1,A,40,false
WCC:WBB,2,5,50211,0,A,29,false
WCC:WBB,2,5,50211,1,A,20,false
WCC:WBB,2,5,50212,0,A,17,false
WCC:WBB,2,5,50212,1,A,16,false
WCC:WBB,2,5,50213,0,A,17,false
WCC:WBB,2,5,50213,1,A,14,false
WCC:WBB,2,5,50214,0,draw,100,true
WCC:WBB,2,5,50214,1,A,30,false
WCC:WBB,2,5,50215,0,A,29,false
WCC:WBB,2,5,50215,1,A,14,false
WCC:WBB,2,5,50216,0,A,17,false
WCC:WBB,2,5,50216,1,A,16,false
WCC:WBB,2,5,50217,0,A,19,false
WCC:WBB,2,5,50217,1,A,18,false
WCC:WBB,2,5,50218,0,A,17,false
WCC:WBB,2,5,50218,1,A,24,false
WCC:WBB,2,5,50219,0,A,17,false
WCC:WBB,2,5,50219,1,A,18,false
WCC:WBB,2,5,50220,0,A,19,false
WCC:WBB,2,5,50220,1,A,16,false
WCC:WBB,2,5,50221,0,B,32,false
WCC:WBB,2,5,50221,1,A,20,false
WCC:WBB,2,5,50222,0,A,21,false
WCC:WBB,2,5,50222,1,A,22,false
WCC:WBB,2,5,50223,0,A,19,false
WCC:WBB,2,5,50223,1,A,22,false
WCC:WBB,2,5,50224,0,A,13,false
WCC:WBB,2,5,50224,1,A,14,false
WCC:WBB,2,5,50225,0,A,15,false
WCC:WBB,2,5,50225,1,A,16,false
WCC:WBB,2,5,50226,0,A,15,false
WCC:WBB,2,5,50226,1,A,18,false
WCC:WBB,2,5,50227,0,A,11,false
WCC:WBB,2,5,50227,1,A,18,false
WCC:WBB,2,5,50228,0,A,15,false
WCC:WBB,2,5,50228,1,A,16,false
WCC:WBB,2,5,50229,0,A,19,false
WCC:WBB,2,5,50229,1,A,20,false
WCC:WBB,2,5,50230,0,A,25,false
WCC:WBB,2,5,50230,1,A,20,false
WCC:WBB,2,5,50231,0,A,17,false
WCC:WBB,2,5,50231,1,A,14,false
WCC:WBB,2,5,50232,0,A,19,false
WCC:WBB,2,5,50232,1,A,16,false
WCC:WBB,2,5,50233,0,A,17,false
WCC:WBB,2,5,50233,1,A,26,false
WCC:WBB,2,5,50234,0,A,13,false
WCC:WBB,2,5,50234,1,A,14,false
WCC:WBB,2,5,50235,0,A,17,false
WCC:WBB,2,5,50235,1,A,22,false
WCC:WBB,2,5,50236,0,A,19,false
WCC:WBB,2,5,50236,1,A,14,false
WCC:WBB,2,5,50237,0,A,19,false
WCC:WBB,2,5,50237,1,A,28,false
WCC:WBB,2,5,50238,0,A,13,false
WCC:WBB,2,5,50238,1,A,14,false
WCC:WBB,2,5,50239,0,A,15,false
WCC:WBB,2,5,50239,1,A,18,false
WCC:WBB,2,5,50240,0,A,17,false
WCC:WBB,2,5,50240,1,A,14,false
WCC:WBB,2,5,50241,0,A,17,false
WCC:WBB,2,5,50241,1,A,18,false
WCC:WBB,2,5,50242,0,A,19,false
WCC:WBB,2,5,50242,1,A,24,false
WCC:WBB,2,5,50243,0,A,21,false
WCC:WBB,2,5,50243,1,A,16,false
WCC:WBB,2,5,50244,0,A,19,false
WCC:WBB,2,5,50244,1,A,18,false
WCC:WBB,2,5,50245,0,A,15,false
WCC:WBB,2,5,50245,1,A,18,false
WCC:WBB,2,5,50246,0,A,17,false
WCC:WBB,2,5,50246,1,A,14,false
WCC:WBB,2,5,50247,0,A,15,false
WCC:WBB,2,5,50247,1,A,16,false
WCC:WBB,2,5,50248,0,A,17,false
WCC:WBB,2,5,50248,1,A,14,false
WCC:WBB,2,5,50249,0,A,13,false
WCC:WBB,2,5,50249,1,A,20,false
WCC:WBB,3,1,10300,0,B,14,false
WCC:WBB,3,1,10300,1,B,18,false
WCC:WBB,3,1,10301,0,B,19,false
WCC:WBB,3,1,10301,1,B,20,false
WCC:WBB,3,1,10302,0,B,10,false
WCC:WBB,3,1,10302,1,B,17,false
WCC:WBB,3,1,10303,0,B,12,false
WCC:WBB,3,1,10303,1,B,13,false
WCC:WBB,3,1,10304,0,B,12,false
WCC:WBB,3,1,10304,1,B,17,false
WCC:WBB,3,1,10305,0,B,20,false
WCC:WBB,3,1,10305,1,B,15,false
WCC:WBB,3,1,10306,0,B,27,false
WCC:WBB,3,1,10306,1,B,17,false
WCC:WBB,3,1,10307,0,B,29,false
WCC:WBB,3,1,10307,1,B,27,false
WCC:WBB,3,1,10308,0,B,16,false
WCC:WBB,3,1,10308,1,B,27,false
WCC:WBB,3,1,10309,0,B,10,false
WCC:WBB,3,1,10309,1,B,24,false
WCC:WBB,3,1,10310,0,B,17,false
WCC:WBB,3,1,10310,1,B,20,false
WCC:WBB,3,1,10311,0,B,8,false
WCC:WBB,3,1,10311,1,B,15,false
WCC:WBB,3,1,10312,0,B,17,false
WCC:WBB,3,1,10312,1,B,13,false
WCC:WBB,3,1,10313,0,B,16,false
WCC:WBB,3,1,10313,1,B,17,false
WCC:WBB,3,1,10314,0,B,18,false
WCC:WBB,3,1,10314,1,B,20,false
WCC:WBB,3,1,10315,0,B,14,false
WCC:WBB,3,1,10315,1,B,13,false
WCC:WBB,3,1,10316,0,B,14,false
WCC:WBB,3,1,10316,1,B,15,false
WCC:WBB,3,1,10317,0,B,26,false
WCC:WBB,3,1,10317,1,B,20,false
WCC:WBB,3,1,10318,0,B,19,false
WCC:WBB,3,1,10318,1,B,9,false
WCC:WBB,3,1,10319,0,B,18,false
WCC:WBB,3,1,10319,1,B,15,false
WCC:WBB,3,1,10320,0,B,15,false
WCC:WBB,3,1,10320,1,B,13,false
WCC:WBB,3,1,10321,0,B,20,false
WCC:WBB,3,1,10321,1,B,20,false
WCC:WBB,3,1,10322,0,B,10,false
WCC:WBB,3,1,10322,1,B,13,false
WCC:WBB,3,1,10323,0,B,14,false
WCC:WBB,3,1,10323,1,B,24,false
WCC:WBB,3,1,10324,0,B,16,false
WCC:WBB,3,1,10324,1,B,13,false
WCC:WBB,3,1,10325,0,B,14,false
WCC:WBB,3,1,10325,1,B,18,false
WCC:WBB,3,1,10326,0,B,12,false
WCC:WBB,3,1,10326,1,B,20,false
WCC:WBB,3,1,10327,0,B,21,false
WCC:WBB,3,1,10327,1,B,14,false
WCC:WBB,3,1,10328,0,B,19,false
WCC:WBB,3,1,10328,1,B,18,false
WCC:WBB,3,1,10329,0,B,30,false
WCC:WBB,3,1,10329,1,B,26,false
WCC:WBB,3,1,10330,0,B,29,false
WCC:WBB,3,1,10330,1,B,46,false
WCC:WBB,3,1,10331,0,B,14,false
WCC:WBB,3,1,10331,1,B,15,false
WCC:WBB,3,1,10332,0,B,19,false
WCC:WBB,3,1,10332,1,B,16,false
WCC:WBB,3,1,10333,0,B,12,false
WCC:WBB,3,1,10333,1,B,13,false
WCC:WBB,3,1,10334,0,B,15,false
WCC:WBB,3,1,10334,1,B,19,false
WCC:WBB,3,1,10335,0,B,27,false
WCC:WBB,3,1,10335,1,B,17,false
WCC:WBB,3,1,10336,0,B,18,false
WCC:WBB,3,1,10336,1,B,15,false
WCC:WBB,3,1,10337,0,B,15,false
WCC:WBB,3,1,10337,1,B,16,false
WCC:WBB,3,1,10338,0,B,30,false
WCC:WBB,3,1,10338,1,B,11,false
WCC:WBB,3,1,10339,0,B,19,false
WCC:WBB,3,1,10339,1,B,13,false
WCC:WBB,3,1,10340,0,B,14,false
WCC:WBB,3,1,10340,1,B,16,false
WCC:WBB,3,1,10341,0,B,20,false
WCC:WBB,3,1,10341,1,B,15,false
WCC:WBB,3,1,10342,0,B,25,false
WCC:WBB,3,1,10342,1,B,15,false
WCC:WBB,3,1,10343,0,B,16,false
WCC:WBB,3,1,10343,1,B,13,false
WCC:WBB,3,1,10344,0,B,14,false
WCC:WBB,3,1,10344,1,B,24,false
WCC:WBB,3,1,10345,0,B,18,false
WCC:WBB,3,1,10345,1,B,58,false
WCC:WBB,3,1,10346,0,B,10,false
WCC:WBB,3,1,10346,1,B,24,false
WCC:WBB,3,1,10347,0,B,27,false
WCC:WBB,3,1,10347,1,B,16,false
WCC:WBB,3,1,10348,0,B,16,false
WCC:WBB,3,1,10348,1,B,15,false
WCC:WBB,3,1,10349,0,B,16,false
WCC:WBB,3,1,10349,1,B,13,false
WCC:WBB,3,2,20300,0,B,16,false
WCC:WBB,3,2,20300,1,B,17,false
WCC:WBB,3,2,20301,0,B,14,false
WCC:WBB,3,2,20301,1,B,13,false
WCC:WBB,3,2,20302,0,B,12,false
WCC:WBB,3,2,20302,1,B,14,false
WCC:WBB,3,2,20303,0,B,25,false
WCC:WBB,3,2,20303,1,B,22,false
WCC:WBB,3,2,20304,0,B,33,false
WCC:WBB,3,2,20304,1,B,23,false
WCC:WBB,3,2,20305,0,B,18,false
WCC:WBB,3,2,20305,1,B,19,false
WCC:WBB,3,2,20306,0,B,20,false
WCC:WBB,3,2,20306,1,B,18,false
WCC:WBB,3,2,20307,0,B,16,false
WCC:WBB,3,2,20307,1,B,14,false
WCC:WBB,3,2,20308,0,B,24,false
WCC:WBB,3,2,20308,1,B,16,false
WCC:WBB,3,2,20309,0,B,18,false
WCC:WBB,3,2,20309,1,B,30,false
WCC:WBB,3,2,20310,0,B,20,false
WCC:WBB,3,2,20310,1,B,21,false
WCC:WBB,3,2,20311,0,B,17,false
WCC:WBB,3,2,20311,1,B,18,false
WCC:WBB,3,2,20312,0,B,20,false
WCC:WBB,3,2,20312,1,B,16,false
WCC:WBB,3,2,20313,0,B,24,false
WCC:WBB,3,2,20313,1,B,20,false
WCC:WBB,3,2,20314,0,B,18,false
WCC:WBB,3,2,20314,1,B,19,false
WCC:WBB,3,2,20315,0,B,17,false
WCC:WBB,3,2,20315,1,B,16,false
WCC:WBB,3,2,20316,0,B,20,false
WCC:WBB,3,2,20316,1,B,26,false
WCC:WBB,3,2,20317,0,B,18,false
WCC:WBB,3,2,20317,1,B,22,false
WCC:WBB,3,2,20318,0,B,41,false
WCC:WBB,3,2,20318,1,draw,100,true
WCC:WBB,3,2,20319,0,B,27,false
WCC:WBB,3,2,20319,1,B,28,false
WCC:WBB,3,2,20320,0,B,21,false
WCC:WBB,3,2,20320,1,B,29,false
WCC:WBB,3,2,20321,0,B,25,false
WCC:WBB,3,2,20321,1,B,15,false
WCC:WBB,3,2,20322,0,B,22,false
WCC:WBB,3,2,20322,1,B,20,false
WCC:WBB,3,2,20323,0,B,16,false
WCC:WBB,3,2,20323,1,B,13,false
WCC:WBB,3,2,20324,0,B,23,false
WCC:WBB,3,2,20324,1,B,13,false
WCC:WBB,3,2,20325,0,B,17,false
WCC:WBB,3,2,20325,1,B,13,false
WCC:WBB,3,2,20326,0,B,19,false
WCC:WBB,3,2,20326,1,B,19,false
WCC:WBB,3,2,20327,0,draw,100,true
WCC:WBB,3,2,20327,1,draw,100,true
WCC:WBB,3,2,20328,0,B,24,false
WCC:WBB,3,2,20328,1,B,13,false
WCC:WBB,3,2,20329,0,B,11,false
WCC:WBB,3,2,20329,1,B,18,false
WCC:WBB,3,2,20330,0,B,31,false
WCC:WBB,3,2,20330,1,B,23,false
WCC:WBB,3,2,20331,0,B,13,false
WCC:WBB,3,2,20331,1,B,15,false
WCC:WBB,3,2,20332,0,B,20,false
WCC:WBB,3,2,20332,1,B,19,false
WCC:WBB,3,2,20333,0,B,35,false
WCC:WBB,3,2,20333,1,B,38,false
WCC:WBB,3,2,20334,0,B,16,false
WCC:WBB,3,2,20334,1,B,19,false
WCC:WBB,3,2,20335,0,B,14,false
WCC:WBB,3,2,20335,1,B,20,false
WCC:WBB,3,2,20336,0,B,16,false
WCC:WBB,3,2,20336,1,B,15,false
WCC:WBB,3,2,20337,0,B,32,false
WCC:WBB,3,2,20337,1,B,28,false
WCC:WBB,3,2,20338,0,B,19,false
WCC:WBB,3,2,20338,1,B,17,false
WCC:WBB,3,2,20339,0,B,18,false
WCC:WBB,3,2,20339,1,B,21,false
WCC:WBB,3,2,20340,0,B,17,false
WCC:WBB,3,2,20340,1,B,13,false
WCC:WBB,3,2,20341,0,B,18,false
WCC:WBB,3,2,20341,1,B,17,false
WCC:WBB,3,2,20342,0,B,16,false
WCC:WBB,3,2,20342,1,B,19,false
WCC:WBB,3,2,20343,0,B,14,false
WCC:WBB,3,2,20343,1,B,18,false
WCC:WBB,3,2,20344,0,B,21,false
WCC:WBB,3,2,20344,1,B,26,false
WCC:WBB,3,2,20345,0,B,17,false
WCC:WBB,3,2,20345,1,B,16,false
WCC:WBB,3,2,20346,0,B,20,false
WCC:WBB,3,2,20346,1,B,35,false
WCC:WBB,3,2,20347,0,B,16,false
WCC:WBB,3,2,20347,1,B,16,false
WCC:WBB,3,2,20348,0,B,17,false
WCC:WBB,3,2,20348,1,B,15,false
WCC:WBB,3,2,20349,0,B,16,false
WCC:WBB,3,2,20349,1,B,19,false
WCC:WBB,3,3,30300,0,B,21,false
WCC:WBB,3,3,30300,1,B,31,false
WCC:WBB,3,3,30301,0,B,22,false
WCC:WBB,3,3,30301,1,B,21,false
WCC:WBB,3,3,30302,0,B,19,false
WCC:WBB,3,3,30302,1,B,13,false
WCC:WBB,3,3,30303,0,B,20,false
WCC:WBB,3,3,30303,1,B,19,false
WCC:WBB,3,3,30304,0,B,17,false
WCC:WBB,3,3,30304,1,B,18,false
WCC:WBB,3,3,30305,0,B,19,false
WCC:WBB,3,3,30305,1,B,18,false
WCC:WBB,3,3,30306,0,B,27,false
WCC:WBB,3,3,30306,1,B,22,false
WCC:WBB,3,3,30307,0,B,32,false
WCC:WBB,3,3,30307,1,B,24,false
WCC:WBB,3,3,30308,0,B,20,false
WCC:WBB,3,3,30308,1,B,17,false
WCC:WBB,3,3,30309,0,B,20,false
WCC:WBB,3,3,30309,1,B,19,false
WCC:WBB,3,3,30310,0,B,34,false
WCC:WBB,3,3,30310,1,B,21,false
WCC:WBB,3,3,30311,0,B,23,false
WCC:WBB,3,3,30311,1,B,21,false
WCC:WBB,3,3,30312,0,B,23,false
WCC:WBB,3,3,30312,1,B,18,false
WCC:WBB,3,3,30313,0,B,23,false
WCC:WBB,3,3,30313,1,B,25,false
WCC:WBB,3,3,30314,0,B,23,false
WCC:WBB,3,3,30314,1,B,18,false
WCC:WBB,3,3,30315,0,B,17,false
WCC:WBB,3,3,30315,1,B,17,false
WCC:WBB,3,3,30316,0,draw,100,true
WCC:WBB,3,3,30316,1,B,23,false
WCC:WBB,3,3,30317,0,B,21,false
WCC:WBB,3,3,30317,1,B,29,false
WCC:WBB,3,3,30318,0,B,23,false
WCC:WBB,3,3,30318,1,B,18,false
WCC:WBB,3,3,30319,0,B,17,false
WCC:WBB,3,3,30319,1,B,22,false
WCC:WBB,3,3,30320,0,B,26,false
WCC:WBB,3,3,30320,1,B,29,false
WCC:WBB,3,3,30321,0,B,18,false
WCC:WBB,3,3,30321,1,B,20,false
WCC:WBB,3,3,30322,0,B,20,false
WCC:WBB,3,3,30322,1,B,30,false
WCC:WBB,3,3,30323,0,B,22,false
WCC:WBB,3,3,30323,1,B,23,false
WCC:WBB,3,3,30324,0,B,16,false
WCC:WBB,3,3,30324,1,B,26,false
WCC:WBB,3,3,30325,0,B,18,false
WCC:WBB,3,3,30325,1,B,15,false
WCC:WBB,3,3,30326,0,B,25,false
WCC:WBB,3,3,30326,1,B,22,false
WCC:WBB,3,3,30327,0,B,26,false
WCC:WBB,3,3,30327,1,B,21,false
WCC:WBB,3,3,30328,0,B,14,false
WCC:WBB,3,3,30328,1,B,20,false
WCC:WBB,3,3,30329,0,B,31,false
WCC:WBB,3,3,30329,1,B,18,false
WCC:WBB,3,3,30330,0,B,17,false
WCC:WBB,3,3,30330,1,B,17,false
WCC:WBB,3,3,30331,0,B,19,false
WCC:WBB,3,3,30331,1,B,19,false
WCC:WBB,3,3,30332,0,B,28,false
WCC:WBB,3,3,30332,1,B,15,false
WCC:WBB,3,3,30333,0,B,19,false
WCC:WBB,3,3,30333,1,B,14,false
WCC:WBB,3,3,30334,0,B,23,false
WCC:WBB,3,3,30334,1,B,15,false
WCC:WBB,3,3,30335,0,B,37,false
WCC:WBB,3,3,30335,1,B,22,false
WCC:WBB,3,3,30336,0,B,20,false
WCC:WBB,3,3,30336,1,B,24,false
WCC:WBB,3,3,30337,0,B,20,false
WCC:WBB,3,3,30337,1,B,18,false
WCC:WBB,3,3,30338,0,B,17,false
WCC:WBB,3,3,30338,1,B,17,false
WCC:WBB,3,3,30339,0,B,21,false
WCC:WBB,3,3,30339,1,B,23,false
WCC:WBB,3,3,30340,0,B,20,false
WCC:WBB,3,3,30340,1,B,19,false
WCC:WBB,3,3,30341,0,B,20,false
WCC:WBB,3,3,30341,1,B,20,false
WCC:WBB,3,3,30342,0,B,20,false
WCC:WBB,3,3,30342,1,B,24,false
WCC:WBB,3,3,30343,0,B,21,false
WCC:WBB,3,3,30343,1,B,23,false
WCC:WBB,3,3,30344,0,B,30,false
WCC:WBB,3,3,30344,1,B,33,false
WCC:WBB,3,3,30345,0,B,17,false
WCC:WBB,3,3,30345,1,B,24,false
WCC:WBB,3,3,30346,0,B,29,false
WCC:WBB,3,3,30346,1,B,23,false
WCC:WBB,3,3,30347,0,B,22,false
WCC:WBB,3,3,30347,1,B,22,false
WCC:WBB,3,3,30348,0,B,18,false
WCC:WBB,3,3,30348,1,B,17,false
WCC:WBB,3,3,30349,0,B,17,false
WCC:WBB,3,3,30349,1,B,23,false
WCC:WBB,3,4,40300,0,B,31,false
WCC:WBB,3,4,40300,1,B,33,false
WCC:WBB,3,4,40301,0,B,20,false
WCC:WBB,3,4,40301,1,B,23,false
WCC:WBB,3,4,40302,0,B,26,false
WCC:WBB,3,4,40302,1,B,18,false
WCC:WBB,3,4,40303,0,B,17,false
WCC:WBB,3,4,40303,1,B,24,false
WCC:WBB,3,4,40304,0,B,25,false
WCC:WBB,3,4,40304,1,A,20,false
WCC:WBB,3,4,40305,0,A,23,false
WCC:WBB,3,4,40305,1,B,26,false
WCC:WBB,3,4,40306,0,B,26,false
WCC:WBB,3,4,40306,1,B,34,false
WCC:WBB,3,4,40307,0,B,25,false
WCC:WBB,3,4,40307,1,B,24,false
WCC:WBB,3,4,40308,0,A,17,false
WCC:WBB,3,4,40308,1,B,16,false
WCC:WBB,3,4,40309,0,B,45,false
WCC:WBB,3,4,40309,1,B,28,false
WCC:WBB,3,4,40310,0,B,21,false
WCC:WBB,3,4,40310,1,B,24,false
WCC:WBB,3,4,40311,0,B,24,false
WCC:WBB,3,4,40311,1,B,24,false
WCC:WBB,3,4,40312,0,B,20,false
WCC:WBB,3,4,40312,1,B,24,false
WCC:WBB,3,4,40313,0,B,26,false
WCC:WBB,3,4,40313,1,B,22,false
WCC:WBB,3,4,40314,0,B,19,false
WCC:WBB,3,4,40314,1,B,24,false
WCC:WBB,3,4,40315,0,B,31,false
WCC:WBB,3,4,40315,1,B,30,false
WCC:WBB,3,4,40316,0,B,24,false
WCC:WBB,3,4,40316,1,B,23,false
WCC:WBB,3,4,40317,0,B,19,false
WCC:WBB,3,4,40317,1,A,18,false
WCC:WBB,3,4,40318,0,B,18,false
WCC:WBB,3,4,40318,1,A,18,false
WCC:WBB,3,4,40319,0,A,17,false
WCC:WBB,3,4,40319,1,B,18,false
WCC:WBB,3,4,40320,0,B,23,false
WCC:WBB,3,4,40320,1,B,16,false
WCC:WBB,3,4,40321,0,draw,100,true
WCC:WBB,3,4,40321,1,B,28,false
WCC:WBB,3,4,40322,0,B,22,false
WCC:WBB,3,4,40322,1,B,22,false
WCC:WBB,3,4,40323,0,B,20,false
WCC:WBB,3,4,40323,1,A,18,false
WCC:WBB,3,4,40324,0,B,18,false
WCC:WBB,3,4,40324,1,B,34,false
WCC:WBB,3,4,40325,0,B,27,false
WCC:WBB,3,4,40325,1,B,19,false
WCC:WBB,3,4,40326,0,B,14,false
WCC:WBB,3,4,40326,1,B,22,false
WCC:WBB,3,4,40327,0,B,24,false
WCC:WBB,3,4,40327,1,B,25,false
WCC:WBB,3,4,40328,0,B,25,false
WCC:WBB,3,4,40328,1,B,24,false
WCC:WBB,3,4,40329,0,B,20,false
WCC:WBB,3,4,40329,1,B,23,false
WCC:WBB,3,4,40330,0,B,19,false
WCC:WBB,3,4,40330,1,B,28,false
WCC:WBB,3,4,40331,0,A,21,false
WCC:WBB,3,4,40331,1,B,24,false
WCC:WBB,3,4,40332,0,B,25,false
WCC:WBB,3,4,40332,1,B,30,false
WCC:WBB,3,4,40333,0,B,33,false
WCC:WBB,3,4,40333,1,draw,100,true
WCC:WBB,3,4,40334,0,B,18,false
WCC:WBB,3,4,40334,1,A,18,false
WCC:WBB,3,4,40335,0,B,20,false
WCC:WBB,3,4,40335,1,B,23,false
WCC:WBB,3,4,40336,0,A,23,false
WCC:WBB,3,4,40336,1,B,32,false
WCC:WBB,3,4,40337,0,B,20,false
WCC:WBB,3,4,40337,1,B,21,false
WCC:WBB,3,4,40338,0,A,19,false
WCC:WBB,3,4,40338,1,B,22,false
WCC:WBB,3,4,40339,0,A,17,false
WCC:WBB,3,4,40339,1,B,24,false
WCC:WBB,3,4,40340,0,A,19,false
WCC:WBB,3,4,40340,1,B,32,false
WCC:WBB,3,4,40341,0,B,14,false
WCC:WBB,3,4,40341,1,B,18,false
WCC:WBB,3,4,40342,0,B,19,false
WCC:WBB,3,4,40342,1,A,20,false
WCC:WBB,3,4,40343,0,B,18,false
WCC:WBB,3,4,40343,1,A,30,false
WCC:WBB,3,4,40344,0,A,29,false
WCC:WBB,3,4,40344,1,B,27,false
WCC:WBB,3,4,40345,0,A,27,false
WCC:WBB,3,4,40345,1,B,28,false
WCC:WBB,3,4,40346,0,B,27,false
WCC:WBB,3,4,40346,1,A,28,false
WCC:WBB,3,4,40347,0,B,18,false
WCC:WBB,3,4,40347,1,A,24,false
WCC:WBB,3,4,40348,0,draw,100,true
WCC:WBB,3,4,40348,1,draw,100,true
WCC:WBB,3,4,40349,0,B,25,false
WCC:WBB,3,4,40349,1,A,18,false
WCC:WBB,3,5,50300,0,B,20,false
WCC:WBB,3,5,50300,1,A,20,false
WCC:WBB,3,5,50301,0,B,25,false
WCC:WBB,3,5,50301,1,A,20,false
WCC:WBB,3,5,50302,0,A,27,false
WCC:WBB,3,5,50302,1,B,21,false
WCC:WBB,3,5,50303,0,A,21,false
WCC:WBB,3,5,50303,1,B,26,false
WCC:WBB,3,5,50304,0,B,21,false
WCC:WBB,3,5,50304,1,A,24,false
WCC:WBB,3,5,50305,0,A,27,false
WCC:WBB,3,5,50305,1,A,28,false
WCC:WBB,3,5,50306,0,A,19,false
WCC:WBB,3,5,50306,1,A,20,false
WCC:WBB,3,5,50307,0,A,23,false
WCC:WBB,3,5,50307,1,A,18,false
WCC:WBB,3,5,50308,0,A,19,false
WCC:WBB,3,5,50308,1,A,18,false
WCC:WBB,3,5,50309,0,A,21,false
WCC:WBB,3,5,50309,1,A,40,false
WCC:WBB,3,5,50310,0,A,19,false
WCC:WBB,3,5,50310,1,B,25,false
WCC:WBB,3,5,50311,0,A,23,false
WCC:WBB,3,5,50311,1,A,30,false
WCC:WBB,3,5,50312,0,A,13,false
WCC:WBB,3,5,50312,1,A,16,false
WCC:WBB,3,5,50313,0,A,19,false
WCC:WBB,3,5,50313,1,A,20,false
WCC:WBB,3,5,50314,0,B,23,false
WCC:WBB,3,5,50314,1,A,16,false
WCC:WBB,3,5,50315,0,A,21,false
WCC:WBB,3,5,50315,1,A,20,false
WCC:WBB,3,5,50316,0,A,23,false
WCC:WBB,3,5,50316,1,A,28,false
WCC:WBB,3,5,50317,0,B,18,false
WCC:WBB,3,5,50317,1,A,20,false
WCC:WBB,3,5,50318,0,A,19,false
WCC:WBB,3,5,50318,1,B,26,false
WCC:WBB,3,5,50319,0,A,19,false
WCC:WBB,3,5,50319,1,A,18,false
WCC:WBB,3,5,50320,0,A,25,false
WCC:WBB,3,5,50320,1,B,24,false
WCC:WBB,3,5,50321,0,A,29,false
WCC:WBB,3,5,50321,1,A,28,false
WCC:WBB,3,5,50322,0,B,21,false
WCC:WBB,3,5,50322,1,A,20,false
WCC:WBB,3,5,50323,0,A,15,false
WCC:WBB,3,5,50323,1,A,16,false
WCC:WBB,3,5,50324,0,A,17,false
WCC:WBB,3,5,50324,1,A,18,false
WCC:WBB,3,5,50325,0,A,19,false
WCC:WBB,3,5,50325,1,A,20,false
WCC:WBB,3,5,50326,0,A,17,false
WCC:WBB,3,5,50326,1,A,16,false
WCC:WBB,3,5,50327,0,B,23,false
WCC:WBB,3,5,50327,1,A,20,false
WCC:WBB,3,5,50328,0,A,19,false
WCC:WBB,3,5,50328,1,A,20,false
WCC:WBB,3,5,50329,0,A,33,false
WCC:WBB,3,5,50329,1,A,16,false
WCC:WBB,3,5,50330,0,B,25,false
WCC:WBB,3,5,50330,1,A,20,false
WCC:WBB,3,5,50331,0,A,17,false
WCC:WBB,3,5,50331,1,B,19,false
WCC:WBB,3,5,50332,0,B,22,false
WCC:WBB,3,5,50332,1,B,22,false
WCC:WBB,3,5,50333,0,A,21,false
WCC:WBB,3,5,50333,1,B,26,false
WCC:WBB,3,5,50334,0,B,25,false
WCC:WBB,3,5,50334,1,A,20,false
WCC:WBB,3,5,50335,0,B,23,false
WCC:WBB,3,5,50335,1,A,18,false
WCC:WBB,3,5,50336,0,A,23,false
WCC:WBB,3,5,50336,1,B,21,false
WCC:WBB,3,5,50337,0,A,25,false
WCC:WBB,3,5,50337,1,B,30,false
WCC:WBB,3,5,50338,0,B,23,false
WCC:WBB,3,5,50338,1,B,23,false
WCC:WBB,3,5,50339,0,A,19,false
WCC:WBB,3,5,50339,1,A,28,false
WCC:WBB,3,5,50340,0,B,25,false
WCC:WBB,3,5,50340,1,A,24,false
WCC:WBB,3,5,50341,0,B,27,false
WCC:WBB,3,5,50341,1,A,32,false
WCC:WBB,3,5,50342,0,A,17,false
WCC:WBB,3,5,50342,1,A,24,false
WCC:WBB,3,5,50343,0,B,25,false
WCC:WBB,3,5,50343,1,A,22,false
WCC:WBB,3,5,50344,0,A,17,false
WCC:WBB,3,5,50344,1,A,20,false
WCC:WBB,3,5,50345,0,B,20,false
WCC:WBB,3,5,50345,1,A,18,false
WCC:WBB,3,5,50346,0,B,24,false
WCC:WBB,3,5,50346,1,A,24,false
WCC:WBB,3,5,50347,0,A,25,false
WCC:WBB,3,5,50347,1,A,24,false
WCC:WBB,3,5,50348,0,B,23,false
WCC:WBB,3,5,50348,1,A,16,false
WCC:WBB,3,5,50349,0,A,19,false
WCC:WBB,3,5,50349,1,A,18,false
WCC:WBB,3,6,60300,0,A,17,false
WCC:WBB,3,6,60300,1,B,22,false
WCC:WBB,3,6,60301,0,A,19,false
WCC:WBB,3,6,60301,1,B,18,false
WCC:WBB,3,6,60302,0,A,25,false
WCC:WBB,3,6,60302,1,A,22,false
WCC:WBB,3,6,60303,0,A,15,false
WCC:WBB,3,6,60303,1,A,22,false
WCC:WBB,3,6,60304,0,A,15,false
WCC:WBB,3,6,60304,1,A,18,false
WCC:WBB,3,6,60305,0,A,15,false
WCC:WBB,3,6,60305,1,A,18,false
WCC:WBB,3,6,60306,0,A,15,false
WCC:WBB,3,6,60306,1,A,14,false
WCC:WBB,3,6,60307,0,A,15,false
WCC:WBB,3,6,60307,1,A,20,false
WCC:WBB,3,6,60308,0,A,15,false
WCC:WBB,3,6,60308,1,A,20,false
WCC:WBB,3,6,60309,0,A,19,false
WCC:WBB,3,6,60309,1,A,16,false
WCC:WBB,3,6,60310,0,A,15,false
WCC:WBB,3,6,60310,1,A,22,false
WCC:WBB,3,6,60311,0,A,23,false
WCC:WBB,3,6,60311,1,A,18,false
WCC:WBB,3,6,60312,0,A,19,false
WCC:WBB,3,6,60312,1,A,20,false
WCC:WBB,3,6,60313,0,A,21,false
WCC:WBB,3,6,60313,1,A,24,false
WCC:WBB,3,6,60314,0,A,25,false
WCC:WBB,3,6,60314,1,A,20,false
WCC:WBB,3,6,60315,0,A,15,false
WCC:WBB,3,6,60315,1,A,16,false
WCC:WBB,3,6,60316,0,A,23,false
WCC:WBB,3,6,60316,1,B,26,false
WCC:WBB,3,6,60317,0,A,21,false
WCC:WBB,3,6,60317,1,A,22,false
WCC:WBB,3,6,60318,0,A,15,false
WCC:WBB,3,6,60318,1,A,14,false
WCC:WBB,3,6,60319,0,A,19,false
WCC:WBB,3,6,60319,1,A,20,false
WCC:WBB,3,6,60320,0,A,19,false
WCC:WBB,3,6,60320,1,A,18,false
WCC:WBB,3,6,60321,0,A,19,false
WCC:WBB,3,6,60321,1,A,22,false
WCC:WBB,3,6,60322,0,A,17,false
WCC:WBB,3,6,60322,1,A,18,false
WCC:WBB,3,6,60323,0,B,28,false
WCC:WBB,3,6,60323,1,A,40,false
WCC:WBB,3,6,60324,0,A,27,false
WCC:WBB,3,6,60324,1,A,14,false
WCC:WBB,3,6,60325,0,A,17,false
WCC:WBB,3,6,60325,1,A,16,false
WCC:WBB,3,6,60326,0,A,17,false
WCC:WBB,3,6,60326,1,A,16,false
WCC:WBB,3,6,60327,0,A,17,false
WCC:WBB,3,6,60327,1,A,16,false
WCC:WBB,3,6,60328,0,A,17,false
WCC:WBB,3,6,60328,1,A,20,false
WCC:WBB,3,6,60329,0,A,23,false
WCC:WBB,3,6,60329,1,A,24,false
WCC:WBB,3,6,60330,0,A,21,false
WCC:WBB,3,6,60330,1,A,20,false
WCC:WBB,3,6,60331,0,A,23,false
WCC:WBB,3,6,60331,1,A,18,false
WCC:WBB,3,6,60332,0,A,27,false
WCC:WBB,3,6,60332,1,A,26,false
WCC:WBB,3,6,60333,0,A,27,false
WCC:WBB,3,6,60333,1,A,28,false
WCC:WBB,3,6,60334,0,A,23,false
WCC:WBB,3,6,60334,1,A,16,false
WCC:WBB,3,6,60335,0,A,17,false
WCC:WBB,3,6,60335,1,A,18,false
WCC:WBB,3,6,60336,0,A,29,false
WCC:WBB,3,6,60336,1,A,22,false
WCC:WBB,3,6,60337,0,A,15,false
WCC:WBB,3,6,60337,1,A,26,false
WCC:WBB,3,6,60338,0,A,21,false
WCC:WBB,3,6,60338,1,A,30,false
WCC:WBB,3,6,60339,0,A,23,false
WCC:WBB,3,6,60339,1,A,16,false
WCC:WBB,3,6,60340,0,A,15,false
WCC:WBB,3,6,60340,1,A,20,false
WCC:WBB,3,6,60341,0,A,15,false
WCC:WBB,3,6,60341,1,A,28,false
WCC:WBB,3,6,60342,0,A,21,false
WCC:WBB,3,6,60342,1,A,16,false
WCC:WBB,3,6,60343,0,A,17,false
WCC:WBB,3,6,60343,1,A,18,false
WCC:WBB,3,6,60344,0,A,25,false
WCC:WBB,3,6,60344,1,A,32,false
WCC:WBB,3,6,60345,0,A,27,false
WCC:WBB,3,6,60345,1,A,32,false
WCC:WBB,3,6,60346,0,A,21,false
WCC:WBB,3,6,60346,1,A,22,false
WCC:WBB,3,6,60347,0,A,21,false
WCC:WBB,3,6,60347,1,A,16,false
WCC:WBB,3,6,60348,0,A,21,false
WCC:WBB,3,6,60348,1,B,21,false
WCC:WBB,3,6,60349,0,A,17,false
WCC:WBB,3,6,60349,1,A,14,false
WCC:WBB,3,7,70300,0,A,17,false
WCC:WBB,3,7,70300,1,A,18,false
WCC:WBB,3,7,70301,0,A,15,false
WCC:WBB,3,7,70301,1,A,18,false
WCC:WBB,3,7,70302,0,A,15,false
WCC:WBB,3,7,70302,1,A,18,false
WCC:WBB,3,7,70303,0,A,15,false
WCC:WBB,3,7,70303,1,A,22,false
WCC:WBB,3,7,70304,0,A,21,false
WCC:WBB,3,7,70304,1,A,20,false
WCC:WBB,3,7,70305,0,A,15,false
WCC:WBB,3,7,70305,1,A,18,false
WCC:WBB,3,7,70306,0,A,17,false
WCC:WBB,3,7,70306,1,A,20,false
WCC:WBB,3,7,70307,0,A,17,false
WCC:WBB,3,7,70307,1,A,12,false
WCC:WBB,3,7,70308,0,A,15,false
WCC:WBB,3,7,70308,1,A,22,false
WCC:WBB,3,7,70309,0,A,15,false
WCC:WBB,3,7,70309,1,A,16,false
WCC:WBB,3,7,70310,0,A,21,false
WCC:WBB,3,7,70310,1,A,18,false
WCC:WBB,3,7,70311,0,A,19,false
WCC:WBB,3,7,70311,1,A,12,false
WCC:WBB,3,7,70312,0,A,15,false
WCC:WBB,3,7,70312,1,A,18,false
WCC:WBB,3,7,70313,0,A,35,false
WCC:WBB,3,7,70313,1,A,30,false
WCC:WBB,3,7,70314,0,A,21,false
WCC:WBB,3,7,70314,1,A,14,false
WCC:WBB,3,7,70315,0,A,19,false
WCC:WBB,3,7,70315,1,A,20,false
WCC:WBB,3,7,70316,0,A,13,false
WCC:WBB,3,7,70316,1,A,22,false
WCC:WBB,3,7,70317,0,A,25,false
WCC:WBB,3,7,70317,1,A,16,false
WCC:WBB,3,7,70318,0,A,21,false
WCC:WBB,3,7,70318,1,A,14,false
WCC:WBB,3,7,70319,0,A,21,false
WCC:WBB,3,7,70319,1,A,26,false
WCC:WBB,3,7,70320,0,A,17,false
WCC:WBB,3,7,70320,1,A,16,false
WCC:WBB,3,7,70321,0,A,21,false
WCC:WBB,3,7,70321,1,A,18,false
WCC:WBB,3,7,70322,0,A,17,false
WCC:WBB,3,7,70322,1,A,18,false
WCC:WBB,3,7,70323,0,A,21,false
WCC:WBB,3,7,70323,1,A,20,false
WCC:WBB,3,7,70324,0,A,17,false
WCC:WBB,3,7,70324,1,A,18,false
WCC:WBB,3,7,70325,0,A,19,false
WCC:WBB,3,7,70325,1,A,22,false
WCC:WBB,3,7,70326,0,A,21,false
WCC:WBB,3,7,70326,1,A,22,false
WCC:WBB,3,7,70327,0,A,17,false
WCC:WBB,3,7,70327,1,A,18,false
WCC:WBB,3,7,70328,0,A,17,false
WCC:WBB,3,7,70328,1,A,16,false
WCC:WBB,3,7,70329,0,A,17,false
WCC:WBB,3,7,70329,1,A,22,false
WCC:WBB,3,7,70330,0,A,13,false
WCC:WBB,3,7,70330,1,A,18,false
WCC:WBB,3,7,70331,0,A,21,false
WCC:WBB,3,7,70331,1,A,18,false
WCC:WBB,3,7,70332,0,A,19,false
WCC:WBB,3,7,70332,1,A,14,false
WCC:WBB,3,7,70333,0,A,19,false
WCC:WBB,3,7,70333,1,A,20,false
WCC:WBB,3,7,70334,0,A,17,false
WCC:WBB,3,7,70334,1,A,18,false
WCC:WBB,3,7,70335,0,draw,100,true
WCC:WBB,3,7,70335,1,A,36,false
WCC:WBB,3,7,70336,0,A,15,false
WCC:WBB,3,7,70336,1,A,20,false
WCC:WBB,3,7,70337,0,A,19,false
WCC:WBB,3,7,70337,1,A,20,false
WCC:WBB,3,7,70338,0,A,15,false
WCC:WBB,3,7,70338,1,A,14,false
WCC:WBB,3,7,70339,0,A,21,false
WCC:WBB,3,7,70339,1,A,26,false
WCC:WBB,3,7,70340,0,A,15,false
WCC:WBB,3,7,70340,1,A,20,false
WCC:WBB,3,7,70341,0,A,21,false
WCC:WBB,3,7,70341,1,A,18,false
WCC:WBB,3,7,70342,0,A,19,false
WCC:WBB,3,7,70342,1,A,16,false
WCC:WBB,3,7,70343,0,A,15,false
WCC:WBB,3,7,70343,1,A,18,false
WCC:WBB,3,7,70344,0,A,19,false
WCC:WBB,3,7,70344,1,A,14,false
WCC:WBB,3,7,70345,0,A,39,false
WCC:WBB,3,7,70345,1,A,30,false
WCC:WBB,3,7,70346,0,A,19,false
WCC:WBB,3,7,70346,1,A,16,false
WCC:WBB,3,7,70347,0,A,23,false
WCC:WBB,3,7,70347,1,A,18,false
WCC:WBB,3,7,70348,0,A,17,false
WCC:WBB,3,7,70348,1,A,20,false
WCC:WBB,3,7,70349,0,A,17,false
WCC:WBB,3,7,70349,1,A,18,false
WDD:WCC,1,1,10100,0,B,28,false
WDD:WCC,1,1,10100,1,B,22,false
WDD:WCC,1,1,10101,0,B,20,false
WDD:WCC,1,1,10101,1,B,23,false
WDD:WCC,1,1,10102,0,A,17,false
WDD:WCC,1,1,10102,1,A,16,false
WDD:WCC,1,1,10103,0,B,20,false
WDD:WCC,1,1,10103,1,B,19,false
WDD:WCC,1,1,10104,0,B,26,false
WDD:WCC,1,1,10104,1,A,18,false
WDD:WCC,1,1,10105,0,B,30,false
WDD:WCC,1,1,10105,1,B,22,false
WDD:WCC,1,1,10106,0,A,21,false
WDD:WCC,1,1,10106,1,B,26,false
WDD:WCC,1,1,10107,0,B,23,false
WDD:WCC,1,1,10107,1,B,27,false
WDD:WCC,1,1,10108,0,B,16,false
WDD:WCC,1,1,10108,1,A,16,false
WDD:WCC,1,1,10109,0,B,34,false
WDD:WCC,1,1,10109,1,B,25,false
WDD:WCC,1,1,10110,0,B,26,false
WDD:WCC,1,1,10110,1,B,21,false
WDD:WCC,1,1,10111,0,B,26,false
WDD:WCC,1,1,10111,1,B,53,false
WDD:WCC,1,1,10112,0,B,34,false
WDD:WCC,1,1,10112,1,B,44,false
WDD:WCC,1,1,10113,0,A,19,false
WDD:WCC,1,1,10113,1,B,19,false
WDD:WCC,1,1,10114,0,A,19,false
WDD:WCC,1,1,10114,1,B,18,false
WDD:WCC,1,1,10115,0,B,13,false
WDD:WCC,1,1,10115,1,B,17,false
WDD:WCC,1,1,10116,0,A,23,false
WDD:WCC,1,1,10116,1,B,27,false
WDD:WCC,1,1,10117,0,B,16,false
WDD:WCC,1,1,10117,1,B,19,false
WDD:WCC,1,1,10118,0,A,19,false
WDD:WCC,1,1,10118,1,B,15,false
WDD:WCC,1,1,10119,0,B,22,false
WDD:WCC,1,1,10119,1,B,19,false
WDD:WCC,1,1,10120,0,B,19,false
WDD:WCC,1,1,10120,1,B,19,false
WDD:WCC,1,1,10121,0,B,29,false
WDD:WCC,1,1,10121,1,B,32,false
WDD:WCC,1,1,10122,0,B,18,false
WDD:WCC,1,1,10122,1,B,27,false
WDD:WCC,1,1,10123,0,A,17,false
WDD:WCC,1,1,10123,1,B,19,false
WDD:WCC,1,1,10124,0,A,23,false
WDD:WCC,1,1,10124,1,B,19,false
WDD:WCC,1,1,10125,0,B,22,false
WDD:WCC,1,1,10125,1,B,23,false
WDD:WCC,1,1,10126,0,A,15,false
WDD:WCC,1,1,10126,1,B,18,false
WDD:WCC,1,1,10127,0,A,35,false
WDD:WCC,1,1,10127,1,B,57,false
WDD:WCC,1,1,10128,0,B,18,false
WDD:WCC,1,1,10128,1,B,14,false
WDD:WCC,1,1,10129,0,A,19,false
WDD:WCC,1,1,10129,1,B,18,false
WDD:WCC,1,1,10130,0,B,19,false
WDD:WCC,1,1,10130,1,B,21,false
WDD:WCC,1,1,10131,0,B,20,false
WDD:WCC,1,1,10131,1,B,21,false
WDD:WCC,1,1,10132,0,B,17,false
WDD:WCC,1,1,10132,1,B,20,false
WDD:WCC,1,1,10133,0,B,16,false
WDD:WCC,1,1,10133,1,B,14,false
WDD:WCC,1,1,10134,0,B,29,false
WDD:WCC,1,1,10134,1,B,23,false
WDD:WCC,1,1,10135,0,B,19,false
WDD:WCC,1,1,10135,1,B,14,false
WDD:WCC,1,1,10136,0,B,24,false
WDD:WCC,1,1,10136,1,B,28,false
WDD:WCC,1,1,10137,0,B,32,false
WDD:WCC,1,1,10137,1,B,26,false
WDD:WCC,1,1,10138,0,B,28,false
WDD:WCC,1,1,10138,1,B,23,false
WDD:WCC,1,1,10139,0,B,26,false
WDD:WCC,1,1,10139,1,B,25,false
WDD:WCC,1,1,10140,0,A,17,false
WDD:WCC,1,1,10140,1,B,19,false
WDD:WCC,1,1,10141,0,B,28,false
WDD:WCC,1,1,10141,1,B,22,false
WDD:WCC,1,1,10142,0,draw,100,true
WDD:WCC,1,1,10142,1,draw,100,true
WDD:WCC,1,1,10143,0,A,15,false
WDD:WCC,1,1,10143,1,B,16,false
WDD:WCC,1,1,10144,0,B,18,false
WDD:WCC,1,1,10144,1,B,23,false
WDD:WCC,1,1,10145,0,B,20,false
WDD:WCC,1,1,10145,1,A,18,false
WDD:WCC,1,1,10146,0,B,36,false
WDD:WCC,1,1,10146,1,B,37,false
WDD:WCC,1,1,10147,0,B,18,false
WDD:WCC,1,1,10147,1,B,17,false
WDD:WCC,1,1,10148,0,B,34,false
WDD:WCC,1,1,10148,1,B,18,false
WDD:WCC,1,1,10149,0,B,16,false
WDD:WCC,1,1,10149,1,B,27,false
WDD:WCC,1,2,20100,0,A,15,false
WDD:WCC,1,2,20100,1,A,22,false
WDD:WCC,1,2,20101,0,A,17,false
WDD:WCC,1,2,20101,1,A,16,false
WDD:WCC,1,2,20102,0,A,18,false
WDD:WCC,1,2,20102,1,A,22,false
WDD:WCC,1,2,20103,0,A,13,false
WDD:WCC,1,2,20103,1,A,14,false
WDD:WCC,1,2,20104,0,A,19,false
WDD:WCC,1,2,20104,1,A,20,false
WDD:WCC,1,2,20105,0,A,13,false
WDD:WCC,1,2,20105,1,A,16,false
WDD:WCC,1,2,20106,0,A,11,false
WDD:WCC,1,2,20106,1,A,14,false
WDD:WCC,1,2,20107,0,A,19,false
WDD:WCC,1,2,20107,1,A,20,false
WDD:WCC,1,2,20108,0,A,15,false
WDD:WCC,1,2,20108,1,A,18,false
WDD:WCC,1,2,20109,0,A,69,false
WDD:WCC,1,2,20109,1,draw,100,true
WDD:WCC,1,2,20110,0,A,15,false
WDD:WCC,1,2,20110,1,A,18,false
WDD:WCC,1,2,20111,0,A,15,false
WDD:WCC,1,2,20111,1,A,14,false
WDD:WCC,1,2,20112,0,draw,100,true
WDD:WCC,1,2,20112,1,A,34,false
WDD:WCC,1,2,20113,0,A,21,false
WDD:WCC,1,2,20113,1,A,32,false
WDD:WCC,1,2,20114,0,A,15,false
WDD:WCC,1,2,20114,1,A,14,false
WDD:WCC,1,2,20115,0,A,13,false
WDD:WCC,1,2,20115,1,A,16,false
WDD:WCC,1,2,20116,0,A,22,false
WDD:WCC,1,2,20116,1,A,16,false
WDD:WCC,1,2,20117,0,A,21,false
WDD:WCC,1,2,20117,1,draw,100,true
WDD:WCC,1,2,20118,0,A,15,false
WDD:WCC,1,2,20118,1,A,12,false
WDD:WCC,1,2,20119,0,A,21,false
WDD:WCC,1,2,20119,1,A,14,false
WDD:WCC,1,2,20120,0,A,15,false
WDD:WCC,1,2,20120,1,A,16,false
WDD:WCC,1,2,20121,0,A,25,false
WDD:WCC,1,2,20121,1,A,24,false
WDD:WCC,1,2,20122,0,A,19,false
WDD:WCC,1,2,20122,1,A,22,false
WDD:WCC,1,2,20123,0,A,13,false
WDD:WCC,1,2,20123,1,A,18,false
WDD:WCC,1,2,20124,0,draw,100,true
WDD:WCC,1,2,20124,1,B,57,false
WDD:WCC,1,2,20125,0,A,17,false
WDD:WCC,1,2,20125,1,A,17,false
WDD:WCC,1,2,20126,0,A,15,false
WDD:WCC,1,2,20126,1,A,20,false
WDD:WCC,1,2,20127,0,A,17,false
WDD:WCC,1,2,20127,1,A,14,false
WDD:WCC,1,2,20128,0,A,15,false
WDD:WCC,1,2,20128,1,B,23,false
WDD:WCC,1,2,20129,0,B,16,false
WDD:WCC,1,2,20129,1,A,12,false
WDD:WCC,1,2,20130,0,A,17,false
WDD:WCC,1,2,20130,1,A,38,false
WDD:WCC,1,2,20131,0,A,13,false
WDD:WCC,1,2,20131,1,A,16,false
WDD:WCC,1,2,20132,0,A,21,false
WDD:WCC,1,2,20132,1,B,25,false
WDD:WCC,1,2,20133,0,A,15,false
WDD:WCC,1,2,20133,1,A,16,false
WDD:WCC,1,2,20134,0,A,19,false
WDD:WCC,1,2,20134,1,A,14,false
WDD:WCC,1,2,20135,0,A,33,false
WDD:WCC,1,2,20135,1,A,34,false
WDD:WCC,1,2,20136,0,A,13,false
WDD:WCC,1,2,20136,1,A,16,false
WDD:WCC,1,2,20137,0,A,27,false
WDD:WCC,1,2,20137,1,A,12,false
WDD:WCC,1,2,20138,0,A,13,false
WDD:WCC,1,2,20138,1,A,18,false
WDD:WCC,1,2,20139,0,A,21,false
WDD:WCC,1,2,20139,1,A,16,false
WDD:WCC,1,2,20140,0,A,27,false
WDD:WCC,1,2,20140,1,A,28,false
WDD:WCC,1,2,20141,0,A,13,false
WDD:WCC,1,2,20141,1,A,20,false
WDD:WCC,1,2,20142,0,B,16,false
WDD:WCC,1,2,20142,1,B,20,false
WDD:WCC,1,2,20143,0,A,13,false
WDD:WCC,1,2,20143,1,A,12,false
WDD:WCC,1,2,20144,0,A,15,false
WDD:WCC,1,2,20144,1,A,17,false
WDD:WCC,1,2,20145,0,A,19,false
WDD:WCC,1,2,20145,1,A,16,false
WDD:WCC,1,2,20146,0,A,13,false
WDD:WCC,1,2,20146,1,B,21,false
WDD:WCC,1,2,20147,0,A,17,false
WDD:WCC,1,2,20147,1,B,23,false
WDD:WCC,1,2,20148,0,A,13,false
WDD:WCC,1,2,20148,1,A,14,false
WDD:WCC,1,2,20149,0,A,17,false
WDD:WCC,1,2,20149,1,A,18,false
WDD:WCC,1,3,30100,0,A,17,false
WDD:WCC,1,3,30100,1,A,28,false
WDD:WCC,1,3,30101,0,A,31,false
WDD:WCC,1,3,30101,1,A,22,false
WDD:WCC,1,3,30102,0,A,15,false
WDD:WCC,1,3,30102,1,A,18,false
WDD:WCC,1,3,30103,0,A,17,false
WDD:WCC,1,3,30103,1,A,16,false
WDD:WCC,1,3,30104,0,A,17,false
WDD:WCC,1,3,30104,1,A,22,false
WDD:WCC,1,3,30105,0,A,13,false
WDD:WCC,1,3,30105,1,A,16,false
WDD:WCC,1,3,30106,0,A,17,false
WDD:WCC,1,3,30106,1,A,14,false
WDD:WCC,1,3,30107,0,A,13,false
WDD:WCC,1,3,30107,1,A,14,false
WDD:WCC,1,3,30108,0,A,19,false
WDD:WCC,1,3,30108,1,A,16,false
WDD:WCC,1,3,30109,0,A,17,false
WDD:WCC,1,3,30109,1,A,18,false
WDD:WCC,1,3,30110,0,A,17,false
WDD:WCC,1,3,30110,1,A,10,false
WDD:WCC,1,3,30111,0,A,15,false
WDD:WCC,1,3,30111,1,A,12,false
WDD:WCC,1,3,30112,0,A,17,false
WDD:WCC,1,3,30112,1,A,52,false
WDD:WCC,1,3,30113,0,A,11,false
WDD:WCC,1,3,30113,1,A,21,false
WDD:WCC,1,3,30114,0,A,15,false
WDD:WCC,1,3,30114,1,A,12,false
WDD:WCC,1,3,30115,0,A,15,false
WDD:WCC,1,3,30115,1,A,14,false
WDD:WCC,1,3,30116,0,A,15,false
WDD:WCC,1,3,30116,1,A,16,false
WDD:WCC,1,3,30117,0,A,17,false
WDD:WCC,1,3,30117,1,A,12,false
WDD:WCC,1,3,30118,0,A,17,false
WDD:WCC,1,3,30118,1,A,14,false
WDD:WCC,1,3,30119,0,A,15,false
WDD:WCC,1,3,30119,1,A,12,false
WDD:WCC,1,3,30120,0,A,13,false
WDD:WCC,1,3,30120,1,A,16,false
WDD:WCC,1,3,30121,0,A,31,false
WDD:WCC,1,3,30121,1,A,32,false
WDD:WCC,1,3,30122,0,A,13,false
WDD:WCC,1,3,30122,1,A,12,false
WDD:WCC,1,3,30123,0,A,17,false
WDD:WCC,1,3,30123,1,A,15,false
WDD:WCC,1,3,30124,0,A,15,false
WDD:WCC,1,3,30124,1,A,20,false
WDD:WCC,1,3,30125,0,A,13,false
WDD:WCC,1,3,30125,1,A,14,false
WDD:WCC,1,3,30126,0,A,15,false
WDD:WCC,1,3,30126,1,A,14,false
WDD:WCC,1,3,30127,0,A,19,false
WDD:WCC,1,3,30127,1,A,14,false
WDD:WCC,1,3,30128,0,A,17,false
WDD:WCC,1,3,30128,1,A,12,false
WDD:WCC,1,3,30129,0,A,15,false
WDD:WCC,1,3,30129,1,A,24,false
WDD:WCC,1,3,30130,0,A,15,false
WDD:WCC,1,3,30130,1,A,18,false
WDD:WCC,1,3,30131,0,A,15,false
WDD:WCC,1,3,30131,1,A,15,false
WDD:WCC,1,3,30132,0,A,15,false
WDD:WCC,1,3,30132,1,A,12,false
WDD:WCC,1,3,30133,0,A,15,false
WDD:WCC,1,3,30133,1,A,16,false
WDD:WCC,1,3,30134,0,A,13,false
WDD:WCC,1,3,30134,1,A,14,false
WDD:WCC,1,3,30135,0,A,13,false
WDD:WCC,1,3,30135,1,A,12,false
WDD:WCC,1,3,30136,0,A,19,false
WDD:WCC,1,3,30136,1,A,12,false
WDD:WCC,1,3,30137,0,A,15,false
WDD:WCC,1,3,30137,1,A,23,false
WDD:WCC,1,3,30138,0,A,13,false
WDD:WCC,1,3,30138,1,A,18,false
WDD:WCC,1,3,30139,0,A,17,false
WDD:WCC,1,3,30139,1,A,16,false
WDD:WCC,1,3,30140,0,A,15,false
WDD:WCC,1,3,30140,1,A,14,false
WDD:WCC,1,3,30141,0,A,11,false
WDD:WCC,1,3,30141,1,A,14,false
WDD:WCC,1,3,30142,0,A,13,false
WDD:WCC,1,3,30142,1,A,19,false
WDD:WCC,1,3,30143,0,A,15,false
WDD:WCC,1,3,30143,1,A,16,false
WDD:WCC,1,3,30144,0,A,15,false
WDD:WCC,1,3,30144,1,A,18,false
WDD:WCC,1,3,30145,0,A,15,false
WDD:WCC,1,3,30145,1,A,12,false
WDD:WCC,1,3,30146,0,A,15,false
WDD:WCC,1,3,30146,1,A,12,false
WDD:WCC,1,3,30147,0,A,17,false
WDD:WCC,1,3,30147,1,A,18,false
WDD:WCC,1,3,30148,0,A,13,false
WDD:WCC,1,3,30148,1,A,14,false
WDD:WCC,1,3,30149,0,A,19,false
WDD:WCC,1,3,30149,1,A,16,false
WDD:WCC,2,1,10200,0,B,19,false
WDD:WCC,2,1,10200,1,B,19,false
WDD:WCC,2,1,10201,0,B,13,false
WDD:WCC,2,1,10201,1,B,23,false
WDD:WCC,2,1,10202,0,B,17,false
WDD:WCC,2,1,10202,1,B,15,false
WDD:WCC,2,1,10203,0,B,60,false
WDD:WCC,2,1,10203,1,B,23,false
WDD:WCC,2,1,10204,0,B,28,false
WDD:WCC,2,1,10204,1,B,15,false
WDD:WCC,2,1,10205,0,B,17,false
WDD:WCC,2,1,10205,1,B,11,false
WDD:WCC,2,1,10206,0,draw,100,true
WDD:WCC,2,1,10206,1,B,22,false
WDD:WCC,2,1,10207,0,B,19,false
WDD:WCC,2,1,10207,1,B,13,false
WDD:WCC,2,1,10208,0,B,14,false
WDD:WCC,2,1,10208,1,B,17,false
WDD:WCC,2,1,10209,0,B,27,false
WDD:WCC,2,1,10209,1,B,26,false
WDD:WCC,2,1,10210,0,B,19,false
WDD:WCC,2,1,10210,1,B,19,false
WDD:WCC,2,1,10211,0,B,22,false
WDD:WCC,2,1,10211,1,B,13,false
WDD:WCC,2,1,10212,0,B,20,false
WDD:WCC,2,1,10212,1,B,15,false
WDD:WCC,2,1,10213,0,B,30,false
WDD:WCC,2,1,10213,1,B,25,false
WDD:WCC,2,1,10214,0,B,64,false
WDD:WCC,2,1,10214,1,B,30,false
WDD:WCC,2,1,10215,0,B,17,false
WDD:WCC,2,1,10215,1,B,16,false
WDD:WCC,2,1,10216,0,B,20,false
WDD:WCC,2,1,10216,1,B,13,false
WDD:WCC,2,1,10217,0,B,40,false
WDD:WCC,2,1,10217,1,B,11,false
WDD:WCC,2,1,10218,0,B,19,false
WDD:WCC,2,1,10218,1,B,17,false
WDD:WCC,2,1,10219,0,B,27,false
WDD:WCC,2,1,10219,1,B,19,false
WDD:WCC,2,1,10220,0,B,21,false
WDD:WCC,2,1,10220,1,B,11,false
WDD:WCC,2,1,10221,0,B,12,false
WDD:WCC,2,1,10221,1,B,13,false
WDD:WCC,2,1,10222,0,B,21,false
WDD:WCC,2,1,10222,1,B,16,false
WDD:WCC,2,1,10223,0,B,14,false
WDD:WCC,2,1,10223,1,B,21,false
WDD:WCC,2,1,10224,0,B,12,false
WDD:WCC,2,1,10224,1,B,22,false
WDD:WCC,2,1,10225,0,B,21,false
WDD:WCC,2,1,10225,1,B,19,false
WDD:WCC,2,1,10226,0,B,28,false
WDD:WCC,2,1,10226,1,B,23,false
WDD:WCC,2,1,10227,0,B,21,false
WDD:WCC,2,1,10227,1,B,18,false
WDD:WCC,2,1,10228,0,B,17,false
WDD:WCC,2,1,10228,1,B,15,false
WDD:WCC,2,1,10229,0,B,16,false
WDD:WCC,2,1,10229,1,B,27,false
WDD:WCC,2,1,10230,0,B,37,false
WDD:WCC,2,1,10230,1,B,55,false
WDD:WCC,2,1,10231,0,B,26,false
WDD:WCC,2,1,10231,1,B,23,false
WDD:WCC,2,1,10232,0,B,18,false
WDD:WCC,2,1,10232,1,B,11,false
WDD:WCC,2,1,10233,0,B,37,false
WDD:WCC,2,1,10233,1,B,43,false
WDD:WCC,2,1,10234,0,B,20,false
WDD:WCC,2,1,10234,1,B,11,false
WDD:WCC,2,1,10235,0,B,16,false
WDD:WCC,2,1,10235,1,B,11,false
WDD:WCC,2,1,10236,0,B,12,false
WDD:WCC,2,1,10236,1,B,14,false
WDD:WCC,2,1,10237,0,B,42,false
WDD:WCC,2,1,10237,1,B,25,false
WDD:WCC,2,1,10238,0,B,26,false
WDD:WCC,2,1,10238,1,B,16,false
WDD:WCC,2,1,10239,0,B,54,false
WDD:WCC,2,1,10239,1,draw,100,true
WDD:WCC,2,1,10240,0,B,28,false
WDD:WCC,2,1,10240,1,B,19,false
WDD:WCC,2,1,10241,0,B,10,false
WDD:WCC,2,1,10241,1,B,13,false
WDD:WCC,2,1,10242,0,B,16,false
WDD:WCC,2,1,10242,1,B,19,false
WDD:WCC,2,1,10243,0,B,50,false
WDD:WCC,2,1,10243,1,B,39,false
WDD:WCC,2,1,10244,0,B,17,false
WDD:WCC,2,1,10244,1,B,21,false
WDD:WCC,2,1,10245,0,B,15,false
WDD:WCC,2,1,10245,1,B,18,false
WDD:WCC,2,1,10246,0,B,17,false
WDD:WCC,2,1,10246,1,B,19,false
WDD:WCC,2,1,10247,0,B,22,false
WDD:WCC,2,1,10247,1,B,52,false
WDD:WCC,2,1,10248,0,B,20,false
WDD:WCC,2,1,10248,1,B,22,false
WDD:WCC,2,1,10249,0,B,10,false
WDD:WCC,2,1,10249,1,B,24,false
WDD:WCC,2,2,20200,0,A,22,false
WDD:WCC,2,2,20200,1,B,21,false
WDD:WCC,2,2,20201,0,A,19,false
WDD:WCC,2,2,20201,1,A,16,false
WDD:WCC,2,2,20202,0,A,19,false
WDD:WCC,2,2,20202,1,B,21,false
WDD:WCC,2,2,20203,0,B,14,false
WDD:WCC,2,2,20203,1,A,28,false
WDD:WCC,2,2,20204,0,A,26,false
WDD:WCC,2,2,20204,1,B,21,false
WDD:WCC,2,2,20205,0,B,28,false
WDD:WCC,2,2,20205,1,B,31,false
WDD:WCC,2,2,20206,0,B,15,false
WDD:WCC,2,2,20206,1,B,20,false
WDD:WCC,2,2,20207,0,B,24,false
WDD:WCC,2,2,20207,1,B,14,false
WDD:WCC,2,2,20208,0,B,22,false
WDD:WCC,2,2,20208,1,A,24,false
WDD:WCC,2,2,20209,0,B,69,false
WDD:WCC,2,2,20209,1,B,43,false
WDD:WCC,2,2,20210,0,B,24,false
WDD:WCC,2,2,20210,1,B,21,false
WDD:WCC,2,2,20211,0,B,16,false
WDD:WCC,2,2,20211,1,A,21,false
WDD:WCC,2,2,20212,0,draw,100,true
WDD:WCC,2,2,20212,1,draw,100,true
WDD:WCC,2,2,20213,0,A,17,false
WDD:WCC,2,2,20213,1,B,20,false
WDD:WCC,2,2,20214,0,B,20,false
WDD:WCC,2,2,20214,1,A,25,false
WDD:WCC,2,2,20215,0,B,25,false
WDD:WCC,2,2,20215,1,A,16,false
WDD:WCC,2,2,20216,0,A,19,false
WDD:WCC,2,2,20216,1,A,26,false
WDD:WCC,2,2,20217,0,B,32,false
WDD:WCC,2,2,20217,1,A,18,false
WDD:WCC,2,2,20218,0,B,34,false
WDD:WCC,2,2,20218,1,B,49,false
WDD:WCC,2,2,20219,0,B,16,false
WDD:WCC,2,2,20219,1,B,11,false
WDD:WCC,2,2,20220,0,B,20,false
WDD:WCC,2,2,20220,1,B,18,false
WDD:WCC,2,2,20221,0,B,16,false
WDD:WCC,2,2,20221,1,B,17,false
WDD:WCC,2,2,20222,0,B,24,false
WDD:WCC,2,2,20222,1,A,18,false
WDD:WCC,2,2,20223,0,B,22,false
WDD:WCC,2,2,20223,1,B,18,false
WDD:WCC,2,2,20224,0,B,20,false
WDD:WCC,2,2,20224,1,A,14,false
WDD:WCC,2,2,20225,0,B,22,false
WDD:WCC,2,2,20225,1,B,23,false
WDD:WCC,2,2,20226,0,A,25,false
WDD:WCC,2,2,20226,1,B,19,false
WDD:WCC,2,2,20227,0,A,19,false
WDD:WCC,2,2,20227,1,B,19,false
WDD:WCC,2,2,20228,0,B,18,false
WDD:WCC,2,2,20228,1,B,23,false
WDD:WCC,2,2,20229,0,B,20,false
WDD:WCC,2,2,20229,1,B,11,false
WDD:WCC,2,2,20230,0,B,22,false
WDD:WCC,2,2,20230,1,B,15,false
WDD:WCC,2,2,20231,0,A,17,false
WDD:WCC,2,2,20231,1,B,23,false
WDD:WCC,2,2,20232,0,B,16,false
WDD:WCC,2,2,20232,1,A,34,false
WDD:WCC,2,2,20233,0,A,23,false
WDD:WCC,2,2,20233,1,B,14,false
WDD:WCC,2,2,20234,0,B,26,false
WDD:WCC,2,2,20234,1,B,17,false
WDD:WCC,2,2,20235,0,B,24,false
WDD:WCC,2,2,20235,1,A,18,false
WDD:WCC,2,2,20236,0,B,28,false
WDD:WCC,2,2,20236,1,A,18,false
WDD:WCC,2,2,20237,0,B,22,false
WDD:WCC,2,2,20237,1,B,31,false
WDD:WCC,2,2,20238,0,B,24,false
WDD:WCC,2,2,20238,1,B,25,false
WDD:WCC,2,2,20239,0,B,30,false
WDD:WCC,2,2,20239,1,A,20,false
WDD:WCC,2,2,20240,0,B,13,false
WDD:WCC,2,2,20240,1,A,16,false
WDD:WCC,2,2,20241,0,B,31,false
WDD:WCC,2,2,20241,1,B,33,false
WDD:WCC,2,2,20242,0,A,19,false
WDD:WCC,2,2,20242,1,B,21,false
WDD:WCC,2,2,20243,0,B,28,false
WDD:WCC,2,2,20243,1,B,31,false
WDD:WCC,2,2,20244,0,A,19,false
WDD:WCC,2,2,20244,1,A,16,false
WDD:WCC,2,2,20245,0,B,27,false
WDD:WCC,2,2,20245,1,B,21,false
WDD:WCC,2,2,20246,0,B,21,false
WDD:WCC,2,2,20246,1,A,22,false
WDD:WCC,2,2,20247,0,B,11,false
WDD:WCC,2,2,20247,1,A,44,false
WDD:WCC,2,2,20248,0,B,15,false
WDD:WCC,2,2,20248,1,B,15,false
WDD:WCC,2,2,20249,0,A,19,false
WDD:WCC,2,2,20249,1,B,19,false
WDD:WCC,2,3,30200,0,A,17,false
WDD:WCC,2,3,30200,1,A,22,false
WDD:WCC,2,3,30201,0,A,15,false
WDD:WCC,2,3,30201,1,A,20,false
WDD:WCC,2,3,30202,0,A,23,false
WDD:WCC,2,3,30202,1,B,21,false
WDD:WCC,2,3,30203,0,A,17,false
WDD:WCC,2,3,30203,1,A,18,false
WDD:WCC,2,3,30204,0,B,20,false
WDD:WCC,2,3,30204,1,A,20,false
WDD:WCC,2,3,30205,0,A,15,false
WDD:WCC,2,3,30205,1,B,25,false
WDD:WCC,2,3,30206,0,A,13,false
WDD:WCC,2,3,30206,1,A,20,false
WDD:WCC,2,3,30207,0,A,23,false
WDD:WCC,2,3,30207,1,A,34,false
WDD:WCC,2,3,30208,0,A,17,false
WDD:WCC,2,3,30208,1,B,19,false
WDD:WCC,2,3,30209,0,A,15,false
WDD:WCC,2,3,30209,1,A,16,false
WDD:WCC,2,3,30210,0,B,20,false
WDD:WCC,2,3,30210,1,A,20,false
WDD:WCC,2,3,30211,0,B,17,false
WDD:WCC,2,3,30211,1,B,15,false
WDD:WCC,2,3,30212,0,A,21,false
WDD:WCC,2,3,30212,1,A,16,false
WDD:WCC,2,3,30213,0,B,22,false
WDD:WCC,2,3,30213,1,A,18,false
WDD:WCC,2,3,30214,0,A,17,false
WDD:WCC,2,3,30214,1,A,20,false
WDD:WCC,2,3,30215,0,A,21,false
WDD:WCC,2,3,30215,1,B,27,false
WDD:WCC,2,3,30216,0,B,23,false
WDD:WCC,2,3,30216,1,A,14,false
WDD:WCC,2,3,30217,0,A,21,false
WDD:WCC,2,3,30217,1,A,22,false
WDD:WCC,2,3,30218,0,A,21,false
WDD:WCC,2,3,30218,1,A,18,false
WDD:WCC,2,3,30219,0,A,23,false
WDD:WCC,2,3,30219,1,B,29,false
WDD:WCC,2,3,30220,0,B,16,false
WDD:WCC,2,3,30220,1,B,25,false
WDD:WCC,2,3,30221,0,B,22,false
WDD:WCC,2,3,30221,1,B,24,false
WDD:WCC,2,3,30222,0,A,21,false
WDD:WCC,2,3,30222,1,B,25,false
WDD:WCC,2,3,30223,0,A,15,false
WDD:WCC,2,3,30223,1,A,22,false
WDD:WCC,2,3,30224,0,A,27,false
WDD:WCC,2,3,30224,1,A,18,false
WDD:WCC,2,3,30225,0,A,15,false
WDD:WCC,2,3,30225,1,A,16,false
WDD:WCC,2,3,30226,0,A,25,false
WDD:WCC,2,3,30226,1,B,54,false
WDD:WCC,2,3,30227,0,B,20,false
WDD:WCC,2,3,30227,1,A,18,false
WDD:WCC,2,3,30228,0,A,21,false
WDD:WCC,2,3,30228,1,A,30,false
WDD:WCC,2,3,30229,0,A,13,false
WDD:WCC,2,3,30229,1,B,19,false
WDD:WCC,2,3,30230,0,A,23,false
WDD:WCC,2,3,30230,1,A,20,false
WDD:WCC,2,3,30231,0,B,38,false
WDD:WCC,2,3,30231,1,A,18,false
WDD:WCC,2,3,30232,0,A,27,false
WDD:WCC,2,3,30232,1,A,24,false
WDD:WCC,2,3,30233,0,B,28,false
WDD:WCC,2,3,30233,1,B,15,false
WDD:WCC,2,3,30234,0,B,18,false
WDD:WCC,2,3,30234,1,A,24,false
WDD:WCC,2,3,30235,0,A,17,false
WDD:WCC,2,3,30235,1,B,28,false
WDD:WCC,2,3,30236,0,A,23,false
WDD:WCC,2,3,30236,1,B,43,false
WDD:WCC,2,3,30237,0,A,25,false
WDD:WCC,2,3,30237,1,A,18,false
WDD:WCC,2,3,30238,0,A,31,false
WDD:WCC,2,3,30238,1,B,25,false
WDD:WCC,2,3,30239,0,B,16,false
WDD:WCC,2,3,30239,1,A,20,false
WDD:WCC,2,3,30240,0,B,16,false
WDD:WCC,2,3,30240,1,B,17,false
WDD:WCC,2,3,30241,0,B,16,false
WDD:WCC,2,3,30241,1,A,14,false
WDD:WCC,2,3,30242,0,A,13,false
WDD:WCC,2,3,30242,1,B,17,false
WDD:WCC,2,3,30243,0,B,33,false
WDD:WCC,2,3,30243,1,B,33,false
WDD:WCC,2,3,30244,0,draw,100,true
WDD:WCC,2,3,30244,1,A,28,false
WDD:WCC,2,3,30245,0,A,15,false
WDD:WCC,2,3,30245,1,A,18,false
WDD:WCC,2,3,30246,0,B,16,false
WDD:WCC,2,3,30246,1,A,14,false
WDD:WCC,2,3,30247,0,B,20,false
WDD:WCC,2,3,30247,1,B,15,false
WDD:WCC,2,3,30248,0,A,17,false
WDD:WCC,2,3,30248,1,B,17,false
WDD:WCC,2,3,30249,0,A,29,false
WDD:WCC,2,3,30249,1,A,42,false
WDD:WCC,2,4,40200,0,A,15,false
WDD:WCC,2,4,40200,1,A,20,false
WDD:WCC,2,4,40201,0,A,18,false
WDD:WCC,2,4,40201,1,A,14,false
WDD:WCC,2,4,40202,0,A,20,false
WDD:WCC,2,4,40202,1,A,20,false
WDD:WCC,2,4,40203,0,A,21,false
WDD:WCC,2,4,40203,1,A,20,false
WDD:WCC,2,4,40204,0,A,13,false
WDD:WCC,2,4,40204,1,A,20,false
WDD:WCC,2,4,40205,0,A,17,false
WDD:WCC,2,4,40205,1,A,20,false
WDD:WCC,2,4,40206,0,A,21,false
WDD:WCC,2,4,40206,1,A,20,false
WDD:WCC,2,4,40207,0,A,15,false
WDD:WCC,2,4,40207,1,A,14,false
WDD:WCC,2,4,40208,0,A,23,false
WDD:WCC,2,4,40208,1,A,18,false
WDD:WCC,2,4,40209,0,A,25,false
WDD:WCC,2,4,40209,1,A,24,false
WDD:WCC,2,4,40210,0,B,26,false
WDD:WCC,2,4,40210,1,B,21,false
WDD:WCC,2,4,40211,0,A,19,false
WDD:WCC,2,4,40211,1,A,14,false
WDD:WCC,2,4,40212,0,A,21,false
WDD:WCC,2,4,40212,1,A,22,false
WDD:WCC,2,4,40213,0,A,15,false
WDD:WCC,2,4,40213,1,A,14,false
WDD:WCC,2,4,40214,0,A,15,false
WDD:WCC,2,4,40214,1,A,22,false
WDD:WCC,2,4,40215,0,A,17,false
WDD:WCC,2,4,40215,1,A,18,false
WDD:WCC,2,4,40216,0,B,18,false
WDD:WCC,2,4,40216,1,A,18,false
WDD:WCC,2,4,40217,0,A,19,false
WDD:WCC,2,4,40217,1,A,16,false
WDD:WCC,2,4,40218,0,A,15,false
WDD:WCC,2,4,40218,1,A,18,false
WDD:WCC,2,4,40219,0,A,16,false
WDD:WCC,2,4,40219,1,B,24,false
WDD:WCC,2,4,40220,0,A,18,false
WDD:WCC,2,4,40220,1,A,18,false
WDD:WCC,2,4,40221,0,A,18,false
WDD:WCC,2,4,40221,1,B,26,false
WDD:WCC,2,4,40222,0,A,17,false
WDD:WCC,2,4,40222,1,A,12,false
WDD:WCC,2,4,40223,0,B,24,false
WDD:WCC,2,4,40223,1,B,29,false
WDD:WCC,2,4,40224,0,A,11,false
WDD:WCC,2,4,40224,1,A,18,false
WDD:WCC,2,4,40225,0,A,15,false
WDD:WCC,2,4,40225,1,A,16,false
WDD:WCC,2,4,40226,0,A,13,false
WDD:WCC,2,4,40226,1,A,18,false
WDD:WCC,2,4,40227,0,A,13,false
WDD:WCC,2,4,40227,1,A,15,false
WDD:WCC,2,4,40228,0,A,25,false
WDD:WCC,2,4,40228,1,A,35,false
WDD:WCC,2,4,40229,0,A,17,false
WDD:WCC,2,4,40229,1,A,14,false
WDD:WCC,2,4,40230,0,A,17,false
WDD:WCC,2,4,40230,1,B,23,false
WDD:WCC,2,4,40231,0,A,13,false
WDD:WCC,2,4,40231,1,A,17,false
WDD:WCC,2,4,40232,0,A,15,false
WDD:WCC,2,4,40232,1,A,16,false
WDD:WCC,2,4,40233,0,A,15,false
WDD:WCC,2,4,40233,1,A,16,false
WDD:WCC,2,4,40234,0,A,19,false
WDD:WCC,2,4,40234,1,A,16,false
WDD:WCC,2,4,40235,0,A,15,false
WDD:WCC,2,4,40235,1,A,14,false
WDD:WCC,2,4,40236,0,B,20,false
WDD:WCC,2,4,40236,1,B,19,false
WDD:WCC,2,4,40237,0,B,20,false
WDD:WCC,2,4,40237,1,A,16,false
WDD:WCC,2,4,40238,0,A,17,false
WDD:WCC,2,4,40238,1,A,15,false
WDD:WCC,2,4,40239,0,A,17,false
WDD:WCC,2,4,40239,1,A,12,false
WDD:WCC,2,4,40240,0,A,18,false
WDD:WCC,2,4,40240,1,A,16,false
WDD:WCC,2,4,40241,0,A,17,false
WDD:WCC,2,4,40241,1,A,20,false
WDD:WCC,2,4,40242,0,A,17,false
WDD:WCC,2,4,40242,1,B,23,false
WDD:WCC,2,4,40243,0,A,21,false
WDD:WCC,2,4,40243,1,A,20,false
WDD:WCC,2,4,40244,0,A,13,false
WDD:WCC,2,4,40244,1,A,16,false
WDD:WCC,2,4,40245,0,B,41,false
WDD:WCC,2,4,40245,1,A,18,false
WDD:WCC,2,4,40246,0,A,16,false
WDD:WCC,2,4,40246,1,A,16,false
WDD:WCC,2,4,40247,0,B,42,false
WDD:WCC,2,4,40247,1,A,25,false
WDD:WCC,2,4,40248,0,A,13,false
WDD:WCC,2,4,40248,1,A,19,false
WDD:WCC,2,4,40249,0,A,31,false
WDD:WCC,2,4,40249,1,A,14,false
WDD:WCC,2,5,50200,0,A,21,false
WDD:WCC,2,5,50200,1,A,16,false
WDD:WCC,2,5,50201,0,A,19,false
WDD:WCC,2,5,50201,1,A,21,false
WDD:WCC,2,5,50202,0,A,20,false
WDD:WCC,2,5,50202,1,A,15,false
WDD:WCC,2,5,50203,0,A,19,false
WDD:WCC,2,5,50203,1,A,18,false
WDD:WCC,2,5,50204,0,A,25,false
WDD:WCC,2,5,50204,1,A,29,false
WDD:WCC,2,5,50205,0,A,15,false
WDD:WCC,2,5,50205,1,A,12,false
WDD:WCC,2,5,50206,0,A,17,false
WDD:WCC,2,5,50206,1,A,20,false
WDD:WCC,2,5,50207,0,A,20,false
WDD:WCC,2,5,50207,1,A,22,false
WDD:WCC,2,5,50208,0,A,13,false
WDD:WCC,2,5,50208,1,A,27,false
WDD:WCC,2,5,50209,0,A,17,false
WDD:WCC,2,5,50209,1,A,14,false
WDD:WCC,2,5,50210,0,A,21,false
WDD:WCC,2,5,50210,1,A,18,false
WDD:WCC,2,5,50211,0,A,15,false
WDD:WCC,2,5,50211,1,A,27,false
WDD:WCC,2,5,50212,0,A,13,false
WDD:WCC,2,5,50212,1,A,22,false
WDD:WCC,2,5,50213,0,A,17,false
WDD:WCC,2,5,50213,1,A,18,false
WDD:WCC,2,5,50214,0,A,25,false
WDD:WCC,2,5,50214,1,A,24,false
WDD:WCC,2,5,50215,0,A,17,false
WDD:WCC,2,5,50215,1,A,22,false
WDD:WCC,2,5,50216,0,A,25,false
WDD:WCC,2,5,50216,1,A,18,false
WDD:WCC,2,5,50217,0,A,16,false
WDD:WCC,2,5,50217,1,A,22,false
WDD:WCC,2,5,50218,0,A,19,false
WDD:WCC,2,5,50218,1,A,19,false
WDD:WCC,2,5,50219,0,A,23,false
WDD:WCC,2,5,50219,1,A,14,false
WDD:WCC,2,5,50220,0,A,15,false
WDD:WCC,2,5,50220,1,A,16,false
WDD:WCC,2,5,50221,0,A,17,false
WDD:WCC,2,5,50221,1,A,26,false
WDD:WCC,2,5,50222,0,A,15,false
WDD:WCC,2,5,50222,1,A,22,false
WDD:WCC,2,5,50223,0,A,19,false
WDD:WCC,2,5,50223,1,A,22,false
WDD:WCC,2,5,50224,0,A,19,false
WDD:WCC,2,5,50224,1,A,20,false
WDD:WCC,2,5,50225,0,A,13,false
WDD:WCC,2,5,50225,1,A,16,false
WDD:WCC,2,5,50226,0,B,22,false
WDD:WCC,2,5,50226,1,A,24,false
WDD:WCC,2,5,50227,0,A,15,false
WDD:WCC,2,5,50227,1,A,11,false
WDD:WCC,2,5,50228,0,A,17,false
WDD:WCC,2,5,50228,1,A,14,false
WDD:WCC,2,5,50229,0,A,21,false
WDD:WCC,2,5,50229,1,A,16,false
WDD:WCC,2,5,50230,0,A,15,false
WDD:WCC,2,5,50230,1,A,17,false
WDD:WCC,2,5,50231,0,A,21,false
WDD:WCC,2,5,50231,1,A,15,false
WDD:WCC,2,5,50232,0,A,17,false
WDD:WCC,2,5,50232,1,A,18,false
WDD:WCC,2,5,50233,0,A,15,false
WDD:WCC,2,5,50233,1,A,20,false
WDD:WCC,2,5,50234,0,A,15,false
WDD:WCC,2,5,50234,1,A,14,false
WDD:WCC,2,5,50235,0,A,17,false
WDD:WCC,2,5,50235,1,A,16,false
WDD:WCC,2,5,50236,0,A,15,false
WDD:WCC,2,5,50236,1,B,29,false
WDD:WCC,2,5,50237,0,A,17,false
WDD:WCC,2,5,50237,1,A,12,false
WDD:WCC,2,5,50238,0,A,14,false
WDD:WCC,2,5,50238,1,A,14,false
WDD:WCC,2,5,50239,0,A,13,false
WDD:WCC,2,5,50239,1,A,16,false
WDD:WCC,2,5,50240,0,B,20,false
WDD:WCC,2,5,50240,1,A,16,false
WDD:WCC,2,5,50241,0,A,19,false
WDD:WCC,2,5,50241,1,A,17,false
WDD:WCC,2,5,50242,0,A,23,false
WDD:WCC,2,5,50242,1,A,18,false
WDD:WCC,2,5,50243,0,A,17,false
WDD:WCC,2,5,50243,1,A,30,false
WDD:WCC,2,5,50244,0,A,13,false
WDD:WCC,2,5,50244,1,B,23,false
WDD:WCC,2,5,50245,0,A,13,false
WDD:WCC,2,5,50245,1,A,16,false
WDD:WCC,2,5,50246,0,A,25,false
WDD:WCC,2,5,50246,1,A,10,false
WDD:WCC,2,5,50247,0,A,15,false
WDD:WCC,2,5,50247,1,A,14,false
WDD:WCC,2,5,50248,0,A,17,false
WDD:WCC,2,5,50248,1,A,20,false
WDD:WCC,2,5,50249,0,A,15,false
WDD:WCC,2,5,50249,1,A,14,false
WDD:WCC,3,1,10300,0,B,19,false
WDD:WCC,3,1,10300,1,B,23,false
WDD:WCC,3,1,10301,0,B,12,false
WDD:WCC,3,1,10301,1,B,17,false
WDD:WCC,3,1,10302,0,B,13,false
WDD:WCC,3,1,10302,1,B,15,false
WDD:WCC,3,1,10303,0,B,14,false
WDD:WCC,3,1,10303,1,B,18,false
WDD:WCC,3,1,10304,0,B,12,false
WDD:WCC,3,1,10304,1,B,15,false
WDD:WCC,3,1,10305,0,B,14,false
WDD:WCC,3,1,10305,1,B,11,false
WDD:WCC,3,1,10306,0,B,23,false
WDD:WCC,3,1,10306,1,B,17,false
WDD:WCC,3,1,10307,0,B,18,false
WDD:WCC,3,1,10307,1,B,15,false
WDD:WCC,3,1,10308,0,B,30,false
WDD:WCC,3,1,10308,1,B,23,false
WDD:WCC,3,1,10309,0,B,15,false
WDD:WCC,3,1,10309,1,B,13,false
WDD:WCC,3,1,10310,0,B,12,false
WDD:WCC,3,1,10310,1,B,25,false
WDD:WCC,3,1,10311,0,B,12,false
WDD:WCC,3,1,10311,1,B,13,false
WDD:WCC,3,1,10312,0,B,16,false
WDD:WCC,3,1,10312,1,B,23,false
WDD:WCC,3,1,10313,0,B,12,false
WDD:WCC,3,1,10313,1,B,11,false
WDD:WCC,3,1,10314,0,B,23,false
WDD:WCC,3,1,10314,1,B,29,false
WDD:WCC,3,1,10315,0,B,12,false
WDD:WCC,3,1,10315,1,B,22,false
WDD:WCC,3,1,10316,0,B,12,false
WDD:WCC,3,1,10316,1,B,22,false
WDD:WCC,3,1,10317,0,B,22,false
WDD:WCC,3,1,10317,1,B,25,false
WDD:WCC,3,1,10318,0,B,20,false
WDD:WCC,3,1,10318,1,B,16,false
WDD:WCC,3,1,10319,0,B,18,false
WDD:WCC,3,1,10319,1,B,11,false
WDD:WCC,3,1,10320,0,B,16,false
WDD:WCC,3,1,10320,1,B,14,false
WDD:WCC,3,1,10321,0,B,32,false
WDD:WCC,3,1,10321,1,B,16,false
WDD:WCC,3,1,10322,0,B,10,false
WDD:WCC,3,1,10322,1,B,23,false
WDD:WCC,3,1,10323,0,B,17,false
WDD:WCC,3,1,10323,1,B,13,false
WDD:WCC,3,1,10324,0,B,20,false
WDD:WCC,3,1,10324,1,B,25,false
WDD:WCC,3,1,10325,0,B,10,false
WDD:WCC,3,1,10325,1,B,15,false
WDD:WCC,3,1,10326,0,B,13,false
WDD:WCC,3,1,10326,1,B,14,false
WDD:WCC,3,1,10327,0,B,14,false
WDD:WCC,3,1,10327,1,B,9,false
WDD:WCC,3,1,10328,0,B,18,false
WDD:WCC,3,1,10328,1,B,17,false
WDD:WCC,3,1,10329,0,B,16,false
WDD:WCC,3,1,10329,1,B,20,false
WDD:WCC,3,1,10330,0,B,23,false
WDD:WCC,3,1,10330,1,B,27,false
WDD:WCC,3,1,10331,0,B,21,false
WDD:WCC,3,1,10331,1,B,17,false
WDD:WCC,3,1,10332,0,B,22,false
WDD:WCC,3,1,10332,1,B,13,false
WDD:WCC,3,1,10333,0,B,10,false
WDD:WCC,3,1,10333,1,B,9,false
WDD:WCC,3,1,10334,0,B,10,false
WDD:WCC,3,1,10334,1,B,20,false
WDD:WCC,3,1,10335,0,B,18,false
WDD:WCC,3,1,10335,1,B,24,false
WDD:WCC,3,1,10336,0,B,14,false
WDD:WCC,3,1,10336,1,B,17,false
WDD:WCC,3,1,10337,0,B,24,false
WDD:WCC,3,1,10337,1,B,15,false
WDD:WCC,3,1,10338,0,B,27,false
WDD:WCC,3,1,10338,1,B,14,false
WDD:WCC,3,1,10339,0,B,33,false
WDD:WCC,3,1,10339,1,B,23,false
WDD:WCC,3,1,10340,0,B,14,false
WDD:WCC,3,1,10340,1,B,11,false
WDD:WCC,3,1,10341,0,B,25,false
WDD:WCC,3,1,10341,1,B,11,false
WDD:WCC,3,1,10342,0,B,16,false
WDD:WCC,3,1,10342,1,B,17,false
WDD:WCC,3,1,10343,0,B,14,false
WDD:WCC,3,1,10343,1,B,21,false
WDD:WCC,3,1,10344,0,B,18,false
WDD:WCC,3,1,10344,1,B,17,false
WDD:WCC,3,1,10345,0,B,16,false
WDD:WCC,3,1,10345,1,B,53,false
WDD:WCC,3,1,10346,0,B,15,false
WDD:WCC,3,1,10346,1,B,17,false
WDD:WCC,3,1,10347,0,B,16,false
WDD:WCC,3,1,10347,1,B,17,false
WDD:WCC,3,1,10348,0,B,12,false
WDD:WCC,3,1,10348,1,B,24,false
WDD:WCC,3,1,10349,0,B,14,false
WDD:WCC,3,1,10349,1,B,13,false
WDD:WCC,3,2,20300,0,B,12,false
WDD:WCC,3,2,20300,1,B,24,false
WDD:WCC,3,2,20301,0,B,16,false
WDD:WCC,3,2,20301,1,B,18,false
WDD:WCC,3,2,20302,0,B,34,false
WDD:WCC,3,2,20302,1,B,20,false
WDD:WCC,3,2,20303,0,B,25,false
WDD:WCC,3,2,20303,1,B,21,false
WDD:WCC,3,2,20304,0,B,26,false
WDD:WCC,3,2,20304,1,B,27,false
WDD:WCC,3,2,20305,0,B,27,false
WDD:WCC,3,2,20305,1,B,20,false
WDD:WCC,3,2,20306,0,B,18,false
WDD:WCC,3,2,20306,1,B,17,false
WDD:WCC,3,2,20307,0,B,18,false
WDD:WCC,3,2,20307,1,B,11,false
WDD:WCC,3,2,20308,0,B,19,false
WDD:WCC,3,2,20308,1,B,21,false
WDD:WCC,3,2,20309,0,B,22,false
WDD:WCC,3,2,20309,1,A,20,false
WDD:WCC,3,2,20310,0,B,22,false
WDD:WCC,3,2,20310,1,B,30,false
WDD:WCC,3,2,20311,0,B,18,false
WDD:WCC,3,2,20311,1,B,24,false
WDD:WCC,3,2,20312,0,B,25,false
WDD:WCC,3,2,20312,1,A,32,false
WDD:WCC,3,2,20313,0,B,23,false
WDD:WCC,3,2,20313,1,B,26,false
WDD:WCC,3,2,20314,0,B,20,false
WDD:WCC,3,2,20314,1,B,19,false
WDD:WCC,3,2,20315,0,B,24,false
WDD:WCC,3,2,20315,1,B,15,false
WDD:WCC,3,2,20316,0,B,18,false
WDD:WCC,3,2,20316,1,B,23,false
WDD:WCC,3,2,20317,0,B,17,false
WDD:WCC,3,2,20317,1,B,25,false
WDD:WCC,3,2,20318,0,B,42,false
WDD:WCC,3,2,20318,1,draw,100,true
WDD:WCC,3,2,20319,0,B,16,false
WDD:WCC,3,2,20319,1,B,32,false
WDD:WCC,3,2,20320,0,B,26,false
WDD:WCC,3,2,20320,1,B,29,false
WDD:WCC,3,2,20321,0,B,20,false
WDD:WCC,3,2,20321,1,B,16,false
WDD:WCC,3,2,20322,0,B,24,false
WDD:WCC,3,2,20322,1,B,21,false
WDD:WCC,3,2,20323,0,B,20,false
WDD:WCC,3,2,20323,1,B,15,false
WDD:WCC,3,2,20324,0,B,17,false
WDD:WCC,3,2,20324,1,B,21,false
WDD:WCC,3,2,20325,0,B,13,false
WDD:WCC,3,2,20325,1,B,11,false
WDD:WCC,3,2,20326,0,B,16,false
WDD:WCC,3,2,20326,1,B,19,false
WDD:WCC,3,2,20327,0,B,28,false
WDD:WCC,3,2,20327,1,B,52,false
WDD:WCC,3,2,20328,0,B,17,false
WDD:WCC,3,2,20328,1,B,11,false
WDD:WCC,3,2,20329,0,B,12,false
WDD:WCC,3,2,20329,1,B,15,false
WDD:WCC,3,2,20330,0,B,22,false
WDD:WCC,3,2,20330,1,B,25,false
WDD:WCC,3,2,20331,0,A,19,false
WDD:WCC,3,2,20331,1,B,13,false
WDD:WCC,3,2,20332,0,B,26,false
WDD:WCC,3,2,20332,1,B,24,false
WDD:WCC,3,2,20333,0,B,30,false
WDD:WCC,3,2,20333,1,B,23,false
WDD:WCC,3,2,20334,0,B,20,false
WDD:WCC,3,2,20334,1,B,13,false
WDD:WCC,3,2,20335,0,B,22,false
WDD:WCC,3,2,20335,1,B,20,false
WDD:WCC,3,2,20336,0,B,16,false
WDD:WCC,3,2,20336,1,A,20,false
WDD:WCC,3,2,20337,0,B,29,false
WDD:WCC,3,2,20337,1,B,29,false
WDD:WCC,3,2,20338,0,B,22,false
WDD:WCC,3,2,20338,1,B,15,false
WDD:WCC,3,2,20339,0,B,20,false
WDD:WCC,3,2,20339,1,B,26,false
WDD:WCC,3,2,20340,0,B,10,false
WDD:WCC,3,2,20340,1,B,20,false
WDD:WCC,3,2,20341,0,B,27,false
WDD:WCC,3,2,20341,1,B,21,false
WDD:WCC,3,2,20342,0,B,28,false
WDD:WCC,3,2,20342,1,B,28,false
WDD:WCC,3,2,20343,0,B,18,false
WDD:WCC,3,2,20343,1,B,21,false
WDD:WCC,3,2,20344,0,B,22,false
WDD:WCC,3,2,20344,1,B,29,false
WDD:WCC,3,2,20345,0,B,20,false
WDD:WCC,3,2,20345,1,B,11,false
WDD:WCC,3,2,20346,0,B,36,false
WDD:WCC,3,2,20346,1,B,25,false
WDD:WCC,3,2,20347,0,B,21,false
WDD:WCC,3,2,20347,1,A,22,false
WDD:WCC,3,2,20348,0,A,21,false
WDD:WCC,3,2,20348,1,B,13,false
WDD:WCC,3,2,20349,0,B,28,false
WDD:WCC,3,2,20349,1,B,13,false
WDD:WCC,3,3,30300,0,B,28,false
WDD:WCC,3,3,30300,1,B,29,false
WDD:WCC,3,3,30301,0,B,22,false
WDD:WCC,3,3,30301,1,B,26,false
WDD:WCC,3,3,30302,0,B,14,false
WDD:WCC,3,3,30302,1,A,18,false
WDD:WCC,3,3,30303,0,B,20,false
WDD:WCC,3,3,30303,1,B,17,false
WDD:WCC,3,3,30304,0,B,21,false
WDD:WCC,3,3,30304,1,B,15,false
WDD:WCC,3,3,30305,0,B,16,false
WDD:WCC,3,3,30305,1,A,16,false
WDD:WCC,3,3,30306,0,B,27,false
WDD:WCC,3,3,30306,1,draw,100,true
WDD:WCC,3,3,30307,0,B,26,false
WDD:WCC,3,3,30307,1,B,25,false
WDD:WCC,3,3,30308,0,B,22,false
WDD:WCC,3,3,30308,1,B,19,false
WDD:WCC,3,3,30309,0,B,20,false
WDD:WCC,3,3,30309,1,B,25,false
WDD:WCC,3,3,30310,0,B,20,false
WDD:WCC,3,3,30310,1,B,19,false
WDD:WCC,3,3,30311,0,B,35,false
WDD:WCC,3,3,30311,1,A,18,false
WDD:WCC,3,3,30312,0,B,24,false
WDD:WCC,3,3,30312,1,B,29,false
WDD:WCC,3,3,30313,0,B,34,false
WDD:WCC,3,3,30313,1,B,32,false
WDD:WCC,3,3,30314,0,A,23,false
WDD:WCC,3,3,30314,1,A,18,false
WDD:WCC,3,3,30315,0,B,18,false
WDD:WCC,3,3,30315,1,B,22,false
WDD:WCC,3,3,30316,0,B,32,false
WDD:WCC,3,3,30316,1,B,29,false
WDD:WCC,3,3,30317,0,B,28,false
WDD:WCC,3,3,30317,1,B,23,false
WDD:WCC,3,3,30318,0,A,15,false
WDD:WCC,3,3,30318,1,B,12,false
WDD:WCC,3,3,30319,0,B,16,false
WDD:WCC,3,3,30319,1,B,28,false
WDD:WCC,3,3,30320,0,B,20,false
WDD:WCC,3,3,30320,1,B,17,false
WDD:WCC,3,3,30321,0,B,15,false
WDD:WCC,3,3,30321,1,B,21,false
WDD:WCC,3,3,30322,0,B,28,false
WDD:WCC,3,3,30322,1,B,25,false
WDD:WCC,3,3,30323,0,B,18,false
WDD:WCC,3,3,30323,1,B,19,false
WDD:WCC,3,3,30324,0,B,29,false
WDD:WCC,3,3,30324,1,A,18,false
WDD:WCC,3,3,30325,0,A,17,false
WDD:WCC,3,3,30325,1,A,20,false
WDD:WCC,3,3,30326,0,A,27,false
WDD:WCC,3,3,30326,1,B,21,false
WDD:WCC,3,3,30327,0,A,27,false
WDD:WCC,3,3,30327,1,B,16,false
WDD:WCC,3,3,30328,0,A,25,false
WDD:WCC,3,3,30328,1,A,20,false
WDD:WCC,3,3,30329,0,B,26,false
WDD:WCC,3,3,30329,1,A,18,false
WDD:WCC,3,3,30330,0,A,21,false
WDD:WCC,3,3,30330,1,B,28,false
WDD:WCC,3,3,30331,0,B,14,false
WDD:WCC,3,3,30331,1,B,22,false
WDD:WCC,3,3,30332,0,A,27,false
WDD:WCC,3,3,30332,1,B,21,false
WDD:WCC,3,3,30333,0,B,19,false
WDD:WCC,3,3,30333,1,B,23,false
WDD:WCC,3,3,30334,0,B,20,false
WDD:WCC,3,3,30334,1,B,17,false
WDD:WCC,3,3,30335,0,B,32,false
WDD:WCC,3,3,30335,1,B,29,false
WDD:WCC,3,3,30336,0,B,22,false
WDD:WCC,3,3,30336,1,B,19,false
WDD:WCC,3,3,30337,0,A,25,false
WDD:WCC,3,3,30337,1,A,22,false
WDD:WCC,3,3,30338,0,B,16,false
WDD:WCC,3,3,30338,1,B,17,false
WDD:WCC,3,3,30339,0,B,18,false
WDD:WCC,3,3,30339,1,B,25,false
WDD:WCC,3,3,30340,0,A,26,false
WDD:WCC,3,3,30340,1,B,16,false
WDD:WCC,3,3,30341,0,A,20,false
WDD:WCC,3,3,30341,1,B,16,false
WDD:WCC,3,3,30342,0,B,22,false
WDD:WCC,3,3,30342,1,B,26,false
WDD:WCC,3,3,30343,0,B,16,false
WDD:WCC,3,3,30343,1,A,24,false
WDD:WCC,3,3,30344,0,B,30,false
WDD:WCC,3,3,30344,1,B,31,false
WDD:WCC,3,3,30345,0,B,26,false
WDD:WCC,3,3,30345,1,B,15,false
WDD:WCC,3,3,30346,0,B,22,false
WDD:WCC,3,3,30346,1,B,19,false
WDD:WCC,3,3,30347,0,B,16,false
WDD:WCC,3,3,30347,1,B,20,false
WDD:WCC,3,3,30348,0,B,25,false
WDD:WCC,3,3,30348,1,B,21,false
WDD:WCC,3,3,30349,0,B,22,false
WDD:WCC,3,3,30349,1,B,20,false
WDD:WCC,3,4,40300,0,A,19,false
WDD:WCC,3,4,40300,1,A,26,false
WDD:WCC,3,4,40301,0,B,26,false
WDD:WCC,3,4,40301,1,B,25,false
WDD:WCC,3,4,40302,0,B,20,false
WDD:WCC,3,4,40302,1,B,19,false
WDD:WCC,3,4,40303,0,A,21,false
WDD:WCC,3,4,40303,1,A,16,false
WDD:WCC,3,4,40304,0,A,24,false
WDD:WCC,3,4,40304,1,A,27,false
WDD:WCC,3,4,40305,0,A,19,false
WDD:WCC,3,4,40305,1,B,15,false
WDD:WCC,3,4,40306,0,B,24,false
WDD:WCC,3,4,40306,1,B,17,false
WDD:WCC,3,4,40307,0,A,25,false
WDD:WCC,3,4,40307,1,A,22,false
WDD:WCC,3,4,40308,0,A,15,false
WDD:WCC,3,4,40308,1,B,23,false
WDD:WCC,3,4,40309,0,A,23,false
WDD:WCC,3,4,40309,1,B,33,false
WDD:WCC,3,4,40310,0,B,22,false
WDD:WCC,3,4,40310,1,B,25,false
WDD:WCC,3,4,40311,0,A,19,false
WDD:WCC,3,4,40311,1,B,19,false
WDD:WCC,3,4,40312,0,A,17,false
WDD:WCC,3,4,40312,1,A,16,false
WDD:WCC,3,4,40313,0,A,23,false
WDD:WCC,3,4,40313,1,A,24,false
WDD:WCC,3,4,40314,0,B,30,false
WDD:WCC,3,4,40314,1,B,17,false
WDD:WCC,3,4,40315,0,A,33,false
WDD:WCC,3,4,40315,1,B,24,false
WDD:WCC,3,4,40316,0,B,28,false
WDD:WCC,3,4,40316,1,A,22,false
WDD:WCC,3,4,40317,0,A,15,false
WDD:WCC,3,4,40317,1,B,17,false
WDD:WCC,3,4,40318,0,A,17,false
WDD:WCC,3,4,40318,1,B,15,false
WDD:WCC,3,4,40319,0,A,23,false
WDD:WCC,3,4,40319,1,B,19,false
WDD:WCC,3,4,40320,0,B,17,false
WDD:WCC,3,4,40320,1,B,23,false
WDD:WCC,3,4,40321,0,A,27,false
WDD:WCC,3,4,40321,1,B,35,false
WDD:WCC,3,4,40322,0,B,21,false
WDD:WCC,3,4,40322,1,A,25,false
WDD:WCC,3,4,40323,0,B,20,false
WDD:WCC,3,4,40323,1,A,24,false
WDD:WCC,3,4,40324,0,B,29,false
WDD:WCC,3,4,40324,1,B,25,false
WDD:WCC,3,4,40325,0,B,20,false
WDD:WCC,3,4,40325,1,A,24,false
WDD:WCC,3,4,40326,0,B,23,false
WDD:WCC,3,4,40326,1,A,18,false
WDD:WCC,3,4,40327,0,A,21,false
WDD:WCC,3,4,40327,1,B,19,false
WDD:WCC,3,4,40328,0,A,19,false
WDD:WCC,3,4,40328,1,A,29,false
WDD:WCC,3,4,40329,0,A,19,false
WDD:WCC,3,4,40329,1,A,16,false
WDD:WCC,3,4,40330,0,B,26,false
WDD:WCC,3,4,40330,1,A,18,false
WDD:WCC,3,4,40331,0,B,18,false
WDD:WCC,3,4,40331,1,B,15,false
WDD:WCC,3,4,40332,0,B,25,false
WDD:WCC,3,4,40332,1,A,20,false
WDD:WCC,3,4,40333,0,B,36,false
WDD:WCC,3,4,40333,1,A,34,false
WDD:WCC,3,4,40334,0,A,19,false
WDD:WCC,3,4,40334,1,B,19,false
WDD:WCC,3,4,40335,0,B,20,false
WDD:WCC,3,4,40335,1,B,24,false
WDD:WCC,3,4,40336,0,A,16,false
WDD:WCC,3,4,40336,1,B,27,false
WDD:WCC,3,4,40337,0,A,21,false
WDD:WCC,3,4,40337,1,A,22,false
WDD:WCC,3,4,40338,0,B,22,false
WDD:WCC,3,4,40338,1,A,22,false
WDD:WCC,3,4,40339,0,A,23,false
WDD:WCC,3,4,40339,1,B,24,false
WDD:WCC,3,4,40340,0,B,22,false
WDD:WCC,3,4,40340,1,B,29,false
WDD:WCC,3,4,40341,0,B,23,false
WDD:WCC,3,4,40341,1,B,17,false
WDD:WCC,3,4,40342,0,B,18,false
WDD:WCC,3,4,40342,1,A,28,false
WDD:WCC,3,4,40343,0,B,29,false
WDD:WCC,3,4,40343,1,A,19,false
WDD:WCC,3,4,40344,0,A,24,false
WDD:WCC,3,4,40344,1,B,25,false
WDD:WCC,3,4,40345,0,A,25,false
WDD:WCC,3,4,40345,1,B,23,false
WDD:WCC,3,4,40346,0,A,25,false
WDD:WCC,3,4,40346,1,B,21,false
WDD:WCC,3,4,40347,0,B,27,false
WDD:WCC,3,4,40347,1,A,24,false
WDD:WCC,3,4,40348,0,B,31,false
WDD:WCC,3,4,40348,1,B,42,false
WDD:WCC,3,4,40349,0,A,15,false
WDD:WCC,3,4,40349,1,A,22,false
WDD:WCC,3,5,50300,0,B,40,false
WDD:WCC,3,5,50300,1,B,21,false
WDD:WCC,3,5,50301,0,A,21,false
WDD:WCC,3,5,50301,1,A,21,false
WDD:WCC,3,5,50302,0,A,16,false
WDD:WCC,3,5,50302,1,A,26,false
WDD:WCC,3,5,50303,0,A,23,false
WDD:WCC,3,5,50303,1,A,16,false
WDD:WCC,3,5,50304,0,A,19,false
WDD:WCC,3,5,50304,1,A,22,false
WDD:WCC,3,5,50305,0,A,24,false
WDD:WCC,3,5,50305,1,A,16,false
WDD:WCC,3,5,50306,0,A,21,false
WDD:WCC,3,5,50306,1,A,24,false
WDD:WCC,3,5,50307,0,A,21,false
WDD:WCC,3,5,50307,1,A,26,false
WDD:WCC,3,5,50308,0,B,18,false
WDD:WCC,3,5,50308,1,A,20,false
WDD:WCC,3,5,50309,0,B,24,false
WDD:WCC,3,5,50309,1,A,24,false
WDD:WCC,3,5,50310,0,A,17,false
WDD:WCC,3,5,50310,1,A,16,false
WDD:WCC,3,5,50311,0,A,23,false
WDD:WCC,3,5,50311,1,A,24,false
WDD:WCC,3,5,50312,0,A,27,false
WDD:WCC,3,5,50312,1,A,12,false
WDD:WCC,3,5,50313,0,A,15,false
WDD:WCC,3,5,50313,1,B,23,false
WDD:WCC,3,5,50314,0,B,16,false
WDD:WCC,3,5,50314,1,A,16,false
WDD:WCC,3,5,50315,0,A,25,false
WDD:WCC,3,5,50315,1,A,16,false
WDD:WCC,3,5,50316,0,A,19,false
WDD:WCC,3,5,50316,1,A,20,false
WDD:WCC,3,5,50317,0,B,18,false
WDD:WCC,3,5,50317,1,A,24,false
WDD:WCC,3,5,50318,0,B,31,false
WDD:WCC,3,5,50318,1,A,30,false
WDD:WCC,3,5,50319,0,B,20,false
WDD:WCC,3,5,50319,1,A,20,false
WDD:WCC,3,5,50320,0,A,15,false
WDD:WCC,3,5,50320,1,A,16,false
WDD:WCC,3,5,50321,0,A,23,false
WDD:WCC,3,5,50321,1,B,54,false
WDD:WCC,3,5,50322,0,A,15,false
WDD:WCC,3,5,50322,1,A,22,false
WDD:WCC,3,5,50323,0,A,21,false
WDD:WCC,3,5,50323,1,A,14,false
WDD:WCC,3,5,50324,0,A,21,false
WDD:WCC,3,5,50324,1,B,19,false
WDD:WCC,3,5,50325,0,A,19,false
WDD:WCC,3,5,50325,1,A,21,false
WDD:WCC,3,5,50326,0,A,17,false
WDD:WCC,3,5,50326,1,B,25,false
WDD:WCC,3,5,50327,0,B,18,false
WDD:WCC,3,5,50327,1,B,19,false
WDD:WCC,3,5,50328,0,A,13,false
WDD:WCC,3,5,50328,1,A,24,false
WDD:WCC,3,5,50329,0,A,18,false
WDD:WCC,3,5,50329,1,B,26,false
WDD:WCC,3,5,50330,0,A,19,false
WDD:WCC,3,5,50330,1,A,22,false
WDD:WCC,3,5,50331,0,B,17,false
WDD:WCC,3,5,50331,1,A,14,false
WDD:WCC,3,5,50332,0,A,17,false
WDD:WCC,3,5,50332,1,A,16,false
WDD:WCC,3,5,50333,0,A,31,false
WDD:WCC,3,5,50333,1,A,28,false
WDD:WCC,3,5,50334,0,B,18,false
WDD:WCC,3,5,50334,1,A,24,false
WDD:WCC,3,5,50335,0,B,23,false
WDD:WCC,3,5,50335,1,A,22,false
WDD:WCC,3,5,50336,0,A,21,false
WDD:WCC,3,5,50336,1,A,24,false
WDD:WCC,3,5,50337,0,B,22,false
WDD:WCC,3,5,50337,1,A,26,false
WDD:WCC,3,5,50338,0,A,21,false
WDD:WCC,3,5,50338,1,A,20,false
WDD:WCC,3,5,50339,0,A,21,false
WDD:WCC,3,5,50339,1,A,36,false
WDD:WCC,3,5,50340,0,A,21,false
WDD:WCC,3,5,50340,1,A,22,false
WDD:WCC,3,5,50341,0,A,21,false
WDD:WCC,3,5,50341,1,A,31,false
WDD:WCC,3,5,50342,0,A,19,false
WDD:WCC,3,5,50342,1,A,18,false
WDD:WCC,3,5,50343,0,B,32,false
WDD:WCC,3,5,50343,1,A,14,false
WDD:WCC,3,5,50344,0,A,15,false
WDD:WCC,3,5,50344,1,B,17,false
WDD:WCC,3,5,50345,0,A,19,false
WDD:WCC,3,5,50345,1,A,20,false
WDD:WCC,3,5,50346,0,B,36,false
WDD:WCC,3,5,50346,1,A,28,false
WDD:WCC,3,5,50347,0,A,35,false
WDD:WCC,3,5,50347,1,B,29,false
WDD:WCC,3,5,50348,0,A,22,false
WDD:WCC,3,5,50348,1,B,17,false
WDD:WCC,3,5,50349,0,A,19,false
WDD:WCC,3,5,50349,1,A,14,false
WDD:WCC,3,6,60300,0,A,17,false
WDD:WCC,3,6,60300,1,B,19,false
WDD:WCC,3,6,60301,0,A,21,false
WDD:WCC,3,6,60301,1,A,14,false
WDD:WCC,3,6,60302,0,A,28,false
WDD:WCC,3,6,60302,1,B,31,false
WDD:WCC,3,6,60303,0,A,19,false
WDD:WCC,3,6,60303,1,A,14,false
WDD:WCC,3,6,60304,0,A,21,false
WDD:WCC,3,6,60304,1,A,18,false
WDD:WCC,3,6,60305,0,A,17,false
WDD:WCC,3,6,60305,1,A,14,false
WDD:WCC,3,6,60306,0,B,18,false
WDD:WCC,3,6,60306,1,A,20,false
WDD:WCC,3,6,60307,0,A,21,false
WDD:WCC,3,6,60307,1,A,20,false
WDD:WCC,3,6,60308,0,A,15,false
WDD:WCC,3,6,60308,1,A,14,false
WDD:WCC,3,6,60309,0,B,34,false
WDD:WCC,3,6,60309,1,B,27,false
WDD:WCC,3,6,60310,0,A,15,false
WDD:WCC,3,6,60310,1,B,21,false
WDD:WCC,3,6,60311,0,A,23,false
WDD:WCC,3,6,60311,1,A,25,false
WDD:WCC,3,6,60312,0,A,17,false
WDD:WCC,3,6,60312,1,A,16,false
WDD:WCC,3,6,60313,0,A,17,false
WDD:WCC,3,6,60313,1,A,19,false
WDD:WCC,3,6,60314,0,A,17,false
WDD:WCC,3,6,60314,1,A,18,false
WDD:WCC,3,6,60315,0,A,19,false
WDD:WCC,3,6,60315,1,A,18,false
WDD:WCC,3,6,60316,0,A,18,false
WDD:WCC,3,6,60316,1,A,20,false
WDD:WCC,3,6,60317,0,A,17,false
WDD:WCC,3,6,60317,1,A,18,false
WDD:WCC,3,6,60318,0,A,19,false
WDD:WCC,3,6,60318,1,A,16,false
WDD:WCC,3,6,60319,0,B,24,false
WDD:WCC,3,6,60319,1,A,18,false
WDD:WCC,3,6,60320,0,A,16,false
WDD:WCC,3,6,60320,1,A,20,false
WDD:WCC,3,6,60321,0,A,23,false
WDD:WCC,3,6,60321,1,A,34,false
WDD:WCC,3,6,60322,0,A,15,false
WDD:WCC,3,6,60322,1,A,16,false
WDD:WCC,3,6,60323,0,A,35,false
WDD:WCC,3,6,60323,1,A,26,false
WDD:WCC,3,6,60324,0,A,15,false
WDD:WCC,3,6,60324,1,A,34,false
WDD:WCC,3,6,60325,0,B,18,false
WDD:WCC,3,6,60325,1,A,14,false
WDD:WCC,3,6,60326,0,A,18,false
WDD:WCC,3,6,60326,1,A,12,false
WDD:WCC,3,6,60327,0,A,17,false
WDD:WCC,3,6,60327,1,A,16,false
WDD:WCC,3,6,60328,0,A,17,false
WDD:WCC,3,6,60328,1,A,14,false
WDD:WCC,3,6,60329,0,A,23,false
WDD:WCC,3,6,60329,1,A,25,false
WDD:WCC,3,6,60330,0,A,18,false
WDD:WCC,3,6,60330,1,A,18,false
WDD:WCC,3,6,60331,0,A,19,false
WDD:WCC,3,6,60331,1,A,18,false
WDD:WCC,3,6,60332,0,A,33,false
WDD:WCC,3,6,60332,1,A,16,false
WDD:WCC,3,6,60333,0,A,27,false
WDD:WCC,3,6,60333,1,A,30,false
WDD:WCC,3,6,60334,0,A,15,false
WDD:WCC,3,6,60334,1,A,16,false
WDD:WCC,3,6,60335,0,A,19,false
WDD:WCC,3,6,60335,1,A,18,false
WDD:WCC,3,6,60336,0,A,16,false
WDD:WCC,3,6,60336,1,A,20,false
WDD:WCC,3,6,60337,0,A,16,false
WDD:WCC,3,6,60337,1,A,16,false
WDD:WCC,3,6,60338,0,A,23,false
WDD:WCC,3,6,60338,1,B,37,false
WDD:WCC,3,6,60339,0,A,22,false
WDD:WCC,3,6,60339,1,A,19,false
WDD:WCC,3,6,60340,0,A,17,false
WDD:WCC,3,6,60340,1,A,14,false
WDD:WCC,3,6,60341,0,A,15,false
WDD:WCC,3,6,60341,1,A,20,false
WDD:WCC,3,6,60342,0,B,16,false
WDD:WCC,3,6,60342,1,A,24,false
WDD:WCC,3,6,60343,0,A,17,false
WDD:WCC,3,6,60343,1,A,16,false
WDD:WCC,3,6,60344,0,A,17,false
WDD:WCC,3,6,60344,1,A,20,false
WDD:WCC,3,6,60345,0,A,21,false
WDD:WCC,3,6,60345,1,A,22,false
WDD:WCC,3,6,60346,0,A,21,false
WDD:WCC,3,6,60346,1,A,20,false
WDD:WCC,3,6,60347,0,A,19,false
WDD:WCC,3,6,60347,1,B,33,false
WDD:WCC,3,6,60348,0,A,23,false
WDD:WCC,3,6,60348,1,B,37,false
WDD:WCC,3,6,60349,0,A,17,false
WDD:WCC,3,6,60349,1,A,24,false
WDD:WCC,3,7,70300,0,A,15,false
WDD:WCC,3,7,70300,1,A,20,false
WDD:WCC,3,7,70301,0,A,15,false
WDD:WCC,3,7,70301,1,A,20,false
WDD:WCC,3,7,70302,0,A,17,false
WDD:WCC,3,7,70302,1,A,15,false
WDD:WCC,3,7,70303,0,A,18,false
WDD:WCC,3,7,70303,1,A,15,false
WDD:WCC,3,7,70304,0,B,27,false
WDD:WCC,3,7,70304,1,A,18,false
WDD:WCC,3,7,70305,0,A,16,false
WDD:WCC,3,7,70305,1,A,14,false
WDD:WCC,3,7,70306,0,A,19,false
WDD:WCC,3,7,70306,1,A,20,false
WDD:WCC,3,7,70307,0,A,19,false
WDD:WCC,3,7,70307,1,A,14,false
WDD:WCC,3,7,70308,0,A,21,false
WDD:WCC,3,7,70308,1,A,14,false
WDD:WCC,3,7,70309,0,A,16,false
WDD:WCC,3,7,70309,1,A,20,false
WDD:WCC,3,7,70310,0,A,19,false
WDD:WCC,3,7,70310,1,A,24,false
WDD:WCC,3,7,70311,0,A,13,false
WDD:WCC,3,7,70311,1,A,14,false
WDD:WCC,3,7,70312,0,A,15,false
WDD:WCC,3,7,70312,1,A,18,false
WDD:WCC,3,7,70313,0,A,53,false
WDD:WCC,3,7,70313,1,A,30,false
WDD:WCC,3,7,70314,0,A,15,false
WDD:WCC,3,7,70314,1,A,14,false
WDD:WCC,3,7,70315,0,A,17,false
WDD:WCC,3,7,70315,1,A,24,false
WDD:WCC,3,7,70316,0,A,13,false
WDD:WCC,3,7,70316,1,A,24,false
WDD:WCC,3,7,70317,0,A,13,false
WDD:WCC,3,7,70317,1,A,18,false
WDD:WCC,3,7,70318,0,A,17,false
WDD:WCC,3,7,70318,1,A,16,false
WDD:WCC,3,7,70319,0,A,19,false
WDD:WCC,3,7,70319,1,A,26,false
WDD:WCC,3,7,70320,0,A,13,false
WDD:WCC,3,7,70320,1,A,18,false
WDD:WCC,3,7,70321,0,A,17,false
WDD:WCC,3,7,70321,1,A,16,false
WDD:WCC,3,7,70322,0,B,34,false
WDD:WCC,3,7,70322,1,B,25,false
WDD:WCC,3,7,70323,0,A,19,false
WDD:WCC,3,7,70323,1,A,24,false
WDD:WCC,3,7,70324,0,A,15,false
WDD:WCC,3,7,70324,1,A,18,false
WDD:WCC,3,7,70325,0,B,22,false
WDD:WCC,3,7,70325,1,A,22,false
WDD:WCC,3,7,70326,0,A,23,false
WDD:WCC,3,7,70326,1,A,18,false
WDD:WCC,3,7,70327,0,A,17,false
WDD:WCC,3,7,70327,1,A,16,false
WDD:WCC,3,7,70328,0,A,15,false
WDD:WCC,3,7,70328,1,A,12,false
WDD:WCC,3,7,70329,0,A,16,false
WDD:WCC,3,7,70329,1,A,15,false
WDD:WCC,3,7,70330,0,A,19,false
WDD:WCC,3,7,70330,1,A,14,false
WDD:WCC,3,7,70331,0,A,15,false
WDD:WCC,3,7,70331,1,A,16,false
WDD:WCC,3,7,70332,0,A,15,false
WDD:WCC,3,7,70332,1,A,16,false
WDD:WCC,3,7,70333,0,A,22,false
WDD:WCC,3,7,70333,1,A,26,false
WDD:WCC,3,7,70334,0,A,17,false
WDD:WCC,3,7,70334,1,A,16,false
WDD:WCC,3,7,70335,0,A,47,false
WDD:WCC,3,7,70335,1,A,32,false
WDD:WCC,3,7,70336,0,A,17,false
WDD:WCC,3,7,70336,1,A,18,false
WDD:WCC,3,7,70337,0,A,15,false
WDD:WCC,3,7,70337,1,A,16,false
WDD:WCC,3,7,70338,0,A,15,false
WDD:WCC,3,7,70338,1,A,16,false
WDD:WCC,3,7,70339,0,A,21,false
WDD:WCC,3,7,70339,1,A,18,false
WDD:WCC,3,7,70340,0,A,23,false
WDD:WCC,3,7,70340,1,A,16,false
WDD:WCC,3,7,70341,0,A,20,false
WDD:WCC,3,7,70341,1,A,20,false
WDD:WCC,3,7,70342,0,A,15,false
WDD:WCC,3,7,70342,1,A,12,false
WDD:WCC,3,7,70343,0,A,19,false
WDD:WCC,3,7,70343,1,A,16,false
WDD:WCC,3,7,70344,0,A,15,false
WDD:WCC,3,7,70344,1,A,14,false
WDD:WCC,3,7,70345,0,A,33,false
WDD:WCC,3,7,70345,1,A,36,false
WDD:WCC,3,7,70346,0,A,17,false
WDD:WCC,3,7,70346,1,A,17,false
WDD:WCC,3,7,70347,0,A,25,false
WDD:WCC,3,7,70347,1,A,18,false
WDD:WCC,3,7,70348,0,A,15,false
WDD:WCC,3,7,70348,1,A,20,false
WDD:WCC,3,7,70349,0,A,19,false
WDD:WCC,3,7,70349,1,A,14,false
WDD:WBB,1,2,902001,0,B,19,false
WDD:WBB,1,2,902001,1,B,22,false
WDD:WBB,1,2,902002,0,B,35,false
WDD:WBB,1,2,902002,1,B,38,false
WDD:WBB,1,2,902003,0,B,37,false
WDD:WBB,1,2,902003,1,B,68,false
WDD:WBB,1,2,902004,0,B,27,false
WDD:WBB,1,2,902004,1,B,20,false
WDD:WBB,1,2,902005,0,B,33,false
WDD:WBB,1,2,902005,1,B,30,false
WDD:WBB,1,2,902006,0,B,35,false
WDD:WBB,1,2,902006,1,B,24,false
WDD:WBB,1,2,902007,0,B,29,false
WDD:WBB,1,2,902007,1,B,22,false
WDD:WBB,1,2,902008,0,B,21,false
WDD:WBB,1,2,902008,1,B,24,false
WDD:WBB,1,2,902009,0,B,49,false
WDD:WBB,1,2,902009,1,draw,100,true
WDD:WBB,1,2,902010,0,B,17,false
WDD:WBB,1,2,902010,1,B,20,false
WDD:WBB,1,2,902011,0,B,25,false
WDD:WBB,1,2,902011,1,B,24,false
WDD:WBB,1,2,902012,0,B,19,false
WDD:WBB,1,2,902012,1,B,26,false
WDD:WBB,1,2,902013,0,B,23,false
WDD:WBB,1,2,902013,1,B,18,false
WDD:WBB,1,2,902014,0,B,25,false
WDD:WBB,1,2,902014,1,B,18,false
WDD:WBB,1,2,902015,0,B,33,false
WDD:WBB,1,2,902015,1,B,20,false
WDD:WBB,1,2,902016,0,B,27,false
WDD:WBB,1,2,902016,1,B,30,false
WDD:WBB,1,2,902017,0,draw,100,true
WDD:WBB,1,2,902017,1,draw,100,true
WDD:WBB,1,2,902018,0,B,19,false
WDD:WBB,1,2,902018,1,B,18,false
WDD:WBB,1,2,902019,0,B,25,false
WDD:WBB,1,2,902019,1,B,24,false
WDD:WBB,1,2,902020,0,B,33,false
WDD:WBB,1,2,902020,1,B,30,false
WDD:WBB,1,2,902021,0,B,91,false
WDD:WBB,1,2,902021,1,draw,100,true
WDD:WBB,1,2,902022,0,B,31,false
WDD:WBB,1,2,902022,1,B,19,false
WDD:WBB,1,2,902023,0,B,19,false
WDD:WBB,1,2,902023,1,B,34,false
WDD:WBB,1,2,902024,0,B,17,false
WDD:WBB,1,2,902024,1,B,16,false
WDD:WBB,1,2,902025,0,B,17,false
WDD:WBB,1,2,902025,1,B,22,false
WDD:WBB,1,2,902026,0,B,19,false
WDD:WBB,1,2,902026,1,B,24,false
WDD:WBB,1,2,902027,0,B,23,false
WDD:WBB,1,2,902027,1,B,56,false
WDD:WBB,1,2,902028,0,B,17,false
WDD:WBB,1,2,902028,1,B,22,false
WDD:WBB,1,2,902029,0,B,31,false
WDD:WBB,1,2,902029,1,B,30,false
WDD:WBB,1,2,902030,0,B,17,false
WDD:WBB,1,2,902030,1,B,16,false
WDD:WBB,1,2,902031,0,B,19,false
WDD:WBB,1,2,902031,1,B,22,false
WDD:WBB,1,2,902032,0,B,29,false
WDD:WBB,1,2,902032,1,B,66,false
WDD:WBB,1,2,902033,0,B,23,false
WDD:WBB,1,2,902033,1,B,26,false
WDD:WBB,1,2,902034,0,B,23,false
WDD:WBB,1,2,902034,1,B,18,false
WDD:WBB,1,2,902035,0,B,19,false
WDD:WBB,1,2,902035,1,B,16,false
WDD:WBB,1,2,902036,0,B,19,false
WDD:WBB,1,2,902036,1,B,18,false
WDD:WBB,1,2,902037,0,B,17,false
WDD:WBB,1,2,902037,1,B,22,false
WDD:WBB,1,2,902038,0,B,37,false
WDD:WBB,1,2,902038,1,B,40,false
WDD:WBB,1,2,902039,0,B,25,false
WDD:WBB,1,2,902039,1,B,16,false
WDD:WBB,1,2,902040,0,B,49,false
WDD:WBB,1,2,902040,1,B,18,false
WDD:WBB,1,2,902041,0,B,29,false
WDD:WBB,1,2,902041,1,B,30,false
WDD:WBB,1,2,902042,0,B,37,false
WDD:WBB,1,2,902042,1,B,24,false
WDD:WBB,1,2,902043,0,B,23,false
WDD:WBB,1,2,902043,1,B,30,false
WDD:WBB,1,2,902044,0,B,19,false
WDD:WBB,1,2,902044,1,B,24,false
WDD:WBB,1,2,902045,0,B,41,false
WDD:WBB,1,2,902045,1,B,30,false
WDD:WBB,1,2,902046,0,B,29,false
WDD:WBB,1,2,902046,1,B,24,false
WDD:WBB,1,2,902047,0,B,25,false
WDD:WBB,1,2,902047,1,B,27,false
WDD:WBB,1,2,902048,0,B,19,false
WDD:WBB,1,2,902048,1,B,16,false
WDD:WBB,1,2,902049,0,B,71,false
WDD:WBB,1,2,902049,1,B,52,false
WDD:WBB,1,2,902050,0,B,17,false
WDD:WBB,1,2,902050,1,B,22,false
WDD:WBB,1,3,903001,0,B,21,false
WDD:WBB,1,3,903001,1,B,32,false
WDD:WBB,1,3,903002,0,A,29,false
WDD:WBB,1,3,903002,1,A,30,false
WDD:WBB,1,3,903003,0,A,21,false
WDD:WBB,1,3,903003,1,A,24,false
WDD:WBB,1,3,903004,0,B,33,false
WDD:WBB,1,3,903004,1,A,26,false
WDD:WBB,1,3,903005,0,B,37,false
WDD:WBB,1,3,903005,1,B,46,false
WDD:WBB,1,3,903006,0,B,28,false
WDD:WBB,1,3,903006,1,B,20,false
WDD:WBB,1,3,903007,0,A,19,false
WDD:WBB,1,3,903007,1,B,26,false
WDD:WBB,1,3,903008,0,A,23,false
WDD:WBB,1,3,903008,1,B,28,false
WDD:WBB,1,3,903009,0,A,29,false
WDD:WBB,1,3,903009,1,B,23,false
WDD:WBB,1,3,903010,0,A,21,false
WDD:WBB,1,3,903010,1,A,20,false
WDD:WBB,1,3,903011,0,A,21,false
WDD:WBB,1,3,903011,1,A,22,false
WDD:WBB,1,3,903012,0,B,17,false
WDD:WBB,1,3,903012,1,A,22,false
WDD:WBB,1,3,903013,0,A,19,false
WDD:WBB,1,3,903013,1,B,18,false
WDD:WBB,1,3,903014,0,B,31,false
WDD:WBB,1,3,903014,1,B,36,false
WDD:WBB,1,3,903015,0,A,17,false
WDD:WBB,1,3,903015,1,draw,100,true
WDD:WBB,1,3,903016,0,A,29,false
WDD:WBB,1,3,903016,1,A,24,false
WDD:WBB,1,3,903017,0,B,17,false
WDD:WBB,1,3,903017,1,A,24,false
WDD:WBB,1,3,903018,0,A,21,false
WDD:WBB,1,3,903018,1,A,20,false
WDD:WBB,1,3,903019,0,B,40,false
WDD:WBB,1,3,903019,1,B,26,false
WDD:WBB,1,3,903020,0,A,19,false
WDD:WBB,1,3,903020,1,B,36,false
WDD:WBB,1,3,903021,0,draw,100,true
WDD:WBB,1,3,903021,1,A,26,false
WDD:WBB,1,3,903022,0,A,17,false
WDD:WBB,1,3,903022,1,A,20,false
WDD:WBB,1,3,903023,0,B,55,false
WDD:WBB,1,3,903023,1,A,20,false
WDD:WBB,1,3,903024,0,B,25,false
WDD:WBB,1,3,903024,1,A,18,false
WDD:WBB,1,3,903025,0,B,17,false
WDD:WBB,1,3,903025,1,B,20,false
WDD:WBB,1,3,903026,0,B,23,false
WDD:WBB,1,3,903026,1,A,28,false
WDD:WBB,1,3,903027,0,A,23,false
WDD:WBB,1,3,903027,1,A,22,false
WDD:WBB,1,3,903028,0,A,37,false
WDD:WBB,1,3,903028,1,draw,100,true
WDD:WBB,1,3,903029,0,A,17,false
WDD:WBB,1,3,903029,1,A,24,false
WDD:WBB,1,3,903030,0,draw,100,true
WDD:WBB,1,3,903030,1,A,40,false
WDD:WBB,1,3,903031,0,A,27,false
WDD:WBB,1,3,903031,1,A,20,false
WDD:WBB,1,3,903032,0,A,21,false
WDD:WBB,1,3,903032,1,A,26,false
WDD:WBB,1,3,903033,0,B,23,false
WDD:WBB,1,3,903033,1,A,22,false
WDD:WBB,1,3,903034,0,A,13,false
WDD:WBB,1,3,903034,1,A,24,false
WDD:WBB,1,3,903035,0,B,21,false
WDD:WBB,1,3,903035,1,A,20,false
WDD:WBB,1,3,903036,0,B,21,false
WDD:WBB,1,3,903036,1,A,18,false
WDD:WBB,1,3,903037,0,A,23,false
WDD:WBB,1,3,903037,1,B,32,false
WDD:WBB,1,3,903038,0,B,23,false
WDD:WBB,1,3,903038,1,B,22,false
WDD:WBB,1,3,903039,0,A,23,false
WDD:WBB,1,3,903039,1,A,24,false
WDD:WBB,1,3,903040,0,A,27,false
WDD:WBB,1,3,903040,1,A,20,false
WDD:WBB,1,3,903041,0,A,27,false
WDD:WBB,1,3,903041,1,A,26,false
WDD:WBB,1,3,903042,0,B,26,false
WDD:WBB,1,3,903042,1,draw,100,true
WDD:WBB,1,3,903043,0,A,21,false
WDD:WBB,1,3,903043,1,A,26,false
WDD:WBB,1,3,903044,0,B,19,false
WDD:WBB,1,3,903044,1,B,20,false
WDD:WBB,1,3,903045,0,B,21,false
WDD:WBB,1,3,903045,1,A,24,false
WDD:WBB,1,3,903046,0,B,29,false
WDD:WBB,1,3,903046,1,A,18,false
WDD:WBB,1,3,903047,0,B,19,false
WDD:WBB,1,3,903047,1,A,22,false
WDD:WBB,1,3,903048,0,B,33,false
WDD:WBB,1,3,903048,1,B,36,false
WDD:WBB,1,3,903049,0,draw,100,true
WDD:WBB,1,3,903049,1,B,20,false
WDD:WBB,1,3,903050,0,draw,100,true
WDD:WBB,1,3,903050,1,A,24,false
WDD:WBB,2,5,905002,0,B,27,false
WDD:WBB,2,5,905002,1,B,26,false
WDD:WBB,2,5,905003,0,B,21,false
WDD:WBB,2,5,905003,1,B,18,false
WDD:WBB,2,5,905004,0,B,24,false
WDD:WBB,2,5,905004,1,B,34,false
WDD:WBB,2,5,905005,0,B,35,false
WDD:WBB,2,5,905005,1,B,30,false
WDD:WBB,2,5,905006,0,B,27,false
WDD:WBB,2,5,905006,1,B,30,false
WDD:WBB,2,5,905007,0,B,21,false
WDD:WBB,2,5,905007,1,B,18,false
WDD:WBB,2,5,905008,0,B,27,false
WDD:WBB,2,5,905008,1,A,24,false
WDD:WBB,2,5,905009,0,A,41,false
WDD:WBB,2,5,905009,1,B,38,false
WDD:WBB,2,5,905010,0,B,26,false
WDD:WBB,2,5,905010,1,B,30,false
WDD:WBB,2,5,905011,0,B,17,false
WDD:WBB,2,5,905011,1,B,16,false
WDD:WBB,2,5,905012,0,B,17,false
WDD:WBB,2,5,905012,1,B,20,false
WDD:WBB,2,5,905013,0,B,29,false
WDD:WBB,2,5,905013,1,B,32,false
WDD:WBB,2,5,905014,0,B,21,false
WDD:WBB,2,5,905014,1,B,28,false
WDD:WBB,2,5,905015,0,B,37,false
WDD:WBB,2,5,905015,1,B,44,false
WDD:WBB,2,5,905016,0,B,29,false
WDD:WBB,2,5,905016,1,B,30,false
WDD:WBB,2,5,905017,0,B,21,false
WDD:WBB,2,5,905017,1,B,24,false
WDD:WBB,2,5,905018,0,B,31,false
WDD:WBB,2,5,905018,1,B,28,false
WDD:WBB,2,5,905019,0,B,23,false
WDD:WBB,2,5,905019,1,B,32,false
WDD:WBB,2,5,905020,0,B,25,false
WDD:WBB,2,5,905020,1,B,28,false
WDD:WBB,2,5,905021,0,B,27,false
WDD:WBB,2,5,905021,1,B,50,false
WDD:WBB,2,5,905022,0,B,31,false
WDD:WBB,2,5,905022,1,B,20,false
WDD:WBB,2,5,905023,0,draw,100,true
WDD:WBB,2,5,905023,1,B,24,false
WDD:WBB,2,5,905024,0,draw,100,true
WDD:WBB,2,5,905024,1,B,24,false
WDD:WBB,2,5,905025,0,B,37,false
WDD:WBB,2,5,905025,1,B,26,false
WDD:WBB,2,5,905026,0,B,65,false
WDD:WBB,2,5,905026,1,B,40,false
WDD:WBB,2,5,905027,0,B,27,false
WDD:WBB,2,5,905027,1,A,26,false
WDD:WBB,2,5,905028,0,B,57,false
WDD:WBB,2,5,905028,1,B,40,false
WDD:WBB,2,5,905029,0,B,21,false
WDD:WBB,2,5,905029,1,B,20,false
WDD:WBB,2,5,905030,0,A,33,false
WDD:WBB,2,5,905030,1,B,24,false
WDD:WBB,2,5,905031,0,B,31,false
WDD:WBB,2,5,905031,1,B,28,false
WDD:WBB,2,5,905032,0,B,29,false
WDD:WBB,2,5,905032,1,draw,100,true
WDD:WBB,2,5,905033,0,B,23,false
WDD:WBB,2,5,905033,1,B,28,false
WDD:WBB,2,5,905034,0,B,27,false
WDD:WBB,2,5,905034,1,B,52,false
WDD:WBB,2,5,905035,0,draw,100,true
WDD:WBB,2,5,905035,1,B,24,false
WDD:WBB,2,5,905036,0,B,47,false
WDD:WBB,2,5,905036,1,B,40,false
WDD:WBB,2,5,905037,0,B,33,false
WDD:WBB,2,5,905037,1,B,26,false
WDD:WBB,2,5,905038,0,B,37,false
WDD:WBB,2,5,905038,1,B,32,false
WDD:WBB,2,5,905039,0,draw,100,true
WDD:WBB,2,5,905039,1,B,26,false
WDD:WBB,2,5,905040,0,draw,100,true
WDD:WBB,2,5,905040,1,B,34,false
WDD:WBB,2,5,905041,0,B,27,false
WDD:WBB,2,5,905041,1,B,24,false
WDD:WBB,2,5,905042,0,B,23,false
WDD:WBB,2,5,905042,1,B,28,false
WDD:WBB,2,5,905043,0,B,25,false
WDD:WBB,2,5,905043,1,draw,100,true
WDD:WBB,2,5,905044,0,B,29,false
WDD:WBB,2,5,905044,1,B,22,false
WDD:WBB,2,5,905045,0,B,25,false
WDD:WBB,2,5,905045,1,B,22,false
WDD:WBB,2,5,905046,0,B,21,false
WDD:WBB,2,5,905046,1,B,30,false
WDD:WBB,2,5,905047,0,draw,100,true
WDD:WBB,2,5,905047,1,B,26,false
WDD:WBB,2,5,905048,0,B,21,false
WDD:WBB,2,5,905048,1,B,34,false
WDD:WBB,2,5,905049,0,B,23,false
WDD:WBB,2,5,905049,1,B,30,false
WDD:WBB,2,5,905050,0,draw,100,true
WDD:WBB,2,5,905050,1,B,28,false
WDD:WBB,2,5,905051,0,B,25,false
WDD:WBB,2,5,905051,1,B,22,false
WDD:WBB,2,6,906002,0,A,27,false
WDD:WBB,2,6,906002,1,B,40,false
WDD:WBB,2,6,906003,0,A,33,false
WDD:WBB,2,6,906003,1,B,74,false
WDD:WBB,2,6,906004,0,B,27,false
WDD:WBB,2,6,906004,1,B,24,false
WDD:WBB,2,6,906005,0,B,29,false
WDD:WBB,2,6,906005,1,A,26,false
WDD:WBB,2,6,906006,0,A,23,false
WDD:WBB,2,6,906006,1,A,22,false
WDD:WBB,2,6,906007,0,B,25,false
WDD:WBB,2,6,906007,1,B,24,false
WDD:WBB,2,6,906008,0,A,27,false
WDD:WBB,2,6,906008,1,B,30,false
WDD:WBB,2,6,906009,0,B,27,false
WDD:WBB,2,6,906009,1,A,20,false
WDD:WBB,2,6,906010,0,B,37,false
WDD:WBB,2,6,906010,1,B,22,false
WDD:WBB,2,6,906011,0,B,47,false
WDD:WBB,2,6,906011,1,A,22,false
WDD:WBB,2,6,906012,0,B,25,false
WDD:WBB,2,6,906012,1,A,22,false
WDD:WBB,2,6,906013,0,A,19,false
WDD:WBB,2,6,906013,1,B,28,false
WDD:WBB,2,6,906014,0,A,21,false
WDD:WBB,2,6,906014,1,A,24,false
WDD:WBB,2,6,906015,0,A,27,false
WDD:WBB,2,6,906015,1,B,32,false
WDD:WBB,2,6,906016,0,B,21,false
WDD:WBB,2,6,906016,1,A,24,false
WDD:WBB,2,6,906017,0,B,31,false
WDD:WBB,2,6,906017,1,A,26,false
WDD:WBB,2,6,906018,0,A,23,false
WDD:WBB,2,6,906018,1,A,32,false
WDD:WBB,2,6,906019,0,A,27,false
WDD:WBB,2,6,906019,1,B,22,false
WDD:WBB,2,6,906020,0,A,23,false
WDD:WBB,2,6,906020,1,draw,100,true
WDD:WBB,2,6,906021,0,draw,100,true
WDD:WBB,2,6,906021,1,A,22,false
WDD:WBB,2,6,906022,0,B,21,false
WDD:WBB,2,6,906022,1,A,22,false
WDD:WBB,2,6,906023,0,B,25,false
WDD:WBB,2,6,906023,1,B,28,false
WDD:WBB,2,6,906024,0,A,23,false
WDD:WBB,2,6,906024,1,A,22,false
WDD:WBB,2,6,906025,0,A,31,false
WDD:WBB,2,6,906025,1,A,30,false
WDD:WBB,2,6,906026,0,A,23,false
WDD:WBB,2,6,906026,1,A,26,false
WDD:WBB,2,6,906027,0,A,21,false
WDD:WBB,2,6,906027,1,A,20,false
WDD:WBB,2,6,906028,0,B,35,false
WDD:WBB,2,6,906028,1,A,14,false
WDD:WBB,2,6,906029,0,A,23,false
WDD:WBB,2,6,906029,1,A,18,false
WDD:WBB,2,6,906030,0,A,29,false
WDD:WBB,2,6,906030,1,A,22,false
WDD:WBB,2,6,906031,0,A,43,false
WDD:WBB,2,6,906031,1,B,22,false
WDD:WBB,2,6,906032,0,draw,100,true
WDD:WBB,2,6,906032,1,B,34,false
WDD:WBB,2,6,906033,0,A,23,false
WDD:WBB,2,6,906033,1,A,22,false
WDD:WBB,2,6,906034,0,A,21,false
WDD:WBB,2,6,906034,1,A,28,false
WDD:WBB,2,6,906035,0,B,27,false
WDD:WBB,2,6,906035,1,A,20,false
WDD:WBB,2,6,906036,0,A,21,false
WDD:WBB,2,6,906036,1,A,20,false
WDD:WBB,2,6,906037,0,A,17,false
WDD:WBB,2,6,906037,1,A,18,false
WDD:WBB,2,6,906038,0,B,25,false
WDD:WBB,2,6,906038,1,A,26,false
WDD:WBB,2,6,906039,0,A,17,false
WDD:WBB,2,6,906039,1,B,28,false
WDD:WBB,2,6,906040,0,B,33,false
WDD:WBB,2,6,906040,1,B,34,false
WDD:WBB,2,6,906041,0,A,23,false
WDD:WBB,2,6,906041,1,B,30,false
WDD:WBB,2,6,906042,0,A,27,false
WDD:WBB,2,6,906042,1,A,24,false
WDD:WBB,2,6,906043,0,B,27,false
WDD:WBB,2,6,906043,1,A,38,false
WDD:WBB,2,6,906044,0,B,51,false
WDD:WBB,2,6,906044,1,A,30,false
WDD:WBB,2,6,906045,0,B,41,false
WDD:WBB,2,6,906045,1,A,22,false
WDD:WBB,2,6,906046,0,A,19,false
WDD:WBB,2,6,906046,1,A,24,false
WDD:WBB,2,6,906047,0,A,29,false
WDD:WBB,2,6,906047,1,A,20,false
WDD:WBB,2,6,906048,0,A,23,false
WDD:WBB,2,6,906048,1,A,28,false
WDD:WBB,2,6,906049,0,A,21,false
WDD:WBB,2,6,906049,1,A,24,false
WDD:WBB,2,6,906050,0,A,23,false
WDD:WBB,2,6,906050,1,A,24,false
WDD:WBB,2,6,906051,0,A,23,false
WDD:WBB,2,6,906051,1,A,18,false
WDD:WBB,3,8,908003,0,B,25,false
WDD:WBB,3,8,908003,1,B,30,false
WDD:WBB,3,8,908004,0,B,23,false
WDD:WBB,3,8,908004,1,A,22,false
WDD:WBB,3,8,908005,0,B,27,false
WDD:WBB,3,8,908005,1,B,36,false
WDD:WBB,3,8,908006,0,A,27,false
WDD:WBB,3,8,908006,1,B,32,false
WDD:WBB,3,8,908007,0,B,43,false
WDD:WBB,3,8,908007,1,A,22,false
WDD:WBB,3,8,908008,0,A,25,false
WDD:WBB,3,8,908008,1,B,26,false
WDD:WBB,3,8,908009,0,B,27,false
WDD:WBB,3,8,908009,1,B,26,false
WDD:WBB,3,8,908010,0,draw,100,true
WDD:WBB,3,8,908010,1,B,28,false
WDD:WBB,3,8,908011,0,B,29,false
WDD:WBB,3,8,908011,1,A,34,false
WDD:WBB,3,8,908012,0,A,23,false
WDD:WBB,3,8,908012,1,B,24,false
WDD:WBB,3,8,908013,0,B,27,false
WDD:WBB,3,8,908013,1,B,26,false
WDD:WBB,3,8,908014,0,A,25,false
WDD:WBB,3,8,908014,1,A,26,false
WDD:WBB,3,8,908015,0,draw,100,true
WDD:WBB,3,8,908015,1,B,30,false
WDD:WBB,3,8,908016,0,B,33,false
WDD:WBB,3,8,908016,1,A,24,false
WDD:WBB,3,8,908017,0,A,27,false
WDD:WBB,3,8,908017,1,B,38,false
WDD:WBB,3,8,908018,0,draw,100,true
WDD:WBB,3,8,908018,1,A,24,false
WDD:WBB,3,8,908019,0,draw,100,true
WDD:WBB,3,8,908019,1,B,28,false
WDD:WBB,3,8,908020,0,B,29,false
WDD:WBB,3,8,908020,1,B,20,false
WDD:WBB,3,8,908021,0,A,23,false
WDD:WBB,3,8,908021,1,B,44,false
WDD:WBB,3,8,908022,0,B,27,false
WDD:WBB,3,8,908022,1,B,38,false
WDD:WBB,3,8,908023,0,B,31,false
WDD:WBB,3,8,908023,1,B,28,false
WDD:WBB,3,8,908024,0,A,23,false
WDD:WBB,3,8,908024,1,B,24,false
WDD:WBB,3,8,908025,0,B,29,false
WDD:WBB,3,8,908025,1,B,36,false
WDD:WBB,3,8,908026,0,B,37,false
WDD:WBB,3,8,908026,1,B,30,false
WDD:WBB,3,8,908027,0,B,33,false
WDD:WBB,3,8,908027,1,B,32,false
WDD:WBB,3,8,908028,0,B,29,false
WDD:WBB,3,8,908028,1,A,24,false
WDD:WBB,3,8,908029,0,B,31,false
WDD:WBB,3,8,908029,1,B,24,false
WDD:WBB,3,8,908030,0,A,19,false
WDD:WBB,3,8,908030,1,B,30,false
WDD:WBB,3,8,908031,0,A,31,false
WDD:WBB,3,8,908031,1,B,24,false
WDD:WBB,3,8,908032,0,B,31,false
WDD:WBB,3,8,908032,1,B,28,false
WDD:WBB,3,8,908033,0,B,23,false
WDD:WBB,3,8,908033,1,B,22,false
WDD:WBB,3,8,908034,0,draw,100,true
WDD:WBB,3,8,908034,1,B,22,false
WDD:WBB,3,8,908035,0,B,29,false
WDD:WBB,3,8,908035,1,B,26,false
WDD:WBB,3,8,908036,0,B,33,false
WDD:WBB,3,8,908036,1,B,34,false
WDD:WBB,3,8,908037,0,A,29,false
WDD:WBB,3,8,908037,1,B,22,false
WDD:WBB,3,8,908038,0,B,25,false
WDD:WBB,3,8,908038,1,B,30,false
WDD:WBB,3,8,908039,0,A,27,false
WDD:WBB,3,8,908039,1,A,28,false
WDD:WBB,3,8,908040,0,B,27,false
WDD:WBB,3,8,908040,1,B,34,false
WDD:WBB,3,8,908041,0,B,29,false
WDD:WBB,3,8,908041,1,draw,100,true
WDD:WBB,3,8,908042,0,B,25,false
WDD:WBB,3,8,908042,1,B,38,false
WDD:WBB,3,8,908043,0,B,29,false
WDD:WBB,3,8,908043,1,A,28,false
WDD:WBB,3,8,908044,0,B,27,false
WDD:WBB,3,8,908044,1,B,40,false
WDD:WBB,3,8,908045,0,B,27,false
WDD:WBB,3,8,908045,1,B,32,false
WDD:WBB,3,8,908046,0,A,23,false
WDD:WBB,3,8,908046,1,B,24,false
WDD:WBB,3,8,908047,0,B,33,false
WDD:WBB,3,8,908047,1,B,30,false
WDD:WBB,3,8,908048,0,B,31,false
WDD:WBB,3,8,908048,1,B,34,false
WDD:WBB,3,8,908049,0,B,37,false
WDD:WBB,3,8,908049,1,A,26,false
WDD:WBB,3,8,908050,0,B,26,false
WDD:WBB,3,8,908050,1,B,26,false
WDD:WBB,3,8,908051,0,A,29,false
WDD:WBB,3,8,908051,1,B,30,false
WDD:WBB,3,8,908052,0,B,33,false
WDD:WBB,3,8,908052,1,B,28,false
WDD:WBB,3,9,909003,0,A,21,false
WDD:WBB,3,9,909003,1,B,22,false
WDD:WBB,3,9,909004,0,B,23,false
WDD:WBB,3,9,909004,1,B,24,false
WDD:WBB,3,9,909005,0,B,27,false
WDD:WBB,3,9,909005,1,B,34,false
WDD:WBB,3,9,909006,0,A,23,false
WDD:WBB,3,9,909006,1,A,22,false
WDD:WBB,3,9,909007,0,A,21,false
WDD:WBB,3,9,909007,1,B,24,false
WDD:WBB,3,9,909008,0,A,27,false
WDD:WBB,3,9,909008,1,A,30,false
WDD:WBB,3,9,909009,0,A,25,false
WDD:WBB,3,9,909009,1,A,36,false
WDD:WBB,3,9,909010,0,A,25,false
WDD:WBB,3,9,909010,1,A,20,false
WDD:WBB,3,9,909011,0,A,25,false
WDD:WBB,3,9,909011,1,A,24,false
WDD:WBB,3,9,909012,0,A,21,false
WDD:WBB,3,9,909012,1,A,20,false
WDD:WBB,3,9,909013,0,draw,100,true
WDD:WBB,3,9,909013,1,A,26,false
WDD:WBB,3,9,909014,0,A,21,false
WDD:WBB,3,9,909014,1,B,30,false
WDD:WBB,3,9,909015,0,B,31,false
WDD:WBB,3,9,909015,1,A,20,false
WDD:WBB,3,9,909016,0,A,29,false
WDD:WBB,3,9,909016,1,A,32,false
WDD:WBB,3,9,909017,0,B,33,false
WDD:WBB,3,9,909017,1,A,26,false
WDD:WBB,3,9,909018,0,A,23,false
WDD:WBB,3,9,909018,1,A,22,false
WDD:WBB,3,9,909019,0,B,24,false
WDD:WBB,3,9,909019,1,B,18,false
WDD:WBB,3,9,909020,0,B,29,false
WDD:WBB,3,9,909020,1,A,26,false
WDD:WBB,3,9,909021,0,B,43,false
WDD:WBB,3,9,909021,1,A,20,false
WDD:WBB,3,9,909022,0,A,23,false
WDD:WBB,3,9,909022,1,A,26,false
WDD:WBB,3,9,909023,0,A,21,false
WDD:WBB,3,9,909023,1,draw,100,true
WDD:WBB,3,9,909024,0,A,21,false
WDD:WBB,3,9,909024,1,draw,100,true
WDD:WBB,3,9,909025,0,B,37,false
WDD:WBB,3,9,909025,1,A,22,false
WDD:WBB,3,9,909026,0,B,59,false
WDD:WBB,3,9,909026,1,B,26,false
WDD:WBB,3,9,909027,0,A,23,false
WDD:WBB,3,9,909027,1,A,24,false
WDD:WBB,3,9,909028,0,A,19,false
WDD:WBB,3,9,909028,1,A,20,false
WDD:WBB,3,9,909029,0,A,33,false
WDD:WBB,3,9,909029,1,A,28,false
WDD:WBB,3,9,909030,0,draw,100,true
WDD:WBB,3,9,909030,1,B,23,false
WDD:WBB,3,9,909031,0,A,17,false
WDD:WBB,3,9,909031,1,A,16,false
WDD:WBB,3,9,909032,0,A,25,false
WDD:WBB,3,9,909032,1,A,20,false
WDD:WBB,3,9,909033,0,A,33,false
WDD:WBB,3,9,909033,1,B,22,false
WDD:WBB,3,9,909034,0,A,17,false
WDD:WBB,3,9,909034,1,B,28,false
WDD:WBB,3,9,909035,0,B,37,false
WDD:WBB,3,9,909035,1,A,32,false
WDD:WBB,3,9,909036,0,A,23,false
WDD:WBB,3,9,909036,1,A,34,false
WDD:WBB,3,9,909037,0,A,27,false
WDD:WBB,3,9,909037,1,A,30,false
WDD:WBB,3,9,909038,0,A,25,false
WDD:WBB,3,9,909038,1,B,26,false
WDD:WBB,3,9,909039,0,A,17,false
WDD:WBB,3,9,909039,1,A,20,false
WDD:WBB,3,9,909040,0,A,23,false
WDD:WBB,3,9,909040,1,A,18,false
WDD:WBB,3,9,909041,0,A,25,false
WDD:WBB,3,9,909041,1,A,24,false
WDD:WBB,3,9,909042,0,draw,100,true
WDD:WBB,3,9,909042,1,A,32,false
WDD:WBB,3,9,909043,0,A,21,false
WDD:WBB,3,9,909043,1,B,30,false
WDD:WBB,3,9,909044,0,B,25,false
WDD:WBB,3,9,909044,1,B,30,false
WDD:WBB,3,9,909045,0,A,25,false
WDD:WBB,3,9,909045,1,B,30,false
WDD:WBB,3,9,909046,0,A,17,false
WDD:WBB,3,9,909046,1,A,22,false
WDD:WBB,3,9,909047,0,B,23,false
WDD:WBB,3,9,909047,1,A,30,false
WDD:WBB,3,9,909048,0,B,29,false
WDD:WBB,3,9,909048,1,A,22,false
WDD:WBB,3,9,909049,0,A,33,false
WDD:WBB,3,9,909049,1,A,24,false
WDD:WBB,3,9,909050,0,B,27,false
WDD:WBB,3,9,909050,1,A,24,false
WDD:WBB,3,9,909051,0,draw,100,true
WDD:WBB,3,9,909051,1,A,26,false
WDD:WBB,3,9,909052,0,A,21,false
WDD:WBB,3,9,909052,1,B,28,false
WCC:WBB,1,1,901001,0,B,20,false
WCC:WBB,1,1,901001,1,B,22,false
WCC:WBB,1,1,901002,0,B,18,false
WCC:WBB,1,1,901002,1,B,17,false
WCC:WBB,1,1,901003,0,B,16,false
WCC:WBB,1,1,901003,1,B,15,false
WCC:WBB,1,1,901004,0,B,19,false
WCC:WBB,1,1,901004,1,B,19,false
WCC:WBB,1,1,901005,0,B,21,false
WCC:WBB,1,1,901005,1,B,23,false
WCC:WBB,1,1,901006,0,B,12,false
WCC:WBB,1,1,901006,1,B,17,false
WCC:WBB,1,1,901007,0,B,19,false
WCC:WBB,1,1,901007,1,B,20,false
WCC:WBB,1,1,901008,0,B,17,false
WCC:WBB,1,1,901008,1,B,22,false
WCC:WBB,1,1,901009,0,B,15,false
WCC:WBB,1,1,901009,1,B,20,false
WCC:WBB,1,1,901010,0,B,23,false
WCC:WBB,1,1,901010,1,B,13,false
WCC:WBB,1,1,901011,0,B,25,false
WCC:WBB,1,1,901011,1,draw,100,true
WCC:WBB,1,1,901012,0,B,12,false
WCC:WBB,1,1,901012,1,B,24,false
WCC:WBB,1,1,901013,0,B,31,false
WCC:WBB,1,1,901013,1,B,15,false
WCC:WBB,1,1,901014,0,B,37,false
WCC:WBB,1,1,901014,1,B,19,false
WCC:WBB,1,1,901015,0,B,16,false
WCC:WBB,1,1,901015,1,B,22,false
WCC:WBB,1,1,901016,0,B,29,false
WCC:WBB,1,1,901016,1,B,15,false
WCC:WBB,1,1,901017,0,B,19,false
WCC:WBB,1,1,901017,1,B,18,false
WCC:WBB,1,1,901018,0,B,15,false
WCC:WBB,1,1,901018,1,B,25,false
WCC:WBB,1,1,901019,0,B,17,false
WCC:WBB,1,1,901019,1,B,15,false
WCC:WBB,1,1,901020,0,B,17,false
WCC:WBB,1,1,901020,1,B,18,false
WCC:WBB,1,1,901021,0,B,14,false
WCC:WBB,1,1,901021,1,B,19,false
WCC:WBB,1,1,901022,0,B,25,false
WCC:WBB,1,1,901022,1,B,15,false
WCC:WBB,1,1,901023,0,B,21,false
WCC:WBB,1,1,901023,1,B,15,false
WCC:WBB,1,1,901024,0,B,34,false
WCC:WBB,1,1,901024,1,B,30,false
WCC:WBB,1,1,901025,0,B,23,false
WCC:WBB,1,1,901025,1,B,13,false
WCC:WBB,1,1,901026,0,B,12,false
WCC:WBB,1,1,901026,1,B,26,false
WCC:WBB,1,1,901027,0,B,21,false
WCC:WBB,1,1,901027,1,B,15,false
WCC:WBB,1,1,901028,0,draw,100,true
WCC:WBB,1,1,901028,1,draw,100,true
WCC:WBB,1,1,901029,0,B,18,false
WCC:WBB,1,1,901029,1,B,21,false
WCC:WBB,1,1,901030,0,B,27,false
WCC:WBB,1,1,901030,1,B,23,false
WCC:WBB,1,1,901031,0,B,17,false
WCC:WBB,1,1,901031,1,B,32,false
WCC:WBB,1,1,901032,0,draw,100,true
WCC:WBB,1,1,901032,1,B,54,false
WCC:WBB,1,1,901033,0,B,25,false
WCC:WBB,1,1,901033,1,B,17,false
WCC:WBB,1,1,901034,0,B,29,false
WCC:WBB,1,1,901034,1,B,15,false
WCC:WBB,1,1,901035,0,B,30,false
WCC:WBB,1,1,901035,1,B,15,false
WCC:WBB,1,1,901036,0,B,31,false
WCC:WBB,1,1,901036,1,B,15,false
WCC:WBB,1,1,901037,0,B,25,false
WCC:WBB,1,1,901037,1,B,17,false
WCC:WBB,1,1,901038,0,B,16,false
WCC:WBB,1,1,901038,1,B,18,false
WCC:WBB,1,1,901039,0,B,15,false
WCC:WBB,1,1,901039,1,B,30,false
WCC:WBB,1,1,901040,0,B,22,false
WCC:WBB,1,1,901040,1,B,38,false
WCC:WBB,1,1,901041,0,B,14,false
WCC:WBB,1,1,901041,1,draw,100,true
WCC:WBB,1,1,901042,0,draw,100,true
WCC:WBB,1,1,901042,1,draw,100,true
WCC:WBB,1,1,901043,0,B,24,false
WCC:WBB,1,1,901043,1,draw,100,true
WCC:WBB,1,1,901044,0,B,14,false
WCC:WBB,1,1,901044,1,B,15,false
WCC:WBB,1,1,901045,0,B,18,false
WCC:WBB,1,1,901045,1,B,21,false
WCC:WBB,1,1,901046,0,B,15,false
WCC:WBB,1,1,901046,1,B,24,false
WCC:WBB,1,1,901047,0,B,23,false
WCC:WBB,1,1,901047,1,B,17,false
WCC:WBB,1,1,901048,0,B,16,false
WCC:WBB,1,1,901048,1,B,17,false
WCC:WBB,1,1,901049,0,B,23,false
WCC:WBB,1,1,901049,1,B,24,false
WCC:WBB,1,1,901050,0,B,26,false
WCC:WBB,1,1,901050,1,B,42,false
WCC:WBB,1,2,902001,0,A,21,false
WCC:WBB,1,2,902001,1,A,16,false
WCC:WBB,1,2,902002,0,B,26,false
WCC:WBB,1,2,902002,1,A,28,false
WCC:WBB,1,2,902003,0,A,33,false
WCC:WBB,1,2,902003,1,A,26,false
WCC:WBB,1,2,902004,0,A,21,false
WCC:WBB,1,2,902004,1,A,22,false
WCC:WBB,1,2,902005,0,A,21,false
WCC:WBB,1,2,902005,1,A,20,false
WCC:WBB,1,2,902006,0,A,31,false
WCC:WBB,1,2,902006,1,A,22,false
WCC:WBB,1,2,902007,0,A,23,false
WCC:WBB,1,2,902007,1,A,20,false
WCC:WBB,1,2,902008,0,A,23,false
WCC:WBB,1,2,902008,1,B,16,false
WCC:WBB,1,2,902009,0,A,45,false
WCC:WBB,1,2,902009,1,draw,100,true
WCC:WBB,1,2,902010,0,B,17,false
WCC:WBB,1,2,902010,1,A,16,false
WCC:WBB,1,2,902011,0,A,27,false
WCC:WBB,1,2,902011,1,A,24,false
WCC:WBB,1,2,902012,0,A,19,false
WCC:WBB,1,2,902012,1,A,26,false
WCC:WBB,1,2,902013,0,A,21,false
WCC:WBB,1,2,902013,1,A,22,false
WCC:WBB,1,2,902014,0,A,17,false
WCC:WBB,1,2,902014,1,A,14,false
WCC:WBB,1,2,902015,0,B,23,false
WCC:WBB,1,2,902015,1,A,24,false
WCC:WBB,1,2,902016,0,A,19,false
WCC:WBB,1,2,902016,1,A,24,false
WCC:WBB,1,2,902017,0,A,63,false
WCC:WBB,1,2,902017,1,draw,100,true
WCC:WBB,1,2,902018,0,A,17,false
WCC:WBB,1,2,902018,1,A,16,false
WCC:WBB,1,2,902019,0,A,21,false
WCC:WBB,1,2,902019,1,A,16,false
WCC:WBB,1,2,902020,0,A,29,false
WCC:WBB,1,2,902020,1,A,26,false
WCC:WBB,1,2,902021,0,A,29,false
WCC:WBB,1,2,902021,1,A,58,false
WCC:WBB,1,2,902022,0,A,31,false
WCC:WBB,1,2,902022,1,B,19,false
WCC:WBB,1,2,902023,0,A,21,false
WCC:WBB,1,2,902023,1,A,24,false
WCC:WBB,1,2,902024,0,A,19,false
WCC:WBB,1,2,902024,1,A,18,false
WCC:WBB,1,2,902025,0,A,21,false
WCC:WBB,1,2,902025,1,A,20,false
WCC:WBB,1,2,902026,0,A,19,false
WCC:WBB,1,2,902026,1,A,36,false
WCC:WBB,1,2,902027,0,A,19,false
WCC:WBB,1,2,902027,1,B,25,false
WCC:WBB,1,2,902028,0,A,15,false
WCC:WBB,1,2,902028,1,A,22,false
WCC:WBB,1,2,902029,0,A,23,false
WCC:WBB,1,2,902029,1,A,22,false
WCC:WBB,1,2,902030,0,A,15,false
WCC:WBB,1,2,902030,1,A,20,false
WCC:WBB,1,2,902031,0,A,17,false
WCC:WBB,1,2,902031,1,A,16,false
WCC:WBB,1,2,902032,0,A,31,false
WCC:WBB,1,2,902032,1,A,52,false
WCC:WBB,1,2,902033,0,B,16,false
WCC:WBB,1,2,902033,1,B,17,false
WCC:WBB,1,2,902034,0,B,14,false
WCC:WBB,1,2,902034,1,A,18,false
WCC:WBB,1,2,902035,0,A,15,false
WCC:WBB,1,2,902035,1,B,16,false
WCC:WBB,1,2,902036,0,A,19,false
WCC:WBB,1,2,902036,1,A,16,false
WCC:WBB,1,2,902037,0,A,15,false
WCC:WBB,1,2,902037,1,A,18,false
WCC:WBB,1,2,902038,0,A,37,false
WCC:WBB,1,2,902038,1,A,34,false
WCC:WBB,1,2,902039,0,A,31,false
WCC:WBB,1,2,902039,1,A,18,false
WCC:WBB,1,2,902040,0,A,45,false
WCC:WBB,1,2,902040,1,A,18,false
WCC:WBB,1,2,902041,0,A,15,false
WCC:WBB,1,2,902041,1,A,26,false
WCC:WBB,1,2,902042,0,A,25,false
WCC:WBB,1,2,902042,1,A,20,false
WCC:WBB,1,2,902043,0,A,19,false
WCC:WBB,1,2,902043,1,A,30,false
WCC:WBB,1,2,902044,0,A,19,false
WCC:WBB,1,2,902044,1,A,18,false
WCC:WBB,1,2,902045,0,A,35,false
WCC:WBB,1,2,902045,1,A,34,false
WCC:WBB,1,2,902046,0,A,31,false
WCC:WBB,1,2,902046,1,A,16,false
WCC:WBB,1,2,902047,0,A,25,false
WCC:WBB,1,2,902047,1,A,26,false
WCC:WBB,1,2,902048,0,A,15,false
WCC:WBB,1,2,902048,1,A,16,false
WCC:WBB,1,2,902049,0,draw,100,true
WCC:WBB,1,2,902049,1,A,62,false
WCC:WBB,1,2,902050,0,A,21,false
WCC:WBB,1,2,902050,1,B,21,false
WCC:WBB,2,3,903002,0,B,23,false
WCC:WBB,2,3,903002,1,A,16,false
WCC:WBB,2,3,903003,0,A,21,false
WCC:WBB,2,3,903003,1,A,20,false
WCC:WBB,2,3,903004,0,B,28,false
WCC:WBB,2,3,903004,1,B,20,false
WCC:WBB,2,3,903005,0,B,41,false
WCC:WBB,2,3,903005,1,B,47,false
WCC:WBB,2,3,903006,0,B,23,false
WCC:WBB,2,3,903006,1,A,26,false
WCC:WBB,2,3,903007,0,B,29,false
WCC:WBB,2,3,903007,1,B,26,false
WCC:WBB,2,3,903008,0,B,18,false
WCC:WBB,2,3,903008,1,A,18,false
WCC:WBB,2,3,903009,0,A,25,false
WCC:WBB,2,3,903009,1,A,26,false
WCC:WBB,2,3,903010,0,B,25,false
WCC:WBB,2,3,903010,1,B,23,false
WCC:WBB,2,3,903011,0,A,19,false
WCC:WBB,2,3,903011,1,A,20,false
WCC:WBB,2,3,903012,0,A,15,false
WCC:WBB,2,3,903012,1,A,20,false
WCC:WBB,2,3,903013,0,B,31,false
WCC:WBB,2,3,903013,1,A,16,false
WCC:WBB,2,3,903014,0,B,28,false
WCC:WBB,2,3,903014,1,B,40,false
WCC:WBB,2,3,903015,0,B,21,false
WCC:WBB,2,3,903015,1,B,24,false
WCC:WBB,2,3,903016,0,A,23,false
WCC:WBB,2,3,903016,1,B,31,false
WCC:WBB,2,3,903017,0,A,19,false
WCC:WBB,2,3,903017,1,B,28,false
WCC:WBB,2,3,903018,0,B,25,false
WCC:WBB,2,3,903018,1,B,15,false
WCC:WBB,2,3,903019,0,B,26,false
WCC:WBB,2,3,903019,1,B,24,false
WCC:WBB,2,3,903020,0,A,19,false
WCC:WBB,2,3,903020,1,B,32,false
WCC:WBB,2,3,903021,0,B,34,false
WCC:WBB,2,3,903021,1,B,25,false
WCC:WBB,2,3,903022,0,B,16,false
WCC:WBB,2,3,903022,1,B,17,false
WCC:WBB,2,3,903023,0,B,23,false
WCC:WBB,2,3,903023,1,B,28,false
WCC:WBB,2,3,903024,0,A,17,false
WCC:WBB,2,3,903024,1,B,17,false
WCC:WBB,2,3,903025,0,B,14,false
WCC:WBB,2,3,903025,1,A,20,false
WCC:WBB,2,3,903026,0,A,19,false
WCC:WBB,2,3,903026,1,A,22,false
WCC:WBB,2,3,903027,0,B,16,false
WCC:WBB,2,3,903027,1,A,18,false
WCC:WBB,2,3,903028,0,A,27,false
WCC:WBB,2,3,903028,1,A,22,false
WCC:WBB,2,3,903029,0,B,19,false
WCC:WBB,2,3,903029,1,A,16,false
WCC:WBB,2,3,903030,0,B,31,false
WCC:WBB,2,3,903030,1,B,29,false
WCC:WBB,2,3,903031,0,B,27,false
WCC:WBB,2,3,903031,1,A,24,false
WCC:WBB,2,3,903032,0,B,16,false
WCC:WBB,2,3,903032,1,B,26,false
WCC:WBB,2,3,903033,0,A,19,false
WCC:WBB,2,3,903033,1,B,18,false
WCC:WBB,2,3,903034,0,A,15,false
WCC:WBB,2,3,903034,1,A,18,false
WCC:WBB,2,3,903035,0,B,21,false
WCC:WBB,2,3,903035,1,A,20,false
WCC:WBB,2,3,903036,0,A,19,false
WCC:WBB,2,3,903036,1,A,22,false
WCC:WBB,2,3,903037,0,B,26,false
WCC:WBB,2,3,903037,1,B,19,false
WCC:WBB,2,3,903038,0,A,23,false
WCC:WBB,2,3,903038,1,B,22,false
WCC:WBB,2,3,903039,0,B,33,false
WCC:WBB,2,3,903039,1,A,28,false
WCC:WBB,2,3,903040,0,B,32,false
WCC:WBB,2,3,903040,1,A,24,false
WCC:WBB,2,3,903041,0,A,23,false
WCC:WBB,2,3,903041,1,A,18,false
WCC:WBB,2,3,903042,0,B,24,false
WCC:WBB,2,3,903042,1,B,21,false
WCC:WBB,2,3,903043,0,B,21,false
WCC:WBB,2,3,903043,1,B,26,false
WCC:WBB,2,3,903044,0,A,23,false
WCC:WBB,2,3,903044,1,B,21,false
WCC:WBB,2,3,903045,0,B,23,false
WCC:WBB,2,3,903045,1,B,16,false
WCC:WBB,2,3,903046,0,B,23,false
WCC:WBB,2,3,903046,1,B,18,false
WCC:WBB,2,3,903047,0,B,18,false
WCC:WBB,2,3,903047,1,B,25,false
WCC:WBB,2,3,903048,0,A,19,false
WCC:WBB,2,3,903048,1,B,22,false
WCC:WBB,2,3,903049,0,B,27,false
WCC:WBB,2,3,903049,1,A,16,false
WCC:WBB,2,3,903050,0,A,29,false
WCC:WBB,2,3,903050,1,A,28,false
WCC:WBB,2,3,903051,0,B,21,false
WCC:WBB,2,3,903051,1,B,27,false
WCC:WBB,2,4,904002,0,A,25,false
WCC:WBB,2,4,904002,1,A,24,false
WCC:WBB,2,4,904003,0,A,17,false
WCC:WBB,2,4,904003,1,A,16,false
WCC:WBB,2,4,904004,0,A,17,false
WCC:WBB,2,4,904004,1,A,18,false
WCC:WBB,2,4,904005,0,A,23,false
WCC:WBB,2,4,904005,1,A,14,false
WCC:WBB,2,4,904006,0,A,17,false
WCC:WBB,2,4,904006,1,A,16,false
WCC:WBB,2,4,904007,0,A,21,false
WCC:WBB,2,4,904007,1,A,24,false
WCC:WBB,2,4,904008,0,A,21,false
WCC:WBB,2,4,904008,1,A,16,false
WCC:WBB,2,4,904009,0,A,21,false
WCC:WBB,2,4,904009,1,A,22,false
WCC:WBB,2,4,904010,0,A,15,false
WCC:WBB,2,4,904010,1,B,17,false
WCC:WBB,2,4,904011,0,A,27,false
WCC:WBB,2,4,904011,1,A,20,false
WCC:WBB,2,4,904012,0,A,21,false
WCC:WBB,2,4,904012,1,A,22,false
WCC:WBB,2,4,904013,0,A,13,false
WCC:WBB,2,4,904013,1,A,20,false
WCC:WBB,2,4,904014,0,A,15,false
WCC:WBB,2,4,904014,1,A,18,false
WCC:WBB,2,4,904015,0,A,17,false
WCC:WBB,2,4,904015,1,A,14,false
WCC:WBB,2,4,904016,0,A,15,false
WCC:WBB,2,4,904016,1,A,12,false
WCC:WBB,2,4,904017,0,B,27,false
WCC:WBB,2,4,904017,1,A,18,false
WCC:WBB,2,4,904018,0,A,19,false
WCC:WBB,2,4,904018,1,A,18,false
WCC:WBB,2,4,904019,0,A,13,false
WCC:WBB,2,4,904019,1,A,18,false
WCC:WBB,2,4,904020,0,A,17,false
WCC:WBB,2,4,904020,1,A,24,false
WCC:WBB,2,4,904021,0,A,15,false
WCC:WBB,2,4,904021,1,A,16,false
WCC:WBB,2,4,904022,0,A,25,false
WCC:WBB,2,4,904022,1,B,42,false
WCC:WBB,2,4,904023,0,A,13,false
WCC:WBB,2,4,904023,1,A,16,false
WCC:WBB,2,4,904024,0,A,17,false
WCC:WBB,2,4,904024,1,A,16,false
WCC:WBB,2,4,904025,0,A,15,false
WCC:WBB,2,4,904025,1,B,26,false
WCC:WBB,2,4,904026,0,A,19,false
WCC:WBB,2,4,904026,1,A,24,false
WCC:WBB,2,4,904027,0,A,21,false
WCC:WBB,2,4,904027,1,A,18,false
WCC:WBB,2,4,904028,0,A,13,false
WCC:WBB,2,4,904028,1,A,14,false
WCC:WBB,2,4,904029,0,B,27,false
WCC:WBB,2,4,904029,1,B,26,false
WCC:WBB,2,4,904030,0,B,22,false
WCC:WBB,2,4,904030,1,A,24,false
WCC:WBB,2,4,904031,0,A,17,false
WCC:WBB,2,4,904031,1,B,20,false
WCC:WBB,2,4,904032,0,A,15,false
WCC:WBB,2,4,904032,1,A,18,false
WCC:WBB,2,4,904033,0,A,19,false
WCC:WBB,2,4,904033,1,A,16,false
WCC:WBB,2,4,904034,0,A,25,false
WCC:WBB,2,4,904034,1,A,28,false
WCC:WBB,2,4,904035,0,A,17,false
WCC:WBB,2,4,904035,1,A,18,false
WCC:WBB,2,4,904036,0,A,19,false
WCC:WBB,2,4,904036,1,A,24,false
WCC:WBB,2,4,904037,0,A,19,false
WCC:WBB,2,4,904037,1,A,16,false
WCC:WBB,2,4,904038,0,A,21,false
WCC:WBB,2,4,904038,1,A,22,false
WCC:WBB,2,4,904039,0,A,21,false
WCC:WBB,2,4,904039,1,A,18,false
WCC:WBB,2,4,904040,0,B,28,false
WCC:WBB,2,4,904040,1,A,30,false
WCC:WBB,2,4,904041,0,A,19,false
WCC:WBB,2,4,904041,1,A,18,false
WCC:WBB,2,4,904042,0,A,15,false
WCC:WBB,2,4,904042,1,A,16,false
WCC:WBB,2,4,904043,0,A,17,false
WCC:WBB,2,4,904043,1,A,16,false
WCC:WBB,2,4,904044,0,A,19,false
WCC:WBB,2,4,904044,1,A,18,false
WCC:WBB,2,4,904045,0,A,21,false
WCC:WBB,2,4,904045,1,A,20,false
WCC:WBB,2,4,904046,0,A,31,false
WCC:WBB,2,4,904046,1,A,24,false
WCC:WBB,2,4,904047,0,A,43,false
WCC:WBB,2,4,904047,1,B,21,false
WCC:WBB,2,4,904048,0,A,19,false
WCC:WBB,2,4,904048,1,A,18,false
WCC:WBB,2,4,904049,0,B,22,false
WCC:WBB,2,4,904049,1,A,16,false
WCC:WBB,2,4,904050,0,A,13,false
WCC:WBB,2,4,904050,1,A,14,false
WCC:WBB,2,4,904051,0,A,23,false
WCC:WBB,2,4,904051,1,A,22,false
WCC:WBB,3,4,904003,0,B,17,false
WCC:WBB,3,4,904003,1,B,23,false
WCC:WBB,3,4,904004,0,B,16,false
WCC:WBB,3,4,904004,1,B,20,false
WCC:WBB,3,4,904005,0,B,24,false
WCC:WBB,3,4,904005,1,B,19,false
WCC:WBB,3,4,904006,0,A,17,false
WCC:WBB,3,4,904006,1,B,19,false
WCC:WBB,3,4,904007,0,A,25,false
WCC:WBB,3,4,904007,1,B,25,false
WCC:WBB,3,4,904008,0,B,25,false
WCC:WBB,3,4,904008,1,B,17,false
WCC:WBB,3,4,904009,0,A,23,false
WCC:WBB,3,4,904009,1,B,25,false
WCC:WBB,3,4,904010,0,B,20,false
WCC:WBB,3,4,904010,1,A,28,false
WCC:WBB,3,4,904011,0,B,33,false
WCC:WBB,3,4,904011,1,B,22,false
WCC:WBB,3,4,904012,0,B,31,false
WCC:WBB,3,4,904012,1,B,22,false
WCC:WBB,3,4,904013,0,A,19,false
WCC:WBB,3,4,904013,1,A,24,false
WCC:WBB,3,4,904014,0,B,18,false
WCC:WBB,3,4,904014,1,B,22,false
WCC:WBB,3,4,904015,0,A,23,false
WCC:WBB,3,4,904015,1,B,20,false
WCC:WBB,3,4,904016,0,A,17,false
WCC:WBB,3,4,904016,1,A,24,false
WCC:WBB,3,4,904017,0,B,27,false
WCC:WBB,3,4,904017,1,B,26,false
WCC:WBB,3,4,904018,0,B,27,false
WCC:WBB,3,4,904018,1,B,28,false
WCC:WBB,3,4,904019,0,B,20,false
WCC:WBB,3,4,904019,1,B,21,false
WCC:WBB,3,4,904020,0,B,26,false
WCC:WBB,3,4,904020,1,A,26,false
WCC:WBB,3,4,904021,0,B,18,false
WCC:WBB,3,4,904021,1,B,20,false
WCC:WBB,3,4,904022,0,B,28,false
WCC:WBB,3,4,904022,1,B,38,false
WCC:WBB,3,4,904023,0,B,25,false
WCC:WBB,3,4,904023,1,B,22,false
WCC:WBB,3,4,904024,0,B,18,false
WCC:WBB,3,4,904024,1,B,20,false
WCC:WBB,3,4,904025,0,A,19,false
WCC:WBB,3,4,904025,1,B,24,false
WCC:WBB,3,4,904026,0,B,19,false
WCC:WBB,3,4,904026,1,A,26,false
WCC:WBB,3,4,904027,0,A,23,false
WCC:WBB,3,4,904027,1,B,20,false
WCC:WBB,3,4,904028,0,B,16,false
WCC:WBB,3,4,904028,1,B,22,false
WCC:WBB,3,4,904029,0,B,25,false
WCC:WBB,3,4,904029,1,B,22,false
WCC:WBB,3,4,904030,0,B,22,false
WCC:WBB,3,4,904030,1,B,19,false
WCC:WBB,3,4,904031,0,B,16,false
WCC:WBB,3,4,904031,1,B,17,false
WCC:WBB,3,4,904032,0,A,17,false
WCC:WBB,3,4,904032,1,A,28,false
WCC:WBB,3,4,904033,0,B,23,false
WCC:WBB,3,4,904033,1,A,18,false
WCC:WBB,3,4,904034,0,B,22,false
WCC:WBB,3,4,904034,1,B,21,false
WCC:WBB,3,4,904035,0,B,16,false
WCC:WBB,3,4,904035,1,B,24,false
WCC:WBB,3,4,904036,0,B,20,false
WCC:WBB,3,4,904036,1,B,20,false
WCC:WBB,3,4,904037,0,B,20,false
WCC:WBB,3,4,904037,1,A,24,false
WCC:WBB,3,4,904038,0,B,20,false
WCC:WBB,3,4,904038,1,B,23,false
WCC:WBB,3,4,904039,0,B,27,false
WCC:WBB,3,4,904039,1,B,19,false
WCC:WBB,3,4,904040,0,B,25,false
WCC:WBB,3,4,904040,1,B,46,false
WCC:WBB,3,4,904041,0,B,18,false
WCC:WBB,3,4,904041,1,B,23,false
WCC:WBB,3,4,904042,0,B,23,false
WCC:WBB,3,4,904042,1,A,18,false
WCC:WBB,3,4,904043,0,B,22,false
WCC:WBB,3,4,904043,1,B,23,false
WCC:WBB,3,4,904044,0,A,25,false
WCC:WBB,3,4,904044,1,B,21,false
WCC:WBB,3,4,904045,0,B,23,false
WCC:WBB,3,4,904045,1,B,20,false
WCC:WBB,3,4,904046,0,A,37,false
WCC:WBB,3,4,904046,1,B,25,false
WCC:WBB,3,4,904047,0,B,40,false
WCC:WBB,3,4,904047,1,B,28,false
WCC:WBB,3,4,904048,0,B,28,false
WCC:WBB,3,4,904048,1,B,17,false
WCC:WBB,3,4,904049,0,B,22,false
WCC:WBB,3,4,904049,1,B,15,false
WCC:WBB,3,4,904050,0,B,15,false
WCC:WBB,3,4,904050,1,B,18,false
WCC:WBB,3,4,904051,0,B,26,false
WCC:WBB,3,4,904051,1,B,23,false
WCC:WBB,3,4,904052,0,A,21,false
WCC:WBB,3,4,904052,1,B,26,false
WCC:WBB,3,5,905003,0,A,17,false
WCC:WBB,3,5,905003,1,A,16,false
WCC:WBB,3,5,905004,0,A,19,false
WCC:WBB,3,5,905004,1,A,18,false
WCC:WBB,3,5,905005,0,B,29,false
WCC:WBB,3,5,905005,1,B,26,false
WCC:WBB,3,5,905006,0,A,21,false
WCC:WBB,3,5,905006,1,A,22,false
WCC:WBB,3,5,905007,0,A,21,false
WCC:WBB,3,5,905007,1,B,23,false
WCC:WBB,3,5,905008,0,A,17,false
WCC:WBB,3,5,905008,1,A,20,false
WCC:WBB,3,5,905009,0,B,31,false
WCC:WBB,3,5,905009,1,A,22,false
WCC:WBB,3,5,905010,0,A,21,false
WCC:WBB,3,5,905010,1,B,27,false
WCC:WBB,3,5,905011,0,B,20,false
WCC:WBB,3,5,905011,1,A,22,false
WCC:WBB,3,5,905012,0,B,21,false
WCC:WBB,3,5,905012,1,A,16,false
WCC:WBB,3,5,905013,0,A,25,false
WCC:WBB,3,5,905013,1,B,30,false
WCC:WBB,3,5,905014,0,A,17,false
WCC:WBB,3,5,905014,1,A,18,false
WCC:WBB,3,5,905015,0,B,23,false
WCC:WBB,3,5,905015,1,B,19,false
WCC:WBB,3,5,905016,0,A,17,false
WCC:WBB,3,5,905016,1,A,22,false
WCC:WBB,3,5,905017,0,A,19,false
WCC:WBB,3,5,905017,1,B,20,false
WCC:WBB,3,5,905018,0,B,27,false
WCC:WBB,3,5,905018,1,B,22,false
WCC:WBB,3,5,905019,0,A,25,false
WCC:WBB,3,5,905019,1,A,20,false
WCC:WBB,3,5,905020,0,B,22,false
WCC:WBB,3,5,905020,1,B,22,false
WCC:WBB,3,5,905021,0,B,25,false
WCC:WBB,3,5,905021,1,A,26,false
WCC:WBB,3,5,905022,0,A,15,false
WCC:WBB,3,5,905022,1,A,20,false
WCC:WBB,3,5,905023,0,A,19,false
WCC:WBB,3,5,905023,1,B,26,false
WCC:WBB,3,5,905024,0,A,17,false
WCC:WBB,3,5,905024,1,B,18,false
WCC:WBB,3,5,905025,0,B,23,false
WCC:WBB,3,5,905025,1,B,25,false
WCC:WBB,3,5,905026,0,A,43,false
WCC:WBB,3,5,905026,1,B,42,false
WCC:WBB,3,5,905027,0,A,21,false
WCC:WBB,3,5,905027,1,A,28,false
WCC:WBB,3,5,905028,0,B,38,false
WCC:WBB,3,5,905028,1,B,31,false
WCC:WBB,3,5,905029,0,A,19,false
WCC:WBB,3,5,905029,1,A,20,false
WCC:WBB,3,5,905030,0,A,33,false
WCC:WBB,3,5,905030,1,A,16,false
WCC:WBB,3,5,905031,0,A,25,false
WCC:WBB,3,5,905031,1,B,23,false
WCC:WBB,3,5,905032,0,A,21,false
WCC:WBB,3,5,905032,1,A,18,false
WCC:WBB,3,5,905033,0,B,26,false
WCC:WBB,3,5,905033,1,B,27,false
WCC:WBB,3,5,905034,0,A,25,false
WCC:WBB,3,5,905034,1,B,46,false
WCC:WBB,3,5,905035,0,B,21,false
WCC:WBB,3,5,905035,1,A,16,false
WCC:WBB,3,5,905036,0,B,38,false
WCC:WBB,3,5,905036,1,A,44,false
WCC:WBB,3,5,905037,0,B,27,false
WCC:WBB,3,5,905037,1,B,17,false
WCC:WBB,3,5,905038,0,A,23,false
WCC:WBB,3,5,905038,1,A,18,false
WCC:WBB,3,5,905039,0,A,17,false
WCC:WBB,3,5,905039,1,A,20,false
WCC:WBB,3,5,905040,0,B,22,false
WCC:WBB,3,5,905040,1,A,22,false
WCC:WBB,3,5,905041,0,A,23,false
WCC:WBB,3,5,905041,1,A,18,false
WCC:WBB,3,5,905042,0,A,21,false
WCC:WBB,3,5,905042,1,A,30,false
WCC:WBB,3,5,905043,0,B,21,false
WCC:WBB,3,5,905043,1,A,22,false
WCC:WBB,3,5,905044,0,A,21,false
WCC:WBB,3,5,905044,1,B,21,false
WCC:WBB,3,5,905045,0,A,19,false
WCC:WBB,3,5,905045,1,A,18,false
WCC:WBB,3,5,905046,0,A,19,false
WCC:WBB,3,5,905046,1,B,25,false
WCC:WBB,3,5,905047,0,A,19,false
WCC:WBB,3,5,905047,1,A,18,false
WCC:WBB,3,5,905048,0,B,23,false
WCC:WBB,3,5,905048,1,B,26,false
WCC:WBB,3,5,905049,0,A,23,false
WCC:WBB,3,5,905049,1,A,20,false
WCC:WBB,3,5,905050,0,A,19,false
WCC:WBB,3,5,905050,1,A,18,false
WCC:WBB,3,5,905051,0,A,19,false
WCC:WBB,3,5,905051,1,A,30,false
WCC:WBB,3,5,905052,0,A,17,false
WCC:WBB,3,5,905052,1,A,20,false
WDD:WCC,1,1,901001,0,B,24,false
WDD:WCC,1,1,901001,1,B,29,false
WDD:WCC,1,1,901002,0,B,20,false
WDD:WCC,1,1,901002,1,B,16,false
WDD:WCC,1,1,901003,0,A,17,false
WDD:WCC,1,1,901003,1,B,20,false
WDD:WCC,1,1,901004,0,B,17,false
WDD:WCC,1,1,901004,1,A,18,false
WDD:WCC,1,1,901005,0,B,20,false
WDD:WCC,1,1,901005,1,B,19,false
WDD:WCC,1,1,901006,0,A,17,false
WDD:WCC,1,1,901006,1,B,15,false
WDD:WCC,1,1,901007,0,B,24,false
WDD:WCC,1,1,901007,1,B,16,false
WDD:WCC,1,1,901008,0,B,16,false
WDD:WCC,1,1,901008,1,A,20,false
WDD:WCC,1,1,901009,0,B,15,false
WDD:WCC,1,1,901009,1,B,15,false
WDD:WCC,1,1,901010,0,A,19,false
WDD:WCC,1,1,901010,1,B,15,false
WDD:WCC,1,1,901011,0,draw,100,true
WDD:WCC,1,1,901011,1,draw,100,true
WDD:WCC,1,1,901012,0,B,20,false
WDD:WCC,1,1,901012,1,A,18,false
WDD:WCC,1,1,901013,0,A,21,false
WDD:WCC,1,1,901013,1,B,17,false
WDD:WCC,1,1,901014,0,A,19,false
WDD:WCC,1,1,901014,1,B,29,false
WDD:WCC,1,1,901015,0,B,16,false
WDD:WCC,1,1,901015,1,B,15,false
WDD:WCC,1,1,901016,0,A,17,false
WDD:WCC,1,1,901016,1,B,35,false
WDD:WCC,1,1,901017,0,B,16,false
WDD:WCC,1,1,901017,1,B,19,false
WDD:WCC,1,1,901018,0,B,19,false
WDD:WCC,1,1,901018,1,B,19,false
WDD:WCC,1,1,901019,0,A,15,false
WDD:WCC,1,1,901019,1,B,16,false
WDD:WCC,1,1,901020,0,B,22,false
WDD:WCC,1,1,901020,1,B,24,false
WDD:WCC,1,1,901021,0,B,21,false
WDD:WCC,1,1,901021,1,A,18,false
WDD:WCC,1,1,901022,0,A,15,false
WDD:WCC,1,1,901022,1,B,14,false
WDD:WCC,1,1,901023,0,A,17,false
WDD:WCC,1,1,901023,1,B,18,false
WDD:WCC,1,1,901024,0,B,23,false
WDD:WCC,1,1,901024,1,B,25,false
WDD:WCC,1,1,901025,0,A,21,false
WDD:WCC,1,1,901025,1,B,21,false
WDD:WCC,1,1,901026,0,B,14,false
WDD:WCC,1,1,901026,1,B,16,false
WDD:WCC,1,1,901027,0,B,17,false
WDD:WCC,1,1,901027,1,B,20,false
WDD:WCC,1,1,901028,0,draw,100,true
WDD:WCC,1,1,901028,1,draw,100,true
WDD:WCC,1,1,901029,0,B,76,false
WDD:WCC,1,1,901029,1,A,18,false
WDD:WCC,1,1,901030,0,draw,100,true
WDD:WCC,1,1,901030,1,B,24,false
WDD:WCC,1,1,901031,0,B,17,false
WDD:WCC,1,1,901031,1,B,22,false
WDD:WCC,1,1,901032,0,draw,100,true
WDD:WCC,1,1,901032,1,draw,100,true
WDD:WCC,1,1,901033,0,A,17,false
WDD:WCC,1,1,901033,1,B,19,false
WDD:WCC,1,1,901034,0,A,15,false
WDD:WCC,1,1,901034,1,B,19,false
WDD:WCC,1,1,901035,0,B,16,false
WDD:WCC,1,1,901035,1,B,18,false
WDD:WCC,1,1,901036,0,B,22,false
WDD:WCC,1,1,901036,1,B,22,false
WDD:WCC,1,1,901037,0,B,26,false
WDD:WCC,1,1,901037,1,B,20,false
WDD:WCC,1,1,901038,0,B,16,false
WDD:WCC,1,1,901038,1,B,18,false
WDD:WCC,1,1,901039,0,B,26,false
WDD:WCC,1,1,901039,1,A,18,false
WDD:WCC,1,1,901040,0,B,24,false
WDD:WCC,1,1,901040,1,B,29,false
WDD:WCC,1,1,901041,0,B,17,false
WDD:WCC,1,1,901041,1,B,13,false
WDD:WCC,1,1,901042,0,B,38,false
WDD:WCC,1,1,901042,1,B,46,false
WDD:WCC,1,1,901043,0,B,22,false
WDD:WCC,1,1,901043,1,A,38,false
WDD:WCC,1,1,901044,0,B,17,false
WDD:WCC,1,1,901044,1,B,12,false
WDD:WCC,1,1,901045,0,A,19,false
WDD:WCC,1,1,901045,1,B,21,false
WDD:WCC,1,1,901046,0,B,14,false
WDD:WCC,1,1,901046,1,B,16,false
WDD:WCC,1,1,901047,0,A,13,false
WDD:WCC,1,1,901047,1,A,22,false
WDD:WCC,1,1,901048,0,B,27,false
WDD:WCC,1,1,901048,1,B,28,false
WDD:WCC,1,1,901049,0,B,25,false
WDD:WCC,1,1,901049,1,B,28,false
WDD:WCC,1,1,901050,0,draw,100,true
WDD:WCC,1,1,901050,1,A,34,false
WDD:WCC,1,2,902001,0,A,13,false
WDD:WCC,1,2,902001,1,A,16,false
WDD:WCC,1,2,902002,0,A,18,false
WDD:WCC,1,2,902002,1,A,26,false
WDD:WCC,1,2,902003,0,A,17,false
WDD:WCC,1,2,902003,1,B,27,false
WDD:WCC,1,2,902004,0,A,17,false
WDD:WCC,1,2,902004,1,A,20,false
WDD:WCC,1,2,902005,0,A,13,false
WDD:WCC,1,2,902005,1,A,12,false
WDD:WCC,1,2,902006,0,A,27,false
WDD:WCC,1,2,902006,1,A,25,false
WDD:WCC,1,2,902007,0,A,13,false
WDD:WCC,1,2,902007,1,A,22,false
WDD:WCC,1,2,902008,0,A,21,false
WDD:WCC,1,2,902008,1,A,19,false
WDD:WCC,1,2,902009,0,A,53,false
WDD:WCC,1,2,902009,1,B,75,false
WDD:WCC,1,2,902010,0,A,15,false
WDD:WCC,1,2,902010,1,A,14,false
WDD:WCC,1,2,902011,0,A,16,false
WDD:WCC,1,2,902011,1,A,18,false
WDD:WCC,1,2,902012,0,A,23,false
WDD:WCC,1,2,902012,1,A,19,false
WDD:WCC,1,2,902013,0,A,17,false
WDD:WCC,1,2,902013,1,A,12,false
WDD:WCC,1,2,902014,0,A,19,false
WDD:WCC,1,2,902014,1,A,20,false
WDD:WCC,1,2,902015,0,A,27,false
WDD:WCC,1,2,902015,1,A,16,false
WDD:WCC,1,2,902016,0,A,15,false
WDD:WCC,1,2,902016,1,A,30,false
WDD:WCC,1,2,902017,0,draw,100,true
WDD:WCC,1,2,902017,1,draw,100,true
WDD:WCC,1,2,902018,0,A,13,false
WDD:WCC,1,2,902018,1,B,20,false
WDD:WCC,1,2,902019,0,A,19,false
WDD:WCC,1,2,902019,1,A,18,false
WDD:WCC,1,2,902020,0,A,19,false
WDD:WCC,1,2,902020,1,A,18,false
WDD:WCC,1,2,902021,0,draw,100,true
WDD:WCC,1,2,902021,1,A,22,false
WDD:WCC,1,2,902022,0,A,15,false
WDD:WCC,1,2,902022,1,A,18,false
WDD:WCC,1,2,902023,0,A,19,false
WDD:WCC,1,2,902023,1,A,24,false
WDD:WCC,1,2,902024,0,A,13,false
WDD:WCC,1,2,902024,1,A,18,false
WDD:WCC,1,2,902025,0,A,13,false
WDD:WCC,1,2,902025,1,A,18,false
WDD:WCC,1,2,902026,0,A,19,false
WDD:WCC,1,2,902026,1,A,17,false
WDD:WCC,1,2,902027,0,A,15,false
WDD:WCC,1,2,902027,1,A,18,false
WDD:WCC,1,2,902028,0,A,15,false
WDD:WCC,1,2,902028,1,A,20,false
WDD:WCC,1,2,902029,0,B,20,false
WDD:WCC,1,2,902029,1,A,26,false
WDD:WCC,1,2,902030,0,A,15,false
WDD:WCC,1,2,902030,1,A,14,false
WDD:WCC,1,2,902031,0,A,39,false
WDD:WCC,1,2,902031,1,A,14,false
WDD:WCC,1,2,902032,0,A,29,false
WDD:WCC,1,2,902032,1,A,18,false
WDD:WCC,1,2,902033,0,A,19,false
WDD:WCC,1,2,902033,1,A,14,false
WDD:WCC,1,2,902034,0,B,20,false
WDD:WCC,1,2,902034,1,A,18,false
WDD:WCC,1,2,902035,0,A,13,false
WDD:WCC,1,2,902035,1,A,12,false
WDD:WCC,1,2,902036,0,A,17,false
WDD:WCC,1,2,902036,1,A,16,false
WDD:WCC,1,2,902037,0,A,13,false
WDD:WCC,1,2,902037,1,A,18,false
WDD:WCC,1,2,902038,0,A,27,false
WDD:WCC,1,2,902038,1,A,32,false
WDD:WCC,1,2,902039,0,A,17,false
WDD:WCC,1,2,902039,1,A,16,false
WDD:WCC,1,2,902040,0,A,13,false
WDD:WCC,1,2,902040,1,A,18,false
WDD:WCC,1,2,902041,0,A,17,false
WDD:WCC,1,2,902041,1,A,20,false
WDD:WCC,1,2,902042,0,A,13,false
WDD:WCC,1,2,902042,1,A,22,false
WDD:WCC,1,2,902043,0,A,15,false
WDD:WCC,1,2,902043,1,A,28,false
WDD:WCC,1,2,902044,0,A,19,false
WDD:WCC,1,2,902044,1,A,14,false
WDD:WCC,1,2,902045,0,A,46,false
WDD:WCC,1,2,902045,1,A,24,false
WDD:WCC,1,2,902046,0,A,19,false
WDD:WCC,1,2,902046,1,A,18,false
WDD:WCC,1,2,902047,0,A,49,false
WDD:WCC,1,2,902047,1,B,27,false
WDD:WCC,1,2,902048,0,A,13,false
WDD:WCC,1,2,902048,1,A,10,false
WDD:WCC,1,2,902049,0,A,51,false
WDD:WCC,1,2,902049,1,A,58,false
WDD:WCC,1,2,902050,0,A,14,false
WDD:WCC,1,2,902050,1,A,20,false
WDD:WCC,2,2,902002,0,B,26,false
WDD:WCC,2,2,902002,1,B,46,false
WDD:WCC,2,2,902003,0,B,28,false
WDD:WCC,2,2,902003,1,B,51,false
WDD:WCC,2,2,902004,0,B,26,false
WDD:WCC,2,2,902004,1,A,36,false
WDD:WCC,2,2,902005,0,B,24,false
WDD:WCC,2,2,902005,1,B,22,false
WDD:WCC,2,2,902006,0,B,24,false
WDD:WCC,2,2,902006,1,B,25,false
WDD:WCC,2,2,902007,0,B,18,false
WDD:WCC,2,2,902007,1,B,19,false
WDD:WCC,2,2,902008,0,B,20,false
WDD:WCC,2,2,902008,1,B,38,false
WDD:WCC,2,2,902009,0,B,52,false
WDD:WCC,2,2,902009,1,A,60,false
WDD:WCC,2,2,902010,0,A,18,false
WDD:WCC,2,2,902010,1,B,13,false
WDD:WCC,2,2,902011,0,B,16,false
WDD:WCC,2,2,902011,1,B,26,false
WDD:WCC,2,2,902012,0,B,24,false
WDD:WCC,2,2,902012,1,B,20,false
WDD:WCC,2,2,902013,0,B,41,false
WDD:WCC,2,2,902013,1,A,30,false
WDD:WCC,2,2,902014,0,B,15,false
WDD:WCC,2,2,902014,1,B,19,false
WDD:WCC,2,2,902015,0,B,30,false
WDD:WCC,2,2,902015,1,A,20,false
WDD:WCC,2,2,902016,0,B,39,false
WDD:WCC,2,2,902016,1,B,27,false
WDD:WCC,2,2,902017,0,draw,100,true
WDD:WCC,2,2,902017,1,A,58,false
WDD:WCC,2,2,902018,0,B,16,false
WDD:WCC,2,2,902018,1,A,20,false
WDD:WCC,2,2,902019,0,B,16,false
WDD:WCC,2,2,902019,1,B,24,false
WDD:WCC,2,2,902020,0,A,23,false
WDD:WCC,2,2,902020,1,B,35,false
WDD:WCC,2,2,902021,0,A,53,false
WDD:WCC,2,2,902021,1,draw,100,true
WDD:WCC,2,2,902022,0,A,19,false
WDD:WCC,2,2,902022,1,B,17,false
WDD:WCC,2,2,902023,0,B,29,false
WDD:WCC,2,2,902023,1,B,17,false
WDD:WCC,2,2,902024,0,A,17,false
WDD:WCC,2,2,902024,1,B,18,false
WDD:WCC,2,2,902025,0,B,24,false
WDD:WCC,2,2,902025,1,A,16,false
WDD:WCC,2,2,902026,0,B,17,false
WDD:WCC,2,2,902026,1,draw,100,true
WDD:WCC,2,2,902027,0,B,30,false
WDD:WCC,2,2,902027,1,B,24,false
WDD:WCC,2,2,902028,0,A,19,false
WDD:WCC,2,2,902028,1,A,24,false
WDD:WCC,2,2,902029,0,B,14,false
WDD:WCC,2,2,902029,1,B,29,false
WDD:WCC,2,2,902030,0,B,18,false
WDD:WCC,2,2,902030,1,B,15,false
WDD:WCC,2,2,902031,0,B,15,false
WDD:WCC,2,2,902031,1,B,39,false
WDD:WCC,2,2,902032,0,B,35,false
WDD:WCC,2,2,902032,1,B,25,false
WDD:WCC,2,2,902033,0,B,15,false
WDD:WCC,2,2,902033,1,B,23,false
WDD:WCC,2,2,902034,0,B,28,false
WDD:WCC,2,2,902034,1,A,16,false
WDD:WCC,2,2,902035,0,A,15,false
WDD:WCC,2,2,902035,1,B,21,false
WDD:WCC,2,2,902036,0,B,23,false
WDD:WCC,2,2,902036,1,A,18,false
WDD:WCC,2,2,902037,0,A,23,false
WDD:WCC,2,2,902037,1,B,14,false
WDD:WCC,2,2,902038,0,B,24,false
WDD:WCC,2,2,902038,1,B,29,false
WDD:WCC,2,2,902039,0,B,25,false
WDD:WCC,2,2,902039,1,B,15,false
WDD:WCC,2,2,902040,0,A,15,false
WDD:WCC,2,2,902040,1,B,13,false
WDD:WCC,2,2,902041,0,A,26,false
WDD:WCC,2,2,902041,1,A,16,false
WDD:WCC,2,2,902042,0,A,19,false
WDD:WCC,2,2,902042,1,B,13,false
WDD:WCC,2,2,902043,0,B,26,false
WDD:WCC,2,2,902043,1,B,21,false
WDD:WCC,2,2,902044,0,B,14,false
WDD:WCC,2,2,902044,1,B,23,false
WDD:WCC,2,2,902045,0,A,33,false
WDD:WCC,2,2,902045,1,B,35,false
WDD:WCC,2,2,902046,0,B,14,false
WDD:WCC,2,2,902046,1,A,16,false
WDD:WCC,2,2,902047,0,B,29,false
WDD:WCC,2,2,902047,1,B,18,false
WDD:WCC,2,2,902048,0,B,20,false
WDD:WCC,2,2,902048,1,B,21,false
WDD:WCC,2,2,902049,0,B,44,false
WDD:WCC,2,2,902049,1,B,46,false
WDD:WCC,2,2,902050,0,B,20,false
WDD:WCC,2,2,902050,1,A,16,false
WDD:WCC,2,2,902051,0,B,57,false
WDD:WCC,2,2,902051,1,B,48,false
WDD:WCC,2,3,903002,0,A,14,false
WDD:WCC,2,3,903002,1,A,24,false
WDD:WCC,2,3,903003,0,A,21,false
WDD:WCC,2,3,903003,1,A,16,false
WDD:WCC,2,3,903004,0,B,20,false
WDD:WCC,2,3,903004,1,B,39,false
WDD:WCC,2,3,903005,0,B,43,false
WDD:WCC,2,3,903005,1,A,30,false
WDD:WCC,2,3,903006,0,A,17,false
WDD:WCC,2,3,903006,1,A,24,false
WDD:WCC,2,3,903007,0,A,22,false
WDD:WCC,2,3,903007,1,A,34,false
WDD:WCC,2,3,903008,0,B,26,false
WDD:WCC,2,3,903008,1,A,20,false
WDD:WCC,2,3,903009,0,A,15,false
WDD:WCC,2,3,903009,1,A,20,false
WDD:WCC,2,3,903010,0,A,23,false
WDD:WCC,2,3,903010,1,B,32,false
WDD:WCC,2,3,903011,0,A,17,false
WDD:WCC,2,3,903011,1,B,24,false
WDD:WCC,2,3,903012,0,A,23,false
WDD:WCC,2,3,903012,1,B,27,false
WDD:WCC,2,3,903013,0,A,15,false
WDD:WCC,2,3,903013,1,A,34,false
WDD:WCC,2,3,903014,0,B,26,false
WDD:WCC,2,3,903014,1,A,21,false
WDD:WCC,2,3,903015,0,B,16,false
WDD:WCC,2,3,903015,1,A,20,false
WDD:WCC,2,3,903016,0,A,23,false
WDD:WCC,2,3,903016,1,A,20,false
WDD:WCC,2,3,903017,0,A,15,false
WDD:WCC,2,3,903017,1,A,16,false
WDD:WCC,2,3,903018,0,A,15,false
WDD:WCC,2,3,903018,1,A,20,false
WDD:WCC,2,3,903019,0,A,21,false
WDD:WCC,2,3,903019,1,B,37,false
WDD:WCC,2,3,903020,0,A,19,false
WDD:WCC,2,3,903020,1,B,22,false
WDD:WCC,2,3,903021,0,A,27,false
WDD:WCC,2,3,903021,1,B,29,false
WDD:WCC,2,3,903022,0,A,15,false
WDD:WCC,2,3,903022,1,B,17,false
WDD:WCC,2,3,903023,0,B,29,false
WDD:WCC,2,3,903023,1,B,23,false
WDD:WCC,2,3,903024,0,A,17,false
WDD:WCC,2,3,903024,1,A,14,false
WDD:WCC,2,3,903025,0,A,15,false
WDD:WCC,2,3,903025,1,A,22,false
WDD:WCC,2,3,903026,0,A,25,false
WDD:WCC,2,3,903026,1,A,14,false
WDD:WCC,2,3,903027,0,B,20,false
WDD:WCC,2,3,903027,1,A,14,false
WDD:WCC,2,3,903028,0,A,17,false
WDD:WCC,2,3,903028,1,A,22,false
WDD:WCC,2,3,903029,0,A,15,false
WDD:WCC,2,3,903029,1,B,24,false
WDD:WCC,2,3,903030,0,A,23,false
WDD:WCC,2,3,903030,1,B,29,false
WDD:WCC,2,3,903031,0,B,22,false
WDD:WCC,2,3,903031,1,A,18,false
WDD:WCC,2,3,903032,0,B,16,false
WDD:WCC,2,3,903032,1,A,16,false
WDD:WCC,2,3,903033,0,A,17,false
WDD:WCC,2,3,903033,1,A,22,false
WDD:WCC,2,3,903034,0,A,15,false
WDD:WCC,2,3,903034,1,B,22,false
WDD:WCC,2,3,903035,0,B,23,false
WDD:WCC,2,3,903035,1,A,16,false
WDD:WCC,2,3,903036,0,A,15,false
WDD:WCC,2,3,903036,1,A,22,false
WDD:WCC,2,3,903037,0,A,20,false
WDD:WCC,2,3,903037,1,A,30,false
WDD:WCC,2,3,903038,0,A,23,false
WDD:WCC,2,3,903038,1,A,14,false
WDD:WCC,2,3,903039,0,B,25,false
WDD:WCC,2,3,903039,1,A,16,false
WDD:WCC,2,3,903040,0,A,24,false
WDD:WCC,2,3,903040,1,A,18,false
WDD:WCC,2,3,903041,0,B,22,false
WDD:WCC,2,3,903041,1,A,20,false
WDD:WCC,2,3,903042,0,A,22,false
WDD:WCC,2,3,903042,1,A,24,false
WDD:WCC,2,3,903043,0,A,21,false
WDD:WCC,2,3,903043,1,B,19,false
WDD:WCC,2,3,903044,0,A,17,false
WDD:WCC,2,3,903044,1,B,21,false
WDD:WCC,2,3,903045,0,A,13,false
WDD:WCC,2,3,903045,1,A,20,false
WDD:WCC,2,3,903046,0,A,17,false
WDD:WCC,2,3,903046,1,A,18,false
WDD:WCC,2,3,903047,0,A,15,false
WDD:WCC,2,3,903047,1,A,16,false
WDD:WCC,2,3,903048,0,A,17,false
WDD:WCC,2,3,903048,1,A,22,false
WDD:WCC,2,3,903049,0,A,17,false
WDD:WCC,2,3,903049,1,A,16,false
WDD:WCC,2,3,903050,0,A,24,false
WDD:WCC,2,3,903050,1,A,28,false
WDD:WCC,2,3,903051,0,A,19,false
WDD:WCC,2,3,903051,1,B,21,false
WDD:WCC,3,4,904003,0,B,22,false
WDD:WCC,3,4,904003,1,B,21,false
WDD:WCC,3,4,904004,0,A,25,false
WDD:WCC,3,4,904004,1,A,17,false
WDD:WCC,3,4,904005,0,B,24,false
WDD:WCC,3,4,904005,1,A,18,false
WDD:WCC,3,4,904006,0,B,18,false
WDD:WCC,3,4,904006,1,A,16,false
WDD:WCC,3,4,904007,0,B,18,false
WDD:WCC,3,4,904007,1,A,24,false
WDD:WCC,3,4,904008,0,A,15,false
WDD:WCC,3,4,904008,1,B,23,false
WDD:WCC,3,4,904009,0,B,29,false
WDD:WCC,3,4,904009,1,B,31,false
WDD:WCC,3,4,904010,0,B,39,false
WDD:WCC,3,4,904010,1,A,23,false
WDD:WCC,3,4,904011,0,B,24,false
WDD:WCC,3,4,904011,1,B,27,false
WDD:WCC,3,4,904012,0,B,18,false
WDD:WCC,3,4,904012,1,A,24,false
WDD:WCC,3,4,904013,0,A,17,false
WDD:WCC,3,4,904013,1,A,24,false
WDD:WCC,3,4,904014,0,A,25,false
WDD:WCC,3,4,904014,1,B,21,false
WDD:WCC,3,4,904015,0,A,17,false
WDD:WCC,3,4,904015,1,A,30,false
WDD:WCC,3,4,904016,0,B,21,false
WDD:WCC,3,4,904016,1,B,20,false
WDD:WCC,3,4,904017,0,A,26,false
WDD:WCC,3,4,904017,1,B,15,false
WDD:WCC,3,4,904018,0,A,21,false
WDD:WCC,3,4,904018,1,A,22,false
WDD:WCC,3,4,904019,0,A,17,false
WDD:WCC,3,4,904019,1,A,18,false
WDD:WCC,3,4,904020,0,B,32,false
WDD:WCC,3,4,904020,1,A,17,false
WDD:WCC,3,4,904021,0,A,22,false
WDD:WCC,3,4,904021,1,B,16,false
WDD:WCC,3,4,904022,0,B,26,false
WDD:WCC,3,4,904022,1,B,51,false
WDD:WCC,3,4,904023,0,B,27,false
WDD:WCC,3,4,904023,1,B,17,false
WDD:WCC,3,4,904024,0,B,16,false
WDD:WCC,3,4,904024,1,B,19,false
WDD:WCC,3,4,904025,0,B,26,false
WDD:WCC,3,4,904025,1,A,16,false
WDD:WCC,3,4,904026,0,A,19,false
WDD:WCC,3,4,904026,1,A,28,false
WDD:WCC,3,4,904027,0,A,17,false
WDD:WCC,3,4,904027,1,A,18,false
WDD:WCC,3,4,904028,0,B,16,false
WDD:WCC,3,4,904028,1,A,20,false
WDD:WCC,3,4,904029,0,A,19,false
WDD:WCC,3,4,904029,1,B,20,false
WDD:WCC,3,4,904030,0,B,24,false
WDD:WCC,3,4,904030,1,A,16,false
WDD:WCC,3,4,904031,0,A,23,false
WDD:WCC,3,4,904031,1,B,21,false
WDD:WCC,3,4,904032,0,A,19,false
WDD:WCC,3,4,904032,1,B,25,false
WDD:WCC,3,4,904033,0,B,18,false
WDD:WCC,3,4,904033,1,A,22,false
WDD:WCC,3,4,904034,0,B,18,false
WDD:WCC,3,4,904034,1,B,26,false
WDD:WCC,3,4,904035,0,B,22,false
WDD:WCC,3,4,904035,1,B,15,false
WDD:WCC,3,4,904036,0,A,22,false
WDD:WCC,3,4,904036,1,B,29,false
WDD:WCC,3,4,904037,0,A,21,false
WDD:WCC,3,4,904037,1,A,28,false
WDD:WCC,3,4,904038,0,A,27,false
WDD:WCC,3,4,904038,1,B,25,false
WDD:WCC,3,4,904039,0,A,23,false
WDD:WCC,3,4,904039,1,A,18,false
WDD:WCC,3,4,904040,0,B,38,false
WDD:WCC,3,4,904040,1,A,28,false
WDD:WCC,3,4,904041,0,B,27,false
WDD:WCC,3,4,904041,1,B,17,false
WDD:WCC,3,4,904042,0,B,21,false
WDD:WCC,3,4,904042,1,B,18,false
WDD:WCC,3,4,904043,0,A,17,false
WDD:WCC,3,4,904043,1,B,25,false
WDD:WCC,3,4,904044,0,A,29,false
WDD:WCC,3,4,904044,1,A,18,false
WDD:WCC,3,4,904045,0,B,20,false
WDD:WCC,3,4,904045,1,A,16,false
WDD:WCC,3,4,904046,0,B,30,false
WDD:WCC,3,4,904046,1,A,23,false
WDD:WCC,3,4,904047,0,A,31,false
WDD:WCC,3,4,904047,1,B,33,false
WDD:WCC,3,4,904048,0,B,18,false
WDD:WCC,3,4,904048,1,B,15,false
WDD:WCC,3,4,904049,0,B,18,false
WDD:WCC,3,4,904049,1,B,25,false
WDD:WCC,3,4,904050,0,B,26,false
WDD:WCC,3,4,904050,1,A,14,false
WDD:WCC,3,4,904051,0,A,21,false
WDD:WCC,3,4,904051,1,B,25,false
WDD:WCC,3,4,904052,0,A,18,false
WDD:WCC,3,4,904052,1,B,20,false
WDD:WCC,3,5,905003,0,A,19,false
WDD:WCC,3,5,905003,1,A,13,false
WDD:WCC,3,5,905004,0,A,16,false
WDD:WCC,3,5,905004,1,A,20,false
WDD:WCC,3,5,905005,0,A,17,false
WDD:WCC,3,5,905005,1,A,18,false
WDD:WCC,3,5,905006,0,A,17,false
WDD:WCC,3,5,905006,1,A,20,false
WDD:WCC,3,5,905007,0,A,15,false
WDD:WCC,3,5,905007,1,B,17,false
WDD:WCC,3,5,905008,0,A,19,false
WDD:WCC,3,5,905008,1,A,18,false
WDD:WCC,3,5,905009,0,A,31,false
WDD:WCC,3,5,905009,1,A,26,false
WDD:WCC,3,5,905010,0,A,23,false
WDD:WCC,3,5,905010,1,A,20,false
WDD:WCC,3,5,905011,0,A,18,false
WDD:WCC,3,5,905011,1,B,21,false
WDD:WCC,3,5,905012,0,A,19,false
WDD:WCC,3,5,905012,1,A,18,false
WDD:WCC,3,5,905013,0,A,15,false
WDD:WCC,3,5,905013,1,B,25,false
WDD:WCC,3,5,905014,0,A,21,false
WDD:WCC,3,5,905014,1,A,14,false
WDD:WCC,3,5,905015,0,B,21,false
WDD:WCC,3,5,905015,1,A,16,false
WDD:WCC,3,5,905016,0,A,15,false
WDD:WCC,3,5,905016,1,B,33,false
WDD:WCC,3,5,905017,0,A,13,false
WDD:WCC,3,5,905017,1,A,22,false
WDD:WCC,3,5,905018,0,B,23,false
WDD:WCC,3,5,905018,1,A,20,false
WDD:WCC,3,5,905019,0,A,21,false
WDD:WCC,3,5,905019,1,B,19,false
WDD:WCC,3,5,905020,0,A,19,false
WDD:WCC,3,5,905020,1,A,24,false
WDD:WCC,3,5,905021,0,A,22,false
WDD:WCC,3,5,905021,1,A,18,false
WDD:WCC,3,5,905022,0,A,25,false
WDD:WCC,3,5,905022,1,A,14,false
WDD:WCC,3,5,905023,0,A,17,false
WDD:WCC,3,5,905023,1,A,24,false
WDD:WCC,3,5,905024,0,A,15,false
WDD:WCC,3,5,905024,1,A,24,false
WDD:WCC,3,5,905025,0,B,19,false
WDD:WCC,3,5,905025,1,A,22,false
WDD:WCC,3,5,905026,0,A,29,false
WDD:WCC,3,5,905026,1,A,30,false
WDD:WCC,3,5,905027,0,A,19,false
WDD:WCC,3,5,905027,1,A,32,false
WDD:WCC,3,5,905028,0,A,30,false
WDD:WCC,3,5,905028,1,A,26,false
WDD:WCC,3,5,905029,0,B,24,false
WDD:WCC,3,5,905029,1,A,18,false
WDD:WCC,3,5,905030,0,A,25,false
WDD:WCC,3,5,905030,1,A,24,false
WDD:WCC,3,5,905031,0,A,25,false
WDD:WCC,3,5,905031,1,B,21,false
WDD:WCC,3,5,905032,0,A,18,false
WDD:WCC,3,5,905032,1,B,19,false
WDD:WCC,3,5,905033,0,A,19,false
WDD:WCC,3,5,905033,1,A,22,false
WDD:WCC,3,5,905034,0,B,30,false
WDD:WCC,3,5,905034,1,A,26,false
WDD:WCC,3,5,905035,0,B,18,false
WDD:WCC,3,5,905035,1,A,14,false
WDD:WCC,3,5,905036,0,B,44,false
WDD:WCC,3,5,905036,1,A,32,false
WDD:WCC,3,5,905037,0,B,18,false
WDD:WCC,3,5,905037,1,A,23,false
WDD:WCC,3,5,905038,0,B,27,false
WDD:WCC,3,5,905038,1,A,18,false
WDD:WCC,3,5,905039,0,A,23,false
WDD:WCC,3,5,905039,1,A,18,false
WDD:WCC,3,5,905040,0,B,21,false
WDD:WCC,3,5,905040,1,A,20,false
WDD:WCC,3,5,905041,0,A,17,false
WDD:WCC,3,5,905041,1,B,17,false
WDD:WCC,3,5,905042,0,A,17,false
WDD:WCC,3,5,905042,1,A,22,false
WDD:WCC,3,5,905043,0,A,19,false
WDD:WCC,3,5,905043,1,A,14,false
WDD:WCC,3,5,905044,0,A,21,false
WDD:WCC,3,5,905044,1,A,17,false
WDD:WCC,3,5,905045,0,A,17,false
WDD:WCC,3,5,905045,1,A,22,false
WDD:WCC,3,5,905046,0,A,20,false
WDD:WCC,3,5,905046,1,A,18,false
WDD:WCC,3,5,905047,0,A,20,false
WDD:WCC,3,5,905047,1,A,22,false
WDD:WCC,3,5,905048,0,A,21,false
WDD:WCC,3,5,905048,1,A,22,false
WDD:WCC,3,5,905049,0,A,15,false
WDD:WCC,3,5,905049,1,A,18,false
WDD:WCC,3,5,905050,0,A,15,false
WDD:WCC,3,5,905050,1,A,18,false
WDD:WCC,3,5,905051,0,A,23,false
WDD:WCC,3,5,905051,1,A,21,false
WDD:WCC,3,5,905052,0,B,22,false
WDD:WCC,3,5,905052,1,A,20,false
