price,pair_id,seed,mirror,pos_a,comp_a,comp_b,cost_a,cost_b,winner_label,turns,unresolved
B,0,1,0,P1,0w0c3b,0w3c1b,36,33,A,21,false
B,0,1,1,P2,0w0c3b,0w3c1b,36,33,B,25,false
B,0,2,0,P1,0w0c3b,0w3c1b,36,33,A,21,false
B,0,2,1,P2,0w0c3b,0w3c1b,36,33,draw,100,true
B,0,3,0,P1,0w0c3b,0w3c1b,36,33,A,17,false
B,0,3,1,P2,0w0c3b,0w3c1b,36,33,B,21,false
B,0,4,0,P1,0w0c3b,0w3c1b,36,33,B,40,false
B,0,4,1,P2,0w0c3b,0w3c1b,36,33,A,28,false
B,0,5,0,P1,0w0c3b,0w3c1b,36,33,B,36,false
B,0,5,1,P2,0w0c3b,0w3c1b,36,33,B,23,false
B,0,6,0,P1,0w0c3b,0w3c1b,36,33,B,18,false
B,0,6,1,P2,0w0c3b,0w3c1b,36,33,B,23,false
B,0,7,0,P1,0w0c3b,0w3c1b,36,33,A,25,false
B,0,7,1,P2,0w0c3b,0w3c1b,36,33,A,24,false
B,0,8,0,P1,0w0c3b,0w3c1b,36,33,A,30,false
B,0,8,1,P2,0w0c3b,0w3c1b,36,33,B,21,false
B,0,9,0,P1,0w0c3b,0w3c1b,36,33,A,23,false
B,0,9,1,P2,0w0c3b,0w3c1b,36,33,A,34,false
B,0,10,0,P1,0w0c3b,0w3c1b,36,33,B,22,false
B,0,10,1,P2,0w0c3b,0w3c1b,36,33,B,29,false
B,0,11,0,P1,0w0c3b,0w3c1b,36,33,A,27,false
B,0,11,1,P2,0w0c3b,0w3c1b,36,33,A,34,false
B,0,12,0,P1,0w0c3b,0w3c1b,36,33,A,25,false
B,0,12,1,P2,0w0c3b,0w3c1b,36,33,A,20,false
B,0,13,0,P1,0w0c3b,0w3c1b,36,33,A,26,false
B,0,13,1,P2,0w0c3b,0w3c1b,36,33,A,23,false
B,0,14,0,P1,0w0c3b,0w3c1b,36,33,B,30,false
B,0,14,1,P2,0w0c3b,0w3c1b,36,33,B,23,false
B,0,15,0,P1,0w0c3b,0w3c1b,36,33,A,21,false
B,0,15,1,P2,0w0c3b,0w3c1b,36,33,B,25,false
B,0,16,0,P1,0w0c3b,0w3c1b,36,33,A,19,false
B,0,16,1,P2,0w0c3b,0w3c1b,36,33,A,22,false
B,0,17,0,P1,0w0c3b,0w3c1b,36,33,A,37,false
B,0,17,1,P2,0w0c3b,0w3c1b,36,33,A,32,false
B,0,18,0,P1,0w0c3b,0w3c1b,36,33,A,18,false
B,0,18,1,P2,0w0c3b,0w3c1b,36,33,B,29,false
B,0,19,0,P1,0w0c3b,0w3c1b,36,33,B,28,false
B,0,19,1,P2,0w0c3b,0w3c1b,36,33,B,25,false
B,0,20,0,P1,0w0c3b,0w3c1b,36,33,A,23,false
B,0,20,1,P2,0w0c3b,0w3c1b,36,33,A,64,false
B,1,1,0,P1,0w0c3b,0w5c0b,36,35,A,24,false
B,1,1,1,P2,0w0c3b,0w5c0b,36,35,A,18,false
B,1,2,0,P1,0w0c3b,0w5c0b,36,35,B,24,false
B,1,2,1,P2,0w0c3b,0w5c0b,36,35,B,21,false
B,1,3,0,P1,0w0c3b,0w5c0b,36,35,A,21,false
B,1,3,1,P2,0w0c3b,0w5c0b,36,35,B,15,false
B,1,4,0,P1,0w0c3b,0w5c0b,36,35,B,24,false
B,1,4,1,P2,0w0c3b,0w5c0b,36,35,B,19,false
B,1,5,0,P1,0w0c3b,0w5c0b,36,35,B,22,false
B,1,5,1,P2,0w0c3b,0w5c0b,36,35,A,22,false
B,1,6,0,P1,0w0c3b,0w5c0b,36,35,A,20,false
B,1,6,1,P2,0w0c3b,0w5c0b,36,35,B,13,false
B,1,7,0,P1,0w0c3b,0w5c0b,36,35,B,18,false
B,1,7,1,P2,0w0c3b,0w5c0b,36,35,B,19,false
B,1,8,0,P1,0w0c3b,0w5c0b,36,35,B,22,false
B,1,8,1,P2,0w0c3b,0w5c0b,36,35,B,19,false
B,1,9,0,P1,0w0c3b,0w5c0b,36,35,B,20,false
B,1,9,1,P2,0w0c3b,0w5c0b,36,35,B,19,false
B,1,10,0,P1,0w0c3b,0w5c0b,36,35,B,18,false
B,1,10,1,P2,0w0c3b,0w5c0b,36,35,B,23,false
B,1,11,0,P1,0w0c3b,0w5c0b,36,35,B,16,false
B,1,11,1,P2,0w0c3b,0w5c0b,36,35,A,27,false
B,1,12,0,P1,0w0c3b,0w5c0b,36,35,B,20,false
B,1,12,1,P2,0w0c3b,0w5c0b,36,35,A,18,false
B,1,13,0,P1,0w0c3b,0w5c0b,36,35,B,22,false
B,1,13,1,P2,0w0c3b,0w5c0b,36,35,B,19,false
B,1,14,0,P1,0w0c3b,0w5c0b,36,35,B,20,false
B,1,14,1,P2,0w0c3b,0w5c0b,36,35,B,21,false
B,1,15,0,P1,0w0c3b,0w5c0b,36,35,B,20,false
B,1,15,1,P2,0w0c3b,0w5c0b,36,35,A,19,false
B,1,16,0,P1,0w0c3b,0w5c0b,36,35,B,18,false
B,1,16,1,P2,0w0c3b,0w5c0b,36,35,B,21,false
B,1,17,0,P1,0w0c3b,0w5c0b,36,35,B,30,false
B,1,17,1,P2,0w0c3b,0w5c0b,36,35,B,27,false
B,1,18,0,P1,0w0c3b,0w5c0b,36,35,B,20,false
B,1,18,1,P2,0w0c3b,0w5c0b,36,35,B,15,false
B,1,19,0,P1,0w0c3b,0w5c0b,36,35,B,20,false
B,1,19,1,P2,0w0c3b,0w5c0b,36,35,A,25,false
B,1,20,0,P1,0w0c3b,0w5c0b,36,35,B,20,false
B,1,20,1,P2,0w0c3b,0w5c0b,36,35,A,31,false
B,2,1,0,P1,0w0c3b,1w1c2b,36,36,B,26,false
B,2,1,1,P2,0w0c3b,1w1c2b,36,36,A,30,false
B,2,2,0,P1,0w0c3b,1w1c2b,36,36,B,34,false
B,2,2,1,P2,0w0c3b,1w1c2b,36,36,A,24,false
B,2,3,0,P1,0w0c3b,1w1c2b,36,36,B,22,false
B,2,3,1,P2,0w0c3b,1w1c2b,36,36,A,19,false
B,2,4,0,P1,0w0c3b,1w1c2b,36,36,A,27,false
B,2,4,1,P2,0w0c3b,1w1c2b,36,36,B,31,false
B,2,5,0,P1,0w0c3b,1w1c2b,36,36,B,26,false
B,2,5,1,P2,0w0c3b,1w1c2b,36,36,B,31,false
B,2,6,0,P1,0w0c3b,1w1c2b,36,36,B,22,false
B,2,6,1,P2,0w0c3b,1w1c2b,36,36,B,21,false
B,2,7,0,P1,0w0c3b,1w1c2b,36,36,A,23,false
B,2,7,1,P2,0w0c3b,1w1c2b,36,36,A,26,false
B,2,8,0,P1,0w0c3b,1w1c2b,36,36,B,34,false
B,2,8,1,P2,0w0c3b,1w1c2b,36,36,B,31,false
B,2,9,0,P1,0w0c3b,1w1c2b,36,36,A,21,false
B,2,9,1,P2,0w0c3b,1w1c2b,36,36,A,34,false
B,2,10,0,P1,0w0c3b,1w1c2b,36,36,A,27,false
B,2,10,1,P2,0w0c3b,1w1c2b,36,36,A,28,false
B,2,11,0,P1,0w0c3b,1w1c2b,36,36,B,26,false
B,2,11,1,P2,0w0c3b,1w1c2b,36,36,A,18,false
B,2,12,0,P1,0w0c3b,1w1c2b,36,36,B,30,false
B,2,12,1,P2,0w0c3b,1w1c2b,36,36,A,22,false
B,2,13,0,P1,0w0c3b,1w1c2b,36,36,A,24,false
B,2,13,1,P2,0w0c3b,1w1c2b,36,36,A,22,false
B,2,14,0,P1,0w0c3b,1w1c2b,36,36,B,28,false
B,2,14,1,P2,0w0c3b,1w1c2b,36,36,A,26,false
B,2,15,0,P1,0w0c3b,1w1c2b,36,36,A,40,false
B,2,15,1,P2,0w0c3b,1w1c2b,36,36,B,25,false
B,2,16,0,P1,0w0c3b,1w1c2b,36,36,B,26,false
B,2,16,1,P2,0w0c3b,1w1c2b,36,36,A,24,false
B,2,17,0,P1,0w0c3b,1w1c2b,36,36,A,41,false
B,2,17,1,P2,0w0c3b,1w1c2b,36,36,A,28,false
B,2,18,0,P1,0w0c3b,1w1c2b,36,36,B,18,false
B,2,18,1,P2,0w0c3b,1w1c2b,36,36,B,19,false
B,2,19,0,P1,0w0c3b,1w1c2b,36,36,B,24,false
B,2,19,1,P2,0w0c3b,1w1c2b,36,36,B,23,false
B,2,20,0,P1,0w0c3b,1w1c2b,36,36,A,29,false
B,2,20,1,P2,0w0c3b,1w1c2b,36,36,A,33,false
B,3,1,0,P1,0w0c3b,1w4c0b,36,33,A,25,false
B,3,1,1,P2,0w0c3b,1w4c0b,36,33,A,23,false
B,3,2,0,P1,0w0c3b,1w4c0b,36,33,B,26,false
B,3,2,1,P2,0w0c3b,1w4c0b,36,33,A,21,false
B,3,3,0,P1,0w0c3b,1w4c0b,36,33,A,19,false
B,3,3,1,P2,0w0c3b,1w4c0b,36,33,B,15,false
B,3,4,0,P1,0w0c3b,1w4c0b,36,33,B,26,false
B,3,4,1,P2,0w0c3b,1w4c0b,36,33,B,23,false
B,3,5,0,P1,0w0c3b,1w4c0b,36,33,A,28,false
B,3,5,1,P2,0w0c3b,1w4c0b,36,33,A,23,false
B,3,6,0,P1,0w0c3b,1w4c0b,36,33,A,20,false
B,3,6,1,P2,0w0c3b,1w4c0b,36,33,A,33,false
B,3,7,0,P1,0w0c3b,1w4c0b,36,33,A,30,false
B,3,7,1,P2,0w0c3b,1w4c0b,36,33,B,19,false
B,3,8,0,P1,0w0c3b,1w4c0b,36,33,B,24,false
B,3,8,1,P2,0w0c3b,1w4c0b,36,33,A,41,false
B,3,9,0,P1,0w0c3b,1w4c0b,36,33,A,20,false
B,3,9,1,P2,0w0c3b,1w4c0b,36,33,B,27,false
B,3,10,0,P1,0w0c3b,1w4c0b,36,33,B,22,false
B,3,10,1,P2,0w0c3b,1w4c0b,36,33,B,21,false
B,3,11,0,P1,0w0c3b,1w4c0b,36,33,B,14,false
B,3,11,1,P2,0w0c3b,1w4c0b,36,33,A,24,false
B,3,12,0,P1,0w0c3b,1w4c0b,36,33,B,22,false
B,3,12,1,P2,0w0c3b,1w4c0b,36,33,B,19,false
B,3,13,0,P1,0w0c3b,1w4c0b,36,33,B,22,false
B,3,13,1,P2,0w0c3b,1w4c0b,36,33,A,27,false
B,3,14,0,P1,0w0c3b,1w4c0b,36,33,B,22,false
B,3,14,1,P2,0w0c3b,1w4c0b,36,33,A,24,false
B,3,15,0,P1,0w0c3b,1w4c0b,36,33,A,18,false
B,3,15,1,P2,0w0c3b,1w4c0b,36,33,A,19,false
B,3,16,0,P1,0w0c3b,1w4c0b,36,33,B,18,false
B,3,16,1,P2,0w0c3b,1w4c0b,36,33,A,18,false
B,3,17,0,P1,0w0c3b,1w4c0b,36,33,A,34,false
B,3,17,1,P2,0w0c3b,1w4c0b,36,33,A,28,false
B,3,18,0,P1,0w0c3b,1w4c0b,36,33,B,20,false
B,3,18,1,P2,0w0c3b,1w4c0b,36,33,B,17,false
B,3,19,0,P1,0w0c3b,1w4c0b,36,33,B,22,false
B,3,19,1,P2,0w0c3b,1w4c0b,36,33,B,19,false
B,3,20,0,P1,0w0c3b,1w4c0b,36,33,A,24,false
B,3,20,1,P2,0w0c3b,1w4c0b,36,33,draw,100,true
B,4,1,0,P1,0w0c3b,2w0c2b,36,34,B,28,false
B,4,1,1,P2,0w0c3b,2w0c2b,36,34,A,26,false
B,4,2,0,P1,0w0c3b,2w0c2b,36,34,A,35,false
B,4,2,1,P2,0w0c3b,2w0c2b,36,34,A,24,false
B,4,3,0,P1,0w0c3b,2w0c2b,36,34,A,20,false
B,4,3,1,P2,0w0c3b,2w0c2b,36,34,A,28,false
B,4,4,0,P1,0w0c3b,2w0c2b,36,34,A,43,false
B,4,4,1,P2,0w0c3b,2w0c2b,36,34,A,34,false
B,4,5,0,P1,0w0c3b,2w0c2b,36,34,A,27,false
B,4,5,1,P2,0w0c3b,2w0c2b,36,34,A,30,false
B,4,6,0,P1,0w0c3b,2w0c2b,36,34,A,23,false
B,4,6,1,P2,0w0c3b,2w0c2b,36,34,A,28,false
B,4,7,0,P1,0w0c3b,2w0c2b,36,34,A,37,false
B,4,7,1,P2,0w0c3b,2w0c2b,36,34,A,22,false
B,4,8,0,P1,0w0c3b,2w0c2b,36,34,A,35,false
B,4,8,1,P2,0w0c3b,2w0c2b,36,34,A,32,false
B,4,9,0,P1,0w0c3b,2w0c2b,36,34,A,21,false
B,4,9,1,P2,0w0c3b,2w0c2b,36,34,A,30,false
B,4,10,0,P1,0w0c3b,2w0c2b,36,34,A,57,false
B,4,10,1,P2,0w0c3b,2w0c2b,36,34,A,26,false
B,4,11,0,P1,0w0c3b,2w0c2b,36,34,A,31,false
B,4,11,1,P2,0w0c3b,2w0c2b,36,34,A,28,false
B,4,12,0,P1,0w0c3b,2w0c2b,36,34,A,29,false
B,4,12,1,P2,0w0c3b,2w0c2b,36,34,A,25,false
B,4,13,0,P1,0w0c3b,2w0c2b,36,34,A,23,false
B,4,13,1,P2,0w0c3b,2w0c2b,36,34,A,38,false
B,4,14,0,P1,0w0c3b,2w0c2b,36,34,A,27,false
B,4,14,1,P2,0w0c3b,2w0c2b,36,34,A,24,false
B,4,15,0,P1,0w0c3b,2w0c2b,36,34,A,59,false
B,4,15,1,P2,0w0c3b,2w0c2b,36,34,A,31,false
B,4,16,0,P1,0w0c3b,2w0c2b,36,34,B,26,false
B,4,16,1,P2,0w0c3b,2w0c2b,36,34,A,30,false
B,4,17,0,P1,0w0c3b,2w0c2b,36,34,A,57,false
B,4,17,1,P2,0w0c3b,2w0c2b,36,34,A,32,false
B,4,18,0,P1,0w0c3b,2w0c2b,36,34,B,20,false
B,4,18,1,P2,0w0c3b,2w0c2b,36,34,B,21,false
B,4,19,0,P1,0w0c3b,2w0c2b,36,34,A,29,false
B,4,19,1,P2,0w0c3b,2w0c2b,36,34,A,28,false
B,4,20,0,P1,0w0c3b,2w0c2b,36,34,A,31,false
B,4,20,1,P2,0w0c3b,2w0c2b,36,34,A,34,false
B,5,1,0,P1,0w0c3b,2w2c1b,36,36,B,28,false
B,5,1,1,P2,0w0c3b,2w2c1b,36,36,A,20,false
B,5,2,0,P1,0w0c3b,2w2c1b,36,36,B,30,false
B,5,2,1,P2,0w0c3b,2w2c1b,36,36,A,36,false
B,5,3,0,P1,0w0c3b,2w2c1b,36,36,B,24,false
B,5,3,1,P2,0w0c3b,2w2c1b,36,36,A,23,false
B,5,4,0,P1,0w0c3b,2w2c1b,36,36,A,30,false
B,5,4,1,P2,0w0c3b,2w2c1b,36,36,A,37,false
B,5,5,0,P1,0w0c3b,2w2c1b,36,36,A,25,false
B,5,5,1,P2,0w0c3b,2w2c1b,36,36,A,26,false
B,5,6,0,P1,0w0c3b,2w2c1b,36,36,B,18,false
B,5,6,1,P2,0w0c3b,2w2c1b,36,36,A,19,false
B,5,7,0,P1,0w0c3b,2w2c1b,36,36,B,36,false
B,5,7,1,P2,0w0c3b,2w2c1b,36,36,A,25,false
B,5,8,0,P1,0w0c3b,2w2c1b,36,36,A,25,false
B,5,8,1,P2,0w0c3b,2w2c1b,36,36,A,44,false
B,5,9,0,P1,0w0c3b,2w2c1b,36,36,A,37,false
B,5,9,1,P2,0w0c3b,2w2c1b,36,36,B,27,false
B,5,10,0,P1,0w0c3b,2w2c1b,36,36,B,22,false
B,5,10,1,P2,0w0c3b,2w2c1b,36,36,B,29,false
B,5,11,0,P1,0w0c3b,2w2c1b,36,36,A,20,false
B,5,11,1,P2,0w0c3b,2w2c1b,36,36,B,23,false
B,5,12,0,P1,0w0c3b,2w2c1b,36,36,B,26,false
B,5,12,1,P2,0w0c3b,2w2c1b,36,36,A,22,false
B,5,13,0,P1,0w0c3b,2w2c1b,36,36,A,21,false
B,5,13,1,P2,0w0c3b,2w2c1b,36,36,A,21,false
B,5,14,0,P1,0w0c3b,2w2c1b,36,36,A,22,false
B,5,14,1,P2,0w0c3b,2w2c1b,36,36,B,21,false
B,5,15,0,P1,0w0c3b,2w2c1b,36,36,B,32,false
B,5,15,1,P2,0w0c3b,2w2c1b,36,36,A,26,false
B,5,16,0,P1,0w0c3b,2w2c1b,36,36,A,22,false
B,5,16,1,P2,0w0c3b,2w2c1b,36,36,B,23,false
B,5,17,0,P1,0w0c3b,2w2c1b,36,36,A,35,false
B,5,17,1,P2,0w0c3b,2w2c1b,36,36,A,29,false
B,5,18,0,P1,0w0c3b,2w2c1b,36,36,B,18,false
B,5,18,1,P2,0w0c3b,2w2c1b,36,36,B,23,false
B,5,19,0,P1,0w0c3b,2w2c1b,36,36,A,31,false
B,5,19,1,P2,0w0c3b,2w2c1b,36,36,B,23,false
B,5,20,0,P1,0w0c3b,2w2c1b,36,36,B,24,false
B,5,20,1,P2,0w0c3b,2w2c1b,36,36,B,29,false
B,6,1,0,P1,0w0c3b,3w1c1b,36,34,A,33,false
B,6,1,1,P2,0w0c3b,3w1c1b,36,34,A,20,false
B,6,2,0,P1,0w0c3b,3w1c1b,36,34,A,39,false
B,6,2,1,P2,0w0c3b,3w1c1b,36,34,A,26,false
B,6,3,0,P1,0w0c3b,3w1c1b,36,34,A,19,false
B,6,3,1,P2,0w0c3b,3w1c1b,36,34,A,25,false
B,6,4,0,P1,0w0c3b,3w1c1b,36,34,A,26,false
B,6,4,1,P2,0w0c3b,3w1c1b,36,34,A,29,false
B,6,5,0,P1,0w0c3b,3w1c1b,36,34,A,25,false
B,6,5,1,P2,0w0c3b,3w1c1b,36,34,A,30,false
B,6,6,0,P1,0w0c3b,3w1c1b,36,34,A,20,false
B,6,6,1,P2,0w0c3b,3w1c1b,36,34,B,17,false
B,6,7,0,P1,0w0c3b,3w1c1b,36,34,A,24,false
B,6,7,1,P2,0w0c3b,3w1c1b,36,34,A,29,false
B,6,8,0,P1,0w0c3b,3w1c1b,36,34,A,33,false
B,6,8,1,P2,0w0c3b,3w1c1b,36,34,A,22,false
B,6,9,0,P1,0w0c3b,3w1c1b,36,34,A,25,false
B,6,9,1,P2,0w0c3b,3w1c1b,36,34,A,28,false
B,6,10,0,P1,0w0c3b,3w1c1b,36,34,A,21,false
B,6,10,1,P2,0w0c3b,3w1c1b,36,34,A,26,false
B,6,11,0,P1,0w0c3b,3w1c1b,36,34,A,40,false
B,6,11,1,P2,0w0c3b,3w1c1b,36,34,A,22,false
B,6,12,0,P1,0w0c3b,3w1c1b,36,34,A,28,false
B,6,12,1,P2,0w0c3b,3w1c1b,36,34,A,26,false
B,6,13,0,P1,0w0c3b,3w1c1b,36,34,A,26,false
B,6,13,1,P2,0w0c3b,3w1c1b,36,34,A,29,false
B,6,14,0,P1,0w0c3b,3w1c1b,36,34,A,30,false
B,6,14,1,P2,0w0c3b,3w1c1b,36,34,draw,100,true
B,6,15,0,P1,0w0c3b,3w1c1b,36,34,A,33,false
B,6,15,1,P2,0w0c3b,3w1c1b,36,34,A,26,false
B,6,16,0,P1,0w0c3b,3w1c1b,36,34,A,22,false
B,6,16,1,P2,0w0c3b,3w1c1b,36,34,A,24,false
B,6,17,0,P1,0w0c3b,3w1c1b,36,34,A,35,false
B,6,17,1,P2,0w0c3b,3w1c1b,36,34,A,30,false
B,6,18,0,P1,0w0c3b,3w1c1b,36,34,draw,100,true
B,6,18,1,P2,0w0c3b,3w1c1b,36,34,A,20,false
B,6,19,0,P1,0w0c3b,3w1c1b,36,34,A,29,false
B,6,19,1,P2,0w0c3b,3w1c1b,36,34,A,28,false
B,6,20,0,P1,0w0c3b,3w1c1b,36,34,A,31,false
B,6,20,1,P2,0w0c3b,3w1c1b,36,34,A,34,false
B,7,1,0,P1,0w0c3b,3w3c0b,36,36,B,28,false
B,7,1,1,P2,0w0c3b,3w3c0b,36,36,A,21,false
B,7,2,0,P1,0w0c3b,3w3c0b,36,36,A,25,false
B,7,2,1,P2,0w0c3b,3w3c0b,36,36,A,21,false
B,7,3,0,P1,0w0c3b,3w3c0b,36,36,A,18,false
B,7,3,1,P2,0w0c3b,3w3c0b,36,36,B,19,false
B,7,4,0,P1,0w0c3b,3w3c0b,36,36,A,27,false
B,7,4,1,P2,0w0c3b,3w3c0b,36,36,A,29,false
B,7,5,0,P1,0w0c3b,3w3c0b,36,36,B,26,false
B,7,5,1,P2,0w0c3b,3w3c0b,36,36,A,23,false
B,7,6,0,P1,0w0c3b,3w3c0b,36,36,A,17,false
B,7,6,1,P2,0w0c3b,3w3c0b,36,36,B,15,false
B,7,7,0,P1,0w0c3b,3w3c0b,36,36,B,22,false
B,7,7,1,P2,0w0c3b,3w3c0b,36,36,B,21,false
B,7,8,0,P1,0w0c3b,3w3c0b,36,36,B,26,false
B,7,8,1,P2,0w0c3b,3w3c0b,36,36,B,25,false
B,7,9,0,P1,0w0c3b,3w3c0b,36,36,A,22,false
B,7,9,1,P2,0w0c3b,3w3c0b,36,36,B,23,false
B,7,10,0,P1,0w0c3b,3w3c0b,36,36,A,24,false
B,7,10,1,P2,0w0c3b,3w3c0b,36,36,A,27,false
B,7,11,0,P1,0w0c3b,3w3c0b,36,36,B,16,false
B,7,11,1,P2,0w0c3b,3w3c0b,36,36,B,23,false
B,7,12,0,P1,0w0c3b,3w3c0b,36,36,A,30,false
B,7,12,1,P2,0w0c3b,3w3c0b,36,36,A,23,false
B,7,13,0,P1,0w0c3b,3w3c0b,36,36,A,26,false
B,7,13,1,P2,0w0c3b,3w3c0b,36,36,B,23,false
B,7,14,0,P1,0w0c3b,3w3c0b,36,36,B,22,false
B,7,14,1,P2,0w0c3b,3w3c0b,36,36,B,21,false
B,7,15,0,P1,0w0c3b,3w3c0b,36,36,A,24,false
B,7,15,1,P2,0w0c3b,3w3c0b,36,36,A,23,false
B,7,16,0,P1,0w0c3b,3w3c0b,36,36,A,22,false
B,7,16,1,P2,0w0c3b,3w3c0b,36,36,A,21,false
B,7,17,0,P1,0w0c3b,3w3c0b,36,36,B,28,false
B,7,17,1,P2,0w0c3b,3w3c0b,36,36,A,35,false
B,7,18,0,P1,0w0c3b,3w3c0b,36,36,B,20,false
B,7,18,1,P2,0w0c3b,3w3c0b,36,36,A,17,false
B,7,19,0,P1,0w0c3b,3w3c0b,36,36,B,28,false
B,7,19,1,P2,0w0c3b,3w3c0b,36,36,B,17,false
B,7,20,0,P1,0w0c3b,3w3c0b,36,36,A,22,false
B,7,20,1,P2,0w0c3b,3w3c0b,36,36,B,27,false
B,8,1,0,P1,0w0c3b,4w0c1b,36,32,draw,100,true
B,8,1,1,P2,0w0c3b,4w0c1b,36,32,A,29,false
B,8,2,0,P1,0w0c3b,4w0c1b,36,32,A,23,false
B,8,2,1,P2,0w0c3b,4w0c1b,36,32,A,35,false
B,8,3,0,P1,0w0c3b,4w0c1b,36,32,A,21,false
B,8,3,1,P2,0w0c3b,4w0c1b,36,32,A,34,false
B,8,4,0,P1,0w0c3b,4w0c1b,36,32,A,28,false
B,8,4,1,P2,0w0c3b,4w0c1b,36,32,A,33,false
B,8,5,0,P1,0w0c3b,4w0c1b,36,32,A,29,false
B,8,5,1,P2,0w0c3b,4w0c1b,36,32,A,34,false
B,8,6,0,P1,0w0c3b,4w0c1b,36,32,A,22,false
B,8,6,1,P2,0w0c3b,4w0c1b,36,32,A,25,false
B,8,7,0,P1,0w0c3b,4w0c1b,36,32,A,25,false
B,8,7,1,P2,0w0c3b,4w0c1b,36,32,A,20,false
B,8,8,0,P1,0w0c3b,4w0c1b,36,32,A,31,false
B,8,8,1,P2,0w0c3b,4w0c1b,36,32,A,36,false
B,8,9,0,P1,0w0c3b,4w0c1b,36,32,A,34,false
B,8,9,1,P2,0w0c3b,4w0c1b,36,32,A,23,false
B,8,10,0,P1,0w0c3b,4w0c1b,36,32,A,30,false
B,8,10,1,P2,0w0c3b,4w0c1b,36,32,A,24,false
B,8,11,0,P1,0w0c3b,4w0c1b,36,32,A,23,false
B,8,11,1,P2,0w0c3b,4w0c1b,36,32,A,19,false
B,8,12,0,P1,0w0c3b,4w0c1b,36,32,A,21,false
B,8,12,1,P2,0w0c3b,4w0c1b,36,32,A,28,false
B,8,13,0,P1,0w0c3b,4w0c1b,36,32,A,33,false
B,8,13,1,P2,0w0c3b,4w0c1b,36,32,A,33,false
B,8,14,0,P1,0w0c3b,4w0c1b,36,32,A,30,false
B,8,14,1,P2,0w0c3b,4w0c1b,36,32,A,32,false
B,8,15,0,P1,0w0c3b,4w0c1b,36,32,A,24,false
B,8,15,1,P2,0w0c3b,4w0c1b,36,32,A,23,false
B,8,16,0,P1,0w0c3b,4w0c1b,36,32,A,32,false
B,8,16,1,P2,0w0c3b,4w0c1b,36,32,A,36,false
B,8,17,0,P1,0w0c3b,4w0c1b,36,32,A,41,false
B,8,17,1,P2,0w0c3b,4w0c1b,36,32,A,34,false
B,8,18,0,P1,0w0c3b,4w0c1b,36,32,A,20,false
B,8,18,1,P2,0w0c3b,4w0c1b,36,32,A,26,false
B,8,19,0,P1,0w0c3b,4w0c1b,36,32,A,21,false
B,8,19,1,P2,0w0c3b,4w0c1b,36,32,A,34,false
B,8,20,0,P1,0w0c3b,4w0c1b,36,32,A,29,false
B,8,20,1,P2,0w0c3b,4w0c1b,36,32,A,35,false
B,9,1,0,P1,0w0c3b,4w2c0b,36,34,A,28,false
B,9,1,1,P2,0w0c3b,4w2c0b,36,34,A,23,false
B,9,2,0,P1,0w0c3b,4w2c0b,36,34,A,28,false
B,9,2,1,P2,0w0c3b,4w2c0b,36,34,B,29,false
B,9,3,0,P1,0w0c3b,4w2c0b,36,34,A,18,false
B,9,3,1,P2,0w0c3b,4w2c0b,36,34,A,23,false
B,9,4,0,P1,0w0c3b,4w2c0b,36,34,B,26,false
B,9,4,1,P2,0w0c3b,4w2c0b,36,34,A,28,false
B,9,5,0,P1,0w0c3b,4w2c0b,36,34,A,28,false
B,9,5,1,P2,0w0c3b,4w2c0b,36,34,A,25,false
B,9,6,0,P1,0w0c3b,4w2c0b,36,34,A,17,false
B,9,6,1,P2,0w0c3b,4w2c0b,36,34,A,43,false
B,9,7,0,P1,0w0c3b,4w2c0b,36,34,B,20,false
B,9,7,1,P2,0w0c3b,4w2c0b,36,34,A,29,false
B,9,8,0,P1,0w0c3b,4w2c0b,36,34,B,30,false
B,9,8,1,P2,0w0c3b,4w2c0b,36,34,B,25,false
B,9,9,0,P1,0w0c3b,4w2c0b,36,34,A,28,false
B,9,9,1,P2,0w0c3b,4w2c0b,36,34,A,37,false
B,9,10,0,P1,0w0c3b,4w2c0b,36,34,A,22,false
B,9,10,1,P2,0w0c3b,4w2c0b,36,34,A,29,false
B,9,11,0,P1,0w0c3b,4w2c0b,36,34,A,24,false
B,9,11,1,P2,0w0c3b,4w2c0b,36,34,A,22,false
B,9,12,0,P1,0w0c3b,4w2c0b,36,34,A,30,false
B,9,12,1,P2,0w0c3b,4w2c0b,36,34,A,21,false
B,9,13,0,P1,0w0c3b,4w2c0b,36,34,A,28,false
B,9,13,1,P2,0w0c3b,4w2c0b,36,34,A,20,false
B,9,14,0,P1,0w0c3b,4w2c0b,36,34,A,28,false
B,9,14,1,P2,0w0c3b,4w2c0b,36,34,A,27,false
B,9,15,0,P1,0w0c3b,4w2c0b,36,34,A,23,false
B,9,15,1,P2,0w0c3b,4w2c0b,36,34,A,27,false
B,9,16,0,P1,0w0c3b,4w2c0b,36,34,A,22,false
B,9,16,1,P2,0w0c3b,4w2c0b,36,34,A,17,false
B,9,17,0,P1,0w0c3b,4w2c0b,36,34,A,30,false
B,9,17,1,P2,0w0c3b,4w2c0b,36,34,A,37,false
B,9,18,0,P1,0w0c3b,4w2c0b,36,34,A,24,false
B,9,18,1,P2,0w0c3b,4w2c0b,36,34,A,27,false
B,9,19,0,P1,0w0c3b,4w2c0b,36,34,A,28,false
B,9,19,1,P2,0w0c3b,4w2c0b,36,34,B,21,false
B,9,20,0,P1,0w0c3b,4w2c0b,36,34,B,22,false
B,9,20,1,P2,0w0c3b,4w2c0b,36,34,A,37,false
B,10,1,0,P1,0w0c3b,5w1c0b,36,32,draw,100,true
B,10,1,1,P2,0w0c3b,5w1c0b,36,32,A,27,false
B,10,2,0,P1,0w0c3b,5w1c0b,36,32,A,24,false
B,10,2,1,P2,0w0c3b,5w1c0b,36,32,A,29,false
B,10,3,0,P1,0w0c3b,5w1c0b,36,32,A,26,false
B,10,3,1,P2,0w0c3b,5w1c0b,36,32,A,25,false
B,10,4,0,P1,0w0c3b,5w1c0b,36,32,A,30,false
B,10,4,1,P2,0w0c3b,5w1c0b,36,32,A,35,false
B,10,5,0,P1,0w0c3b,5w1c0b,36,32,A,28,false
B,10,5,1,P2,0w0c3b,5w1c0b,36,32,A,26,false
B,10,6,0,P1,0w0c3b,5w1c0b,36,32,A,18,false
B,10,6,1,P2,0w0c3b,5w1c0b,36,32,A,31,false
B,10,7,0,P1,0w0c3b,5w1c0b,36,32,A,26,false
B,10,7,1,P2,0w0c3b,5w1c0b,36,32,A,19,false
B,10,8,0,P1,0w0c3b,5w1c0b,36,32,A,28,false
B,10,8,1,P2,0w0c3b,5w1c0b,36,32,A,29,false
B,10,9,0,P1,0w0c3b,5w1c0b,36,32,A,32,false
B,10,9,1,P2,0w0c3b,5w1c0b,36,32,A,31,false
B,10,10,0,P1,0w0c3b,5w1c0b,36,32,A,22,false
B,10,10,1,P2,0w0c3b,5w1c0b,36,32,A,31,false
B,10,11,0,P1,0w0c3b,5w1c0b,36,32,A,20,false
B,10,11,1,P2,0w0c3b,5w1c0b,36,32,draw,100,true
B,10,12,0,P1,0w0c3b,5w1c0b,36,32,A,30,false
B,10,12,1,P2,0w0c3b,5w1c0b,36,32,draw,100,true
B,10,13,0,P1,0w0c3b,5w1c0b,36,32,A,24,false
B,10,13,1,P2,0w0c3b,5w1c0b,36,32,A,24,false
B,10,14,0,P1,0w0c3b,5w1c0b,36,32,A,24,false
B,10,14,1,P2,0w0c3b,5w1c0b,36,32,A,24,false
B,10,15,0,P1,0w0c3b,5w1c0b,36,32,A,32,false
B,10,15,1,P2,0w0c3b,5w1c0b,36,32,A,27,false
B,10,16,0,P1,0w0c3b,5w1c0b,36,32,A,32,false
B,10,16,1,P2,0w0c3b,5w1c0b,36,32,A,17,false
B,10,17,0,P1,0w0c3b,5w1c0b,36,32,A,38,false
B,10,17,1,P2,0w0c3b,5w1c0b,36,32,A,35,false
B,10,18,0,P1,0w0c3b,5w1c0b,36,32,A,24,false
B,10,18,1,P2,0w0c3b,5w1c0b,36,32,A,31,false
B,10,19,0,P1,0w0c3b,5w1c0b,36,32,A,28,false
B,10,19,1,P2,0w0c3b,5w1c0b,36,32,A,27,false
B,10,20,0,P1,0w0c3b,5w1c0b,36,32,A,21,false
B,10,20,1,P2,0w0c3b,5w1c0b,36,32,draw,100,true
B,11,1,0,P1,0w0c3b,7w0c0b,36,35,A,30,false
B,11,1,1,P2,0w0c3b,7w0c0b,36,35,A,35,false
B,11,2,0,P1,0w0c3b,7w0c0b,36,35,A,26,false
B,11,2,1,P2,0w0c3b,7w0c0b,36,35,A,39,false
B,11,3,0,P1,0w0c3b,7w0c0b,36,35,A,18,false
B,11,3,1,P2,0w0c3b,7w0c0b,36,35,A,27,false
B,11,4,0,P1,0w0c3b,7w0c0b,36,35,A,30,false
B,11,4,1,P2,0w0c3b,7w0c0b,36,35,A,31,false
B,11,5,0,P1,0w0c3b,7w0c0b,36,35,A,26,false
B,11,5,1,P2,0w0c3b,7w0c0b,36,35,A,24,false
B,11,6,0,P1,0w0c3b,7w0c0b,36,35,A,18,false
B,11,6,1,P2,0w0c3b,7w0c0b,36,35,A,21,false
B,11,7,0,P1,0w0c3b,7w0c0b,36,35,A,18,false
B,11,7,1,P2,0w0c3b,7w0c0b,36,35,A,23,false
B,11,8,0,P1,0w0c3b,7w0c0b,36,35,A,36,false
B,11,8,1,P2,0w0c3b,7w0c0b,36,35,A,23,false
B,11,9,0,P1,0w0c3b,7w0c0b,36,35,draw,100,true
B,11,9,1,P2,0w0c3b,7w0c0b,36,35,A,25,false
B,11,10,0,P1,0w0c3b,7w0c0b,36,35,A,28,false
B,11,10,1,P2,0w0c3b,7w0c0b,36,35,A,25,false
B,11,11,0,P1,0w0c3b,7w0c0b,36,35,A,30,false
B,11,11,1,P2,0w0c3b,7w0c0b,36,35,draw,100,true
B,11,12,0,P1,0w0c3b,7w0c0b,36,35,A,28,false
B,11,12,1,P2,0w0c3b,7w0c0b,36,35,A,29,false
B,11,13,0,P1,0w0c3b,7w0c0b,36,35,A,26,false
B,11,13,1,P2,0w0c3b,7w0c0b,36,35,A,23,false
B,11,14,0,P1,0w0c3b,7w0c0b,36,35,A,38,false
B,11,14,1,P2,0w0c3b,7w0c0b,36,35,A,23,false
B,11,15,0,P1,0w0c3b,7w0c0b,36,35,A,26,false
B,11,15,1,P2,0w0c3b,7w0c0b,36,35,A,47,false
B,11,16,0,P1,0w0c3b,7w0c0b,36,35,A,26,false
B,11,16,1,P2,0w0c3b,7w0c0b,36,35,A,27,false
B,11,17,0,P1,0w0c3b,7w0c0b,36,35,A,40,false
B,11,17,1,P2,0w0c3b,7w0c0b,36,35,A,43,false
B,11,18,0,P1,0w0c3b,7w0c0b,36,35,A,32,false
B,11,18,1,P2,0w0c3b,7w0c0b,36,35,A,19,false
B,11,19,0,P1,0w0c3b,7w0c0b,36,35,A,24,false
B,11,19,1,P2,0w0c3b,7w0c0b,36,35,A,27,false
B,11,20,0,P1,0w0c3b,7w0c0b,36,35,A,22,false
B,11,20,1,P2,0w0c3b,7w0c0b,36,35,A,31,false
B,12,1,0,P1,0w3c1b,0w5c0b,33,35,B,16,false
B,12,1,1,P2,0w3c1b,0w5c0b,33,35,B,15,false
B,12,2,0,P1,0w3c1b,0w5c0b,33,35,B,18,false
B,12,2,1,P2,0w3c1b,0w5c0b,33,35,B,23,false
B,12,3,0,P1,0w3c1b,0w5c0b,33,35,B,16,false
B,12,3,1,P2,0w3c1b,0w5c0b,33,35,B,17,false
B,12,4,0,P1,0w3c1b,0w5c0b,33,35,A,22,false
B,12,4,1,P2,0w3c1b,0w5c0b,33,35,A,18,false
B,12,5,0,P1,0w3c1b,0w5c0b,33,35,A,21,false
B,12,5,1,P2,0w3c1b,0w5c0b,33,35,B,17,false
B,12,6,0,P1,0w3c1b,0w5c0b,33,35,A,13,false
B,12,6,1,P2,0w3c1b,0w5c0b,33,35,A,18,false
B,12,7,0,P1,0w3c1b,0w5c0b,33,35,B,16,false
B,12,7,1,P2,0w3c1b,0w5c0b,33,35,A,19,false
B,12,8,0,P1,0w3c1b,0w5c0b,33,35,A,22,false
B,12,8,1,P2,0w3c1b,0w5c0b,33,35,B,15,false
B,12,9,0,P1,0w3c1b,0w5c0b,33,35,B,18,false
B,12,9,1,P2,0w3c1b,0w5c0b,33,35,B,16,false
B,12,10,0,P1,0w3c1b,0w5c0b,33,35,B,22,false
B,12,10,1,P2,0w3c1b,0w5c0b,33,35,B,21,false
B,12,11,0,P1,0w3c1b,0w5c0b,33,35,A,13,false
B,12,11,1,P2,0w3c1b,0w5c0b,33,35,B,14,false
B,12,12,0,P1,0w3c1b,0w5c0b,33,35,B,20,false
B,12,12,1,P2,0w3c1b,0w5c0b,33,35,B,15,false
B,12,13,0,P1,0w3c1b,0w5c0b,33,35,B,14,false
B,12,13,1,P2,0w3c1b,0w5c0b,33,35,A,18,false
B,12,14,0,P1,0w3c1b,0w5c0b,33,35,B,22,false
B,12,14,1,P2,0w3c1b,0w5c0b,33,35,B,21,false
B,12,15,0,P1,0w3c1b,0w5c0b,33,35,A,21,false
B,12,15,1,P2,0w3c1b,0w5c0b,33,35,A,20,false
B,12,16,0,P1,0w3c1b,0w5c0b,33,35,B,24,false
B,12,16,1,P2,0w3c1b,0w5c0b,33,35,A,16,false
B,12,17,0,P1,0w3c1b,0w5c0b,33,35,B,24,false
B,12,17,1,P2,0w3c1b,0w5c0b,33,35,A,24,false
B,12,18,0,P1,0w3c1b,0w5c0b,33,35,B,12,false
B,12,18,1,P2,0w3c1b,0w5c0b,33,35,B,13,false
B,12,19,0,P1,0w3c1b,0w5c0b,33,35,B,20,false
B,12,19,1,P2,0w3c1b,0w5c0b,33,35,B,24,false
B,12,20,0,P1,0w3c1b,0w5c0b,33,35,A,18,false
B,12,20,1,P2,0w3c1b,0w5c0b,33,35,A,26,false
B,13,1,0,P1,0w3c1b,1w1c2b,33,36,B,18,false
B,13,1,1,P2,0w3c1b,1w1c2b,33,36,A,18,false
B,13,2,0,P1,0w3c1b,1w1c2b,33,36,B,22,false
B,13,2,1,P2,0w3c1b,1w1c2b,33,36,B,25,false
B,13,3,0,P1,0w3c1b,1w1c2b,33,36,B,25,false
B,13,3,1,P2,0w3c1b,1w1c2b,33,36,A,24,false
B,13,4,0,P1,0w3c1b,1w1c2b,33,36,A,33,false
B,13,4,1,P2,0w3c1b,1w1c2b,33,36,B,27,false
B,13,5,0,P1,0w3c1b,1w1c2b,33,36,B,22,false
B,13,5,1,P2,0w3c1b,1w1c2b,33,36,B,31,false
B,13,6,0,P1,0w3c1b,1w1c2b,33,36,A,13,false
B,13,6,1,P2,0w3c1b,1w1c2b,33,36,A,16,false
B,13,7,0,P1,0w3c1b,1w1c2b,33,36,draw,100,true
B,13,7,1,P2,0w3c1b,1w1c2b,33,36,A,18,false
B,13,8,0,P1,0w3c1b,1w1c2b,33,36,B,56,false
B,13,8,1,P2,0w3c1b,1w1c2b,33,36,B,29,false
B,13,9,0,P1,0w3c1b,1w1c2b,33,36,B,36,false
B,13,9,1,P2,0w3c1b,1w1c2b,33,36,A,28,false
B,13,10,0,P1,0w3c1b,1w1c2b,33,36,A,23,false
B,13,10,1,P2,0w3c1b,1w1c2b,33,36,B,25,false
B,13,11,0,P1,0w3c1b,1w1c2b,33,36,B,19,false
B,13,11,1,P2,0w3c1b,1w1c2b,33,36,B,21,false
B,13,12,0,P1,0w3c1b,1w1c2b,33,36,B,38,false
B,13,12,1,P2,0w3c1b,1w1c2b,33,36,A,22,false
B,13,13,0,P1,0w3c1b,1w1c2b,33,36,B,18,false
B,13,13,1,P2,0w3c1b,1w1c2b,33,36,A,27,false
B,13,14,0,P1,0w3c1b,1w1c2b,33,36,B,22,false
B,13,14,1,P2,0w3c1b,1w1c2b,33,36,B,21,false
B,13,15,0,P1,0w3c1b,1w1c2b,33,36,B,27,false
B,13,15,1,P2,0w3c1b,1w1c2b,33,36,B,23,false
B,13,16,0,P1,0w3c1b,1w1c2b,33,36,B,30,false
B,13,16,1,P2,0w3c1b,1w1c2b,33,36,A,30,false
B,13,17,0,P1,0w3c1b,1w1c2b,33,36,A,33,false
B,13,17,1,P2,0w3c1b,1w1c2b,33,36,B,33,false
B,13,18,0,P1,0w3c1b,1w1c2b,33,36,A,17,false
B,13,18,1,P2,0w3c1b,1w1c2b,33,36,A,20,false
B,13,19,0,P1,0w3c1b,1w1c2b,33,36,B,26,false
B,13,19,1,P2,0w3c1b,1w1c2b,33,36,B,23,false
B,13,20,0,P1,0w3c1b,1w1c2b,33,36,A,23,false
B,13,20,1,P2,0w3c1b,1w1c2b,33,36,A,32,false
B,14,1,0,P1,0w3c1b,1w4c0b,33,33,B,24,false
B,14,1,1,P2,0w3c1b,1w4c0b,33,33,A,25,false
B,14,2,0,P1,0w3c1b,1w4c0b,33,33,B,20,false
B,14,2,1,P2,0w3c1b,1w4c0b,33,33,B,19,false
B,14,3,0,P1,0w3c1b,1w4c0b,33,33,B,14,false
B,14,3,1,P2,0w3c1b,1w4c0b,33,33,B,19,false
B,14,4,0,P1,0w3c1b,1w4c0b,33,33,A,26,false
B,14,4,1,P2,0w3c1b,1w4c0b,33,33,A,31,false
B,14,5,0,P1,0w3c1b,1w4c0b,33,33,B,22,false
B,14,5,1,P2,0w3c1b,1w4c0b,33,33,B,21,false
B,14,6,0,P1,0w3c1b,1w4c0b,33,33,A,13,false
B,14,6,1,P2,0w3c1b,1w4c0b,33,33,A,18,false
B,14,7,0,P1,0w3c1b,1w4c0b,33,33,A,21,false
B,14,7,1,P2,0w3c1b,1w4c0b,33,33,B,15,false
B,14,8,0,P1,0w3c1b,1w4c0b,33,33,A,28,false
B,14,8,1,P2,0w3c1b,1w4c0b,33,33,B,21,false
B,14,9,0,P1,0w3c1b,1w4c0b,33,33,B,18,false
B,14,9,1,P2,0w3c1b,1w4c0b,33,33,B,17,false
B,14,10,0,P1,0w3c1b,1w4c0b,33,33,B,26,false
B,14,10,1,P2,0w3c1b,1w4c0b,33,33,B,19,false
B,14,11,0,P1,0w3c1b,1w4c0b,33,33,B,18,false
B,14,11,1,P2,0w3c1b,1w4c0b,33,33,B,13,false
B,14,12,0,P1,0w3c1b,1w4c0b,33,33,B,16,false
B,14,12,1,P2,0w3c1b,1w4c0b,33,33,A,21,false
B,14,13,0,P1,0w3c1b,1w4c0b,33,33,B,16,false
B,14,13,1,P2,0w3c1b,1w4c0b,33,33,B,17,false
B,14,14,0,P1,0w3c1b,1w4c0b,33,33,A,30,false
B,14,14,1,P2,0w3c1b,1w4c0b,33,33,B,23,false
B,14,15,0,P1,0w3c1b,1w4c0b,33,33,A,26,false
B,14,15,1,P2,0w3c1b,1w4c0b,33,33,A,20,false
B,14,16,0,P1,0w3c1b,1w4c0b,33,33,A,28,false
B,14,16,1,P2,0w3c1b,1w4c0b,33,33,A,23,false
B,14,17,0,P1,0w3c1b,1w4c0b,33,33,A,34,false
B,14,17,1,P2,0w3c1b,1w4c0b,33,33,A,26,false
B,14,18,0,P1,0w3c1b,1w4c0b,33,33,B,16,false
B,14,18,1,P2,0w3c1b,1w4c0b,33,33,B,15,false
B,14,19,0,P1,0w3c1b,1w4c0b,33,33,B,20,false
B,14,19,1,P2,0w3c1b,1w4c0b,33,33,B,17,false
B,14,20,0,P1,0w3c1b,1w4c0b,33,33,A,19,false
B,14,20,1,P2,0w3c1b,1w4c0b,33,33,A,37,false
B,15,1,0,P1,0w3c1b,2w0c2b,33,34,B,26,false
B,15,1,1,P2,0w3c1b,2w0c2b,33,34,A,22,false
B,15,2,0,P1,0w3c1b,2w0c2b,33,34,B,22,false
B,15,2,1,P2,0w3c1b,2w0c2b,33,34,A,16,false
B,15,3,0,P1,0w3c1b,2w0c2b,33,34,A,21,false
B,15,3,1,P2,0w3c1b,2w0c2b,33,34,B,35,false
B,15,4,0,P1,0w3c1b,2w0c2b,33,34,A,33,false
B,15,4,1,P2,0w3c1b,2w0c2b,33,34,A,31,false
B,15,5,0,P1,0w3c1b,2w0c2b,33,34,B,27,false
B,15,5,1,P2,0w3c1b,2w0c2b,33,34,B,31,false
B,15,6,0,P1,0w3c1b,2w0c2b,33,34,B,16,false
B,15,6,1,P2,0w3c1b,2w0c2b,33,34,B,17,false
B,15,7,0,P1,0w3c1b,2w0c2b,33,34,B,24,false
B,15,7,1,P2,0w3c1b,2w0c2b,33,34,A,24,false
B,15,8,0,P1,0w3c1b,2w0c2b,33,34,B,50,false
B,15,8,1,P2,0w3c1b,2w0c2b,33,34,A,42,false
B,15,9,0,P1,0w3c1b,2w0c2b,33,34,A,19,false
B,15,9,1,P2,0w3c1b,2w0c2b,33,34,B,31,false
B,15,10,0,P1,0w3c1b,2w0c2b,33,34,B,32,false
B,15,10,1,P2,0w3c1b,2w0c2b,33,34,A,19,false
B,15,11,0,P1,0w3c1b,2w0c2b,33,34,A,23,false
B,15,11,1,P2,0w3c1b,2w0c2b,33,34,A,21,false
B,15,12,0,P1,0w3c1b,2w0c2b,33,34,B,26,false
B,15,12,1,P2,0w3c1b,2w0c2b,33,34,B,21,false
B,15,13,0,P1,0w3c1b,2w0c2b,33,34,B,21,false
B,15,13,1,P2,0w3c1b,2w0c2b,33,34,A,33,false
B,15,14,0,P1,0w3c1b,2w0c2b,33,34,B,22,false
B,15,14,1,P2,0w3c1b,2w0c2b,33,34,B,21,false
B,15,15,0,P1,0w3c1b,2w0c2b,33,34,B,20,false
B,15,15,1,P2,0w3c1b,2w0c2b,33,34,B,23,false
B,15,16,0,P1,0w3c1b,2w0c2b,33,34,B,24,false
B,15,16,1,P2,0w3c1b,2w0c2b,33,34,B,19,false
B,15,17,0,P1,0w3c1b,2w0c2b,33,34,B,38,false
B,15,17,1,P2,0w3c1b,2w0c2b,33,34,A,42,false
B,15,18,0,P1,0w3c1b,2w0c2b,33,34,A,21,false
B,15,18,1,P2,0w3c1b,2w0c2b,33,34,B,22,false
B,15,19,0,P1,0w3c1b,2w0c2b,33,34,B,22,false
B,15,19,1,P2,0w3c1b,2w0c2b,33,34,B,19,false
B,15,20,0,P1,0w3c1b,2w0c2b,33,34,B,22,false
B,15,20,1,P2,0w3c1b,2w0c2b,33,34,A,32,false
B,16,1,0,P1,0w3c1b,2w2c1b,33,36,A,23,false
B,16,1,1,P2,0w3c1b,2w2c1b,33,36,A,28,false
B,16,2,0,P1,0w3c1b,2w2c1b,33,36,B,20,false
B,16,2,1,P2,0w3c1b,2w2c1b,33,36,A,22,false
B,16,3,0,P1,0w3c1b,2w2c1b,33,36,B,14,false
B,16,3,1,P2,0w3c1b,2w2c1b,33,36,A,23,false
B,16,4,0,P1,0w3c1b,2w2c1b,33,36,A,24,false
B,16,4,1,P2,0w3c1b,2w2c1b,33,36,B,21,false
B,16,5,0,P1,0w3c1b,2w2c1b,33,36,B,29,false
B,16,5,1,P2,0w3c1b,2w2c1b,33,36,B,31,false
B,16,6,0,P1,0w3c1b,2w2c1b,33,36,A,22,false
B,16,6,1,P2,0w3c1b,2w2c1b,33,36,A,18,false
B,16,7,0,P1,0w3c1b,2w2c1b,33,36,B,18,false
B,16,7,1,P2,0w3c1b,2w2c1b,33,36,B,19,false
B,16,8,0,P1,0w3c1b,2w2c1b,33,36,B,32,false
B,16,8,1,P2,0w3c1b,2w2c1b,33,36,B,27,false
B,16,9,0,P1,0w3c1b,2w2c1b,33,36,B,20,false
B,16,9,1,P2,0w3c1b,2w2c1b,33,36,A,33,false
B,16,10,0,P1,0w3c1b,2w2c1b,33,36,B,26,false
B,16,10,1,P2,0w3c1b,2w2c1b,33,36,B,27,false
B,16,11,0,P1,0w3c1b,2w2c1b,33,36,B,19,false
B,16,11,1,P2,0w3c1b,2w2c1b,33,36,B,33,false
B,16,12,0,P1,0w3c1b,2w2c1b,33,36,B,26,false
B,16,12,1,P2,0w3c1b,2w2c1b,33,36,A,18,false
B,16,13,0,P1,0w3c1b,2w2c1b,33,36,B,23,false
B,16,13,1,P2,0w3c1b,2w2c1b,33,36,B,19,false
B,16,14,0,P1,0w3c1b,2w2c1b,33,36,A,28,false
B,16,14,1,P2,0w3c1b,2w2c1b,33,36,B,21,false
B,16,15,0,P1,0w3c1b,2w2c1b,33,36,B,20,false
B,16,15,1,P2,0w3c1b,2w2c1b,33,36,A,30,false
B,16,16,0,P1,0w3c1b,2w2c1b,33,36,B,22,false
B,16,16,1,P2,0w3c1b,2w2c1b,33,36,A,28,false
B,16,17,0,P1,0w3c1b,2w2c1b,33,36,B,27,false
B,16,17,1,P2,0w3c1b,2w2c1b,33,36,B,29,false
B,16,18,0,P1,0w3c1b,2w2c1b,33,36,B,20,false
B,16,18,1,P2,0w3c1b,2w2c1b,33,36,B,17,false
B,16,19,0,P1,0w3c1b,2w2c1b,33,36,B,26,false
B,16,19,1,P2,0w3c1b,2w2c1b,33,36,A,26,false
B,16,20,0,P1,0w3c1b,2w2c1b,33,36,B,22,false
B,16,20,1,P2,0w3c1b,2w2c1b,33,36,A,68,false
B,17,1,0,P1,0w3c1b,3w1c1b,33,34,A,23,false
B,17,1,1,P2,0w3c1b,3w1c1b,33,34,B,17,false
B,17,2,0,P1,0w3c1b,3w1c1b,33,34,B,20,false
B,17,2,1,P2,0w3c1b,3w1c1b,33,34,A,22,false
B,17,3,0,P1,0w3c1b,3w1c1b,33,34,B,16,false
B,17,3,1,P2,0w3c1b,3w1c1b,33,34,B,25,false
B,17,4,0,P1,0w3c1b,3w1c1b,33,34,A,22,false
B,17,4,1,P2,0w3c1b,3w1c1b,33,34,B,23,false
B,17,5,0,P1,0w3c1b,3w1c1b,33,34,B,24,false
B,17,5,1,P2,0w3c1b,3w1c1b,33,34,B,27,false
B,17,6,0,P1,0w3c1b,3w1c1b,33,34,B,18,false
B,17,6,1,P2,0w3c1b,3w1c1b,33,34,A,27,false
B,17,7,0,P1,0w3c1b,3w1c1b,33,34,B,16,false
B,17,7,1,P2,0w3c1b,3w1c1b,33,34,draw,100,true
B,17,8,0,P1,0w3c1b,3w1c1b,33,34,B,32,false
B,17,8,1,P2,0w3c1b,3w1c1b,33,34,B,21,false
B,17,9,0,P1,0w3c1b,3w1c1b,33,34,A,19,false
B,17,9,1,P2,0w3c1b,3w1c1b,33,34,A,31,false
B,17,10,0,P1,0w3c1b,3w1c1b,33,34,B,24,false
B,17,10,1,P2,0w3c1b,3w1c1b,33,34,A,33,false
B,17,11,0,P1,0w3c1b,3w1c1b,33,34,B,18,false
B,17,11,1,P2,0w3c1b,3w1c1b,33,34,A,19,false
B,17,12,0,P1,0w3c1b,3w1c1b,33,34,B,34,false
B,17,12,1,P2,0w3c1b,3w1c1b,33,34,A,20,false
B,17,13,0,P1,0w3c1b,3w1c1b,33,34,A,19,false
B,17,13,1,P2,0w3c1b,3w1c1b,33,34,B,19,false
B,17,14,0,P1,0w3c1b,3w1c1b,33,34,A,28,false
B,17,14,1,P2,0w3c1b,3w1c1b,33,34,B,27,false
B,17,15,0,P1,0w3c1b,3w1c1b,33,34,B,20,false
B,17,15,1,P2,0w3c1b,3w1c1b,33,34,A,18,false
B,17,16,0,P1,0w3c1b,3w1c1b,33,34,B,24,false
B,17,16,1,P2,0w3c1b,3w1c1b,33,34,A,18,false
B,17,17,0,P1,0w3c1b,3w1c1b,33,34,B,28,false
B,17,17,1,P2,0w3c1b,3w1c1b,33,34,A,36,false
B,17,18,0,P1,0w3c1b,3w1c1b,33,34,A,15,false
B,17,18,1,P2,0w3c1b,3w1c1b,33,34,B,17,false
B,17,19,0,P1,0w3c1b,3w1c1b,33,34,B,24,false
B,17,19,1,P2,0w3c1b,3w1c1b,33,34,B,23,false
B,17,20,0,P1,0w3c1b,3w1c1b,33,34,B,24,false
B,17,20,1,P2,0w3c1b,3w1c1b,33,34,B,27,false
B,18,1,0,P1,0w3c1b,3w3c0b,33,36,B,20,false
B,18,1,1,P2,0w3c1b,3w3c0b,33,36,A,18,false
B,18,2,0,P1,0w3c1b,3w3c0b,33,36,B,18,false
B,18,2,1,P2,0w3c1b,3w3c0b,33,36,B,17,false
B,18,3,0,P1,0w3c1b,3w3c0b,33,36,B,14,false
B,18,3,1,P2,0w3c1b,3w3c0b,33,36,A,16,false
B,18,4,0,P1,0w3c1b,3w3c0b,33,36,B,18,false
B,18,4,1,P2,0w3c1b,3w3c0b,33,36,B,35,false
B,18,5,0,P1,0w3c1b,3w3c0b,33,36,B,18,false
B,18,5,1,P2,0w3c1b,3w3c0b,33,36,B,19,false
B,18,6,0,P1,0w3c1b,3w3c0b,33,36,A,23,false
B,18,6,1,P2,0w3c1b,3w3c0b,33,36,B,21,false
B,18,7,0,P1,0w3c1b,3w3c0b,33,36,A,34,false
B,18,7,1,P2,0w3c1b,3w3c0b,33,36,B,25,false
B,18,8,0,P1,0w3c1b,3w3c0b,33,36,B,30,false
B,18,8,1,P2,0w3c1b,3w3c0b,33,36,B,15,false
B,18,9,0,P1,0w3c1b,3w3c0b,33,36,A,19,false
B,18,9,1,P2,0w3c1b,3w3c0b,33,36,A,31,false
B,18,10,0,P1,0w3c1b,3w3c0b,33,36,B,20,false
B,18,10,1,P2,0w3c1b,3w3c0b,33,36,A,33,false
B,18,11,0,P1,0w3c1b,3w3c0b,33,36,A,22,false
B,18,11,1,P2,0w3c1b,3w3c0b,33,36,B,13,false
B,18,12,0,P1,0w3c1b,3w3c0b,33,36,B,20,false
B,18,12,1,P2,0w3c1b,3w3c0b,33,36,B,21,false
B,18,13,0,P1,0w3c1b,3w3c0b,33,36,B,15,false
B,18,13,1,P2,0w3c1b,3w3c0b,33,36,B,19,false
B,18,14,0,P1,0w3c1b,3w3c0b,33,36,A,28,false
B,18,14,1,P2,0w3c1b,3w3c0b,33,36,B,19,false
B,18,15,0,P1,0w3c1b,3w3c0b,33,36,A,23,false
B,18,15,1,P2,0w3c1b,3w3c0b,33,36,A,20,false
B,18,16,0,P1,0w3c1b,3w3c0b,33,36,B,20,false
B,18,16,1,P2,0w3c1b,3w3c0b,33,36,B,21,false
B,18,17,0,P1,0w3c1b,3w3c0b,33,36,B,22,false
B,18,17,1,P2,0w3c1b,3w3c0b,33,36,B,23,false
B,18,18,0,P1,0w3c1b,3w3c0b,33,36,A,20,false
B,18,18,1,P2,0w3c1b,3w3c0b,33,36,A,22,false
B,18,19,0,P1,0w3c1b,3w3c0b,33,36,B,26,false
B,18,19,1,P2,0w3c1b,3w3c0b,33,36,B,19,false
B,18,20,0,P1,0w3c1b,3w3c0b,33,36,A,23,false
B,18,20,1,P2,0w3c1b,3w3c0b,33,36,B,17,false
B,19,1,0,P1,0w3c1b,4w0c1b,33,32,B,20,false
B,19,1,1,P2,0w3c1b,4w0c1b,33,32,B,21,false
B,19,2,0,P1,0w3c1b,4w0c1b,33,32,B,22,false
B,19,2,1,P2,0w3c1b,4w0c1b,33,32,B,31,false
B,19,3,0,P1,0w3c1b,4w0c1b,33,32,B,16,false
B,19,3,1,P2,0w3c1b,4w0c1b,33,32,A,23,false
B,19,4,0,P1,0w3c1b,4w0c1b,33,32,A,23,false
B,19,4,1,P2,0w3c1b,4w0c1b,33,32,B,29,false
B,19,5,0,P1,0w3c1b,4w0c1b,33,32,B,22,false
B,19,5,1,P2,0w3c1b,4w0c1b,33,32,B,37,false
B,19,6,0,P1,0w3c1b,4w0c1b,33,32,draw,100,true
B,19,6,1,P2,0w3c1b,4w0c1b,33,32,A,21,false
B,19,7,0,P1,0w3c1b,4w0c1b,33,32,B,26,false
B,19,7,1,P2,0w3c1b,4w0c1b,33,32,A,20,false
B,19,8,0,P1,0w3c1b,4w0c1b,33,32,B,38,false
B,19,8,1,P2,0w3c1b,4w0c1b,33,32,A,35,false
B,19,9,0,P1,0w3c1b,4w0c1b,33,32,B,22,false
B,19,9,1,P2,0w3c1b,4w0c1b,33,32,A,31,false
B,19,10,0,P1,0w3c1b,4w0c1b,33,32,A,32,false
B,19,10,1,P2,0w3c1b,4w0c1b,33,32,A,27,false
B,19,11,0,P1,0w3c1b,4w0c1b,33,32,B,22,false
B,19,11,1,P2,0w3c1b,4w0c1b,33,32,B,17,false
B,19,12,0,P1,0w3c1b,4w0c1b,33,32,B,18,false
B,19,12,1,P2,0w3c1b,4w0c1b,33,32,A,27,false
B,19,13,0,P1,0w3c1b,4w0c1b,33,32,A,24,false
B,19,13,1,P2,0w3c1b,4w0c1b,33,32,B,25,false
B,19,14,0,P1,0w3c1b,4w0c1b,33,32,A,21,false
B,19,14,1,P2,0w3c1b,4w0c1b,33,32,A,40,false
B,19,15,0,P1,0w3c1b,4w0c1b,33,32,A,22,false
B,19,15,1,P2,0w3c1b,4w0c1b,33,32,A,24,false
B,19,16,0,P1,0w3c1b,4w0c1b,33,32,B,20,false
B,19,16,1,P2,0w3c1b,4w0c1b,33,32,A,29,false
B,19,17,0,P1,0w3c1b,4w0c1b,33,32,A,27,false
B,19,17,1,P2,0w3c1b,4w0c1b,33,32,A,35,false
B,19,18,0,P1,0w3c1b,4w0c1b,33,32,A,21,false
B,19,18,1,P2,0w3c1b,4w0c1b,33,32,B,27,false
B,19,19,0,P1,0w3c1b,4w0c1b,33,32,A,23,false
B,19,19,1,P2,0w3c1b,4w0c1b,33,32,B,23,false
B,19,20,0,P1,0w3c1b,4w0c1b,33,32,A,19,false
B,19,20,1,P2,0w3c1b,4w0c1b,33,32,B,25,false
B,20,1,0,P1,0w3c1b,4w2c0b,33,34,B,20,false
B,20,1,1,P2,0w3c1b,4w2c0b,33,34,A,23,false
B,20,2,0,P1,0w3c1b,4w2c0b,33,34,B,22,false
B,20,2,1,P2,0w3c1b,4w2c0b,33,34,A,29,false
B,20,3,0,P1,0w3c1b,4w2c0b,33,34,A,17,false
B,20,3,1,P2,0w3c1b,4w2c0b,33,34,A,39,false
B,20,4,0,P1,0w3c1b,4w2c0b,33,34,A,28,false
B,20,4,1,P2,0w3c1b,4w2c0b,33,34,A,35,false
B,20,5,0,P1,0w3c1b,4w2c0b,33,34,B,24,false
B,20,5,1,P2,0w3c1b,4w2c0b,33,34,A,20,false
B,20,6,0,P1,0w3c1b,4w2c0b,33,34,B,16,false
B,20,6,1,P2,0w3c1b,4w2c0b,33,34,B,15,false
B,20,7,0,P1,0w3c1b,4w2c0b,33,34,B,20,false
B,20,7,1,P2,0w3c1b,4w2c0b,33,34,A,21,false
B,20,8,0,P1,0w3c1b,4w2c0b,33,34,A,23,false
B,20,8,1,P2,0w3c1b,4w2c0b,33,34,B,19,false
B,20,9,0,P1,0w3c1b,4w2c0b,33,34,B,18,false
B,20,9,1,P2,0w3c1b,4w2c0b,33,34,B,21,false
B,20,10,0,P1,0w3c1b,4w2c0b,33,34,B,22,false
B,20,10,1,P2,0w3c1b,4w2c0b,33,34,A,33,false
B,20,11,0,P1,0w3c1b,4w2c0b,33,34,A,32,false
B,20,11,1,P2,0w3c1b,4w2c0b,33,34,B,13,false
B,20,12,0,P1,0w3c1b,4w2c0b,33,34,B,18,false
B,20,12,1,P2,0w3c1b,4w2c0b,33,34,B,19,false
B,20,13,0,P1,0w3c1b,4w2c0b,33,34,A,22,false
B,20,13,1,P2,0w3c1b,4w2c0b,33,34,B,17,false
B,20,14,0,P1,0w3c1b,4w2c0b,33,34,A,27,false
B,20,14,1,P2,0w3c1b,4w2c0b,33,34,B,23,false
B,20,15,0,P1,0w3c1b,4w2c0b,33,34,A,27,false
B,20,15,1,P2,0w3c1b,4w2c0b,33,34,B,21,false
B,20,16,0,P1,0w3c1b,4w2c0b,33,34,B,24,false
B,20,16,1,P2,0w3c1b,4w2c0b,33,34,A,20,false
B,20,17,0,P1,0w3c1b,4w2c0b,33,34,B,24,false
B,20,17,1,P2,0w3c1b,4w2c0b,33,34,B,25,false
B,20,18,0,P1,0w3c1b,4w2c0b,33,34,A,22,false
B,20,18,1,P2,0w3c1b,4w2c0b,33,34,A,21,false
B,20,19,0,P1,0w3c1b,4w2c0b,33,34,B,26,false
B,20,19,1,P2,0w3c1b,4w2c0b,33,34,A,23,false
B,20,20,0,P1,0w3c1b,4w2c0b,33,34,A,19,false
B,20,20,1,P2,0w3c1b,4w2c0b,33,34,B,19,false
B,21,1,0,P1,0w3c1b,5w1c0b,33,32,B,20,false
B,21,1,1,P2,0w3c1b,5w1c0b,33,32,A,25,false
B,21,2,0,P1,0w3c1b,5w1c0b,33,32,B,22,false
B,21,2,1,P2,0w3c1b,5w1c0b,33,32,A,31,false
B,21,3,0,P1,0w3c1b,5w1c0b,33,32,A,17,false
B,21,3,1,P2,0w3c1b,5w1c0b,33,32,A,29,false
B,21,4,0,P1,0w3c1b,5w1c0b,33,32,A,22,false
B,21,4,1,P2,0w3c1b,5w1c0b,33,32,B,23,false
B,21,5,0,P1,0w3c1b,5w1c0b,33,32,A,23,false
B,21,5,1,P2,0w3c1b,5w1c0b,33,32,B,26,false
B,21,6,0,P1,0w3c1b,5w1c0b,33,32,B,16,false
B,21,6,1,P2,0w3c1b,5w1c0b,33,32,B,31,false
B,21,7,0,P1,0w3c1b,5w1c0b,33,32,B,24,false
B,21,7,1,P2,0w3c1b,5w1c0b,33,32,B,17,false
B,21,8,0,P1,0w3c1b,5w1c0b,33,32,A,27,false
B,21,8,1,P2,0w3c1b,5w1c0b,33,32,B,25,false
B,21,9,0,P1,0w3c1b,5w1c0b,33,32,A,23,false
B,21,9,1,P2,0w3c1b,5w1c0b,33,32,A,27,false
B,21,10,0,P1,0w3c1b,5w1c0b,33,32,B,26,false
B,21,10,1,P2,0w3c1b,5w1c0b,33,32,B,21,false
B,21,11,0,P1,0w3c1b,5w1c0b,33,32,A,26,false
B,21,11,1,P2,0w3c1b,5w1c0b,33,32,A,20,false
B,21,12,0,P1,0w3c1b,5w1c0b,33,32,B,18,false
B,21,12,1,P2,0w3c1b,5w1c0b,33,32,B,17,false
B,21,13,0,P1,0w3c1b,5w1c0b,33,32,A,26,false
B,21,13,1,P2,0w3c1b,5w1c0b,33,32,B,21,false
B,21,14,0,P1,0w3c1b,5w1c0b,33,32,A,33,false
B,21,14,1,P2,0w3c1b,5w1c0b,33,32,B,23,false
B,21,15,0,P1,0w3c1b,5w1c0b,33,32,B,18,false
B,21,15,1,P2,0w3c1b,5w1c0b,33,32,A,29,false
B,21,16,0,P1,0w3c1b,5w1c0b,33,32,B,24,false
B,21,16,1,P2,0w3c1b,5w1c0b,33,32,A,25,false
B,21,17,0,P1,0w3c1b,5w1c0b,33,32,B,24,false
B,21,17,1,P2,0w3c1b,5w1c0b,33,32,B,31,false
B,21,18,0,P1,0w3c1b,5w1c0b,33,32,A,18,false
B,21,18,1,P2,0w3c1b,5w1c0b,33,32,A,21,false
B,21,19,0,P1,0w3c1b,5w1c0b,33,32,B,22,false
B,21,19,1,P2,0w3c1b,5w1c0b,33,32,B,25,false
B,21,20,0,P1,0w3c1b,5w1c0b,33,32,A,19,false
B,21,20,1,P2,0w3c1b,5w1c0b,33,32,A,23,false
B,22,1,0,P1,0w3c1b,7w0c0b,33,35,A,17,false
B,22,1,1,P2,0w3c1b,7w0c0b,33,35,draw,100,true
B,22,2,0,P1,0w3c1b,7w0c0b,33,35,B,20,false
B,22,2,1,P2,0w3c1b,7w0c0b,33,35,B,19,false
B,22,3,0,P1,0w3c1b,7w0c0b,33,35,B,20,false
B,22,3,1,P2,0w3c1b,7w0c0b,33,35,B,23,false
B,22,4,0,P1,0w3c1b,7w0c0b,33,35,A,24,false
B,22,4,1,P2,0w3c1b,7w0c0b,33,35,B,25,false
B,22,5,0,P1,0w3c1b,7w0c0b,33,35,B,24,false
B,22,5,1,P2,0w3c1b,7w0c0b,33,35,B,23,false
B,22,6,0,P1,0w3c1b,7w0c0b,33,35,B,16,false
B,22,6,1,P2,0w3c1b,7w0c0b,33,35,B,17,false
B,22,7,0,P1,0w3c1b,7w0c0b,33,35,A,22,false
B,22,7,1,P2,0w3c1b,7w0c0b,33,35,B,15,false
B,22,8,0,P1,0w3c1b,7w0c0b,33,35,A,32,false
B,22,8,1,P2,0w3c1b,7w0c0b,33,35,B,21,false
B,22,9,0,P1,0w3c1b,7w0c0b,33,35,B,20,false
B,22,9,1,P2,0w3c1b,7w0c0b,33,35,B,23,false
B,22,10,0,P1,0w3c1b,7w0c0b,33,35,B,26,false
B,22,10,1,P2,0w3c1b,7w0c0b,33,35,A,23,false
B,22,11,0,P1,0w3c1b,7w0c0b,33,35,A,26,false
B,22,11,1,P2,0w3c1b,7w0c0b,33,35,B,21,false
B,22,12,0,P1,0w3c1b,7w0c0b,33,35,B,22,false
B,22,12,1,P2,0w3c1b,7w0c0b,33,35,B,19,false
B,22,13,0,P1,0w3c1b,7w0c0b,33,35,A,32,false
B,22,13,1,P2,0w3c1b,7w0c0b,33,35,draw,100,true
B,22,14,0,P1,0w3c1b,7w0c0b,33,35,A,32,false
B,22,14,1,P2,0w3c1b,7w0c0b,33,35,B,21,false
B,22,15,0,P1,0w3c1b,7w0c0b,33,35,A,26,false
B,22,15,1,P2,0w3c1b,7w0c0b,33,35,B,25,false
B,22,16,0,P1,0w3c1b,7w0c0b,33,35,B,24,false
B,22,16,1,P2,0w3c1b,7w0c0b,33,35,B,17,false
B,22,17,0,P1,0w3c1b,7w0c0b,33,35,B,26,false
B,22,17,1,P2,0w3c1b,7w0c0b,33,35,B,29,false
B,22,18,0,P1,0w3c1b,7w0c0b,33,35,B,17,false
B,22,18,1,P2,0w3c1b,7w0c0b,33,35,A,22,false
B,22,19,0,P1,0w3c1b,7w0c0b,33,35,B,24,false
B,22,19,1,P2,0w3c1b,7w0c0b,33,35,B,27,false
B,22,20,0,P1,0w3c1b,7w0c0b,33,35,A,28,false
B,22,20,1,P2,0w3c1b,7w0c0b,33,35,B,23,false
B,23,1,0,P1,0w5c0b,1w1c2b,35,36,B,19,false
B,23,1,1,P2,0w5c0b,1w1c2b,35,36,A,18,false
B,23,2,0,P1,0w5c0b,1w1c2b,35,36,A,15,false
B,23,2,1,P2,0w5c0b,1w1c2b,35,36,A,18,false
B,23,3,0,P1,0w5c0b,1w1c2b,35,36,B,16,false
B,23,3,1,P2,0w5c0b,1w1c2b,35,36,B,24,false
B,23,4,0,P1,0w5c0b,1w1c2b,35,36,A,27,false
B,23,4,1,P2,0w5c0b,1w1c2b,35,36,A,22,false
B,23,5,0,P1,0w5c0b,1w1c2b,35,36,A,19,false
B,23,5,1,P2,0w5c0b,1w1c2b,35,36,A,22,false
B,23,6,0,P1,0w5c0b,1w1c2b,35,36,B,19,false
B,23,6,1,P2,0w5c0b,1w1c2b,35,36,A,22,false
B,23,7,0,P1,0w5c0b,1w1c2b,35,36,A,17,false
B,23,7,1,P2,0w5c0b,1w1c2b,35,36,A,16,false
B,23,8,0,P1,0w5c0b,1w1c2b,35,36,A,19,false
B,23,8,1,P2,0w5c0b,1w1c2b,35,36,A,22,false
B,23,9,0,P1,0w5c0b,1w1c2b,35,36,A,17,false
B,23,9,1,P2,0w5c0b,1w1c2b,35,36,A,24,false
B,23,10,0,P1,0w5c0b,1w1c2b,35,36,A,21,false
B,23,10,1,P2,0w5c0b,1w1c2b,35,36,B,23,false
B,23,11,0,P1,0w5c0b,1w1c2b,35,36,A,15,false
B,23,11,1,P2,0w5c0b,1w1c2b,35,36,B,19,false
B,23,12,0,P1,0w5c0b,1w1c2b,35,36,A,21,false
B,23,12,1,P2,0w5c0b,1w1c2b,35,36,A,16,false
B,23,13,0,P1,0w5c0b,1w1c2b,35,36,A,33,false
B,23,13,1,P2,0w5c0b,1w1c2b,35,36,A,26,false
B,23,14,0,P1,0w5c0b,1w1c2b,35,36,A,19,false
B,23,14,1,P2,0w5c0b,1w1c2b,35,36,B,17,false
B,23,15,0,P1,0w5c0b,1w1c2b,35,36,A,17,false
B,23,15,1,P2,0w5c0b,1w1c2b,35,36,B,22,false
B,23,16,0,P1,0w5c0b,1w1c2b,35,36,A,17,false
B,23,16,1,P2,0w5c0b,1w1c2b,35,36,A,22,false
B,23,17,0,P1,0w5c0b,1w1c2b,35,36,A,25,false
B,23,17,1,P2,0w5c0b,1w1c2b,35,36,B,26,false
B,23,18,0,P1,0w5c0b,1w1c2b,35,36,B,22,false
B,23,18,1,P2,0w5c0b,1w1c2b,35,36,B,22,false
B,23,19,0,P1,0w5c0b,1w1c2b,35,36,A,28,false
B,23,19,1,P2,0w5c0b,1w1c2b,35,36,B,29,false
B,23,20,0,P1,0w5c0b,1w1c2b,35,36,A,21,false
B,23,20,1,P2,0w5c0b,1w1c2b,35,36,A,22,false
B,24,1,0,P1,0w5c0b,1w4c0b,35,33,A,19,false
B,24,1,1,P2,0w5c0b,1w4c0b,35,33,A,14,false
B,24,2,0,P1,0w5c0b,1w4c0b,35,33,B,20,false
B,24,2,1,P2,0w5c0b,1w4c0b,35,33,B,17,false
B,24,3,0,P1,0w5c0b,1w4c0b,35,33,B,18,false
B,24,3,1,P2,0w5c0b,1w4c0b,35,33,B,23,false
B,24,4,0,P1,0w5c0b,1w4c0b,35,33,A,28,false
B,24,4,1,P2,0w5c0b,1w4c0b,35,33,A,26,false
B,24,5,0,P1,0w5c0b,1w4c0b,35,33,A,17,false
B,24,5,1,P2,0w5c0b,1w4c0b,35,33,A,18,false
B,24,6,0,P1,0w5c0b,1w4c0b,35,33,A,18,false
B,24,6,1,P2,0w5c0b,1w4c0b,35,33,B,13,false
B,24,7,0,P1,0w5c0b,1w4c0b,35,33,B,14,false
B,24,7,1,P2,0w5c0b,1w4c0b,35,33,A,18,false
B,24,8,0,P1,0w5c0b,1w4c0b,35,33,A,19,false
B,24,8,1,P2,0w5c0b,1w4c0b,35,33,A,23,false
B,24,9,0,P1,0w5c0b,1w4c0b,35,33,B,16,false
B,24,9,1,P2,0w5c0b,1w4c0b,35,33,B,23,false
B,24,10,0,P1,0w5c0b,1w4c0b,35,33,A,13,false
B,24,10,1,P2,0w5c0b,1w4c0b,35,33,B,15,false
B,24,11,0,P1,0w5c0b,1w4c0b,35,33,A,15,false
B,24,11,1,P2,0w5c0b,1w4c0b,35,33,B,18,false
B,24,12,0,P1,0w5c0b,1w4c0b,35,33,B,18,false
B,24,12,1,P2,0w5c0b,1w4c0b,35,33,A,16,false
B,24,13,0,P1,0w5c0b,1w4c0b,35,33,A,19,false
B,24,13,1,P2,0w5c0b,1w4c0b,35,33,A,20,false
B,24,14,0,P1,0w5c0b,1w4c0b,35,33,B,14,false
B,24,14,1,P2,0w5c0b,1w4c0b,35,33,A,18,false
B,24,15,0,P1,0w5c0b,1w4c0b,35,33,B,18,false
B,24,15,1,P2,0w5c0b,1w4c0b,35,33,A,27,false
B,24,16,0,P1,0w5c0b,1w4c0b,35,33,A,19,false
B,24,16,1,P2,0w5c0b,1w4c0b,35,33,A,24,false
B,24,17,0,P1,0w5c0b,1w4c0b,35,33,A,32,false
B,24,17,1,P2,0w5c0b,1w4c0b,35,33,B,26,false
B,24,18,0,P1,0w5c0b,1w4c0b,35,33,B,14,false
B,24,18,1,P2,0w5c0b,1w4c0b,35,33,A,18,false
B,24,19,0,P1,0w5c0b,1w4c0b,35,33,A,19,false
B,24,19,1,P2,0w5c0b,1w4c0b,35,33,A,16,false
B,24,20,0,P1,0w5c0b,1w4c0b,35,33,A,19,false
B,24,20,1,P2,0w5c0b,1w4c0b,35,33,A,20,false
B,25,1,0,P1,0w5c0b,2w0c2b,35,34,A,20,false
B,25,1,1,P2,0w5c0b,2w0c2b,35,34,B,25,false
B,25,2,0,P1,0w5c0b,2w0c2b,35,34,A,19,false
B,25,2,1,P2,0w5c0b,2w0c2b,35,34,A,22,false
B,25,3,0,P1,0w5c0b,2w0c2b,35,34,A,13,false
B,25,3,1,P2,0w5c0b,2w0c2b,35,34,A,18,false
B,25,4,0,P1,0w5c0b,2w0c2b,35,34,A,27,false
B,25,4,1,P2,0w5c0b,2w0c2b,35,34,A,22,false
B,25,5,0,P1,0w5c0b,2w0c2b,35,34,B,28,false
B,25,5,1,P2,0w5c0b,2w0c2b,35,34,A,24,false
B,25,6,0,P1,0w5c0b,2w0c2b,35,34,A,17,false
B,25,6,1,P2,0w5c0b,2w0c2b,35,34,A,20,false
B,25,7,0,P1,0w5c0b,2w0c2b,35,34,A,23,false
B,25,7,1,P2,0w5c0b,2w0c2b,35,34,A,16,false
B,25,8,0,P1,0w5c0b,2w0c2b,35,34,A,19,false
B,25,8,1,P2,0w5c0b,2w0c2b,35,34,B,25,false
B,25,9,0,P1,0w5c0b,2w0c2b,35,34,A,21,false
B,25,9,1,P2,0w5c0b,2w0c2b,35,34,A,20,false
B,25,10,0,P1,0w5c0b,2w0c2b,35,34,A,21,false
B,25,10,1,P2,0w5c0b,2w0c2b,35,34,B,18,false
B,25,11,0,P1,0w5c0b,2w0c2b,35,34,A,17,false
B,25,11,1,P2,0w5c0b,2w0c2b,35,34,A,18,false
B,25,12,0,P1,0w5c0b,2w0c2b,35,34,A,21,false
B,25,12,1,P2,0w5c0b,2w0c2b,35,34,A,20,false
B,25,13,0,P1,0w5c0b,2w0c2b,35,34,A,22,false
B,25,13,1,P2,0w5c0b,2w0c2b,35,34,A,18,false
B,25,14,0,P1,0w5c0b,2w0c2b,35,34,A,19,false
B,25,14,1,P2,0w5c0b,2w0c2b,35,34,A,20,false
B,25,15,0,P1,0w5c0b,2w0c2b,35,34,A,23,false
B,25,15,1,P2,0w5c0b,2w0c2b,35,34,A,22,false
B,25,16,0,P1,0w5c0b,2w0c2b,35,34,A,17,false
B,25,16,1,P2,0w5c0b,2w0c2b,35,34,B,21,false
B,25,17,0,P1,0w5c0b,2w0c2b,35,34,B,26,false
B,25,17,1,P2,0w5c0b,2w0c2b,35,34,B,25,false
B,25,18,0,P1,0w5c0b,2w0c2b,35,34,A,28,false
B,25,18,1,P2,0w5c0b,2w0c2b,35,34,A,18,false
B,25,19,0,P1,0w5c0b,2w0c2b,35,34,A,23,false
B,25,19,1,P2,0w5c0b,2w0c2b,35,34,A,20,false
B,25,20,0,P1,0w5c0b,2w0c2b,35,34,A,21,false
B,25,20,1,P2,0w5c0b,2w0c2b,35,34,A,24,false
B,26,1,0,P1,0w5c0b,2w2c1b,35,36,A,27,false
B,26,1,1,P2,0w5c0b,2w2c1b,35,36,A,22,false
B,26,2,0,P1,0w5c0b,2w2c1b,35,36,A,28,false
B,26,2,1,P2,0w5c0b,2w2c1b,35,36,A,22,false
B,26,3,0,P1,0w5c0b,2w2c1b,35,36,A,18,false
B,26,3,1,P2,0w5c0b,2w2c1b,35,36,B,21,false
B,26,4,0,P1,0w5c0b,2w2c1b,35,36,A,21,false
B,26,4,1,P2,0w5c0b,2w2c1b,35,36,B,20,false
B,26,5,0,P1,0w5c0b,2w2c1b,35,36,A,30,false
B,26,5,1,P2,0w5c0b,2w2c1b,35,36,A,24,false
B,26,6,0,P1,0w5c0b,2w2c1b,35,36,B,14,false
B,26,6,1,P2,0w5c0b,2w2c1b,35,36,B,13,false
B,26,7,0,P1,0w5c0b,2w2c1b,35,36,A,17,false
B,26,7,1,P2,0w5c0b,2w2c1b,35,36,B,17,false
B,26,8,0,P1,0w5c0b,2w2c1b,35,36,B,31,false
B,26,8,1,P2,0w5c0b,2w2c1b,35,36,B,27,false
B,26,9,0,P1,0w5c0b,2w2c1b,35,36,A,17,false
B,26,9,1,P2,0w5c0b,2w2c1b,35,36,A,18,false
B,26,10,0,P1,0w5c0b,2w2c1b,35,36,A,19,false
B,26,10,1,P2,0w5c0b,2w2c1b,35,36,A,34,false
B,26,11,0,P1,0w5c0b,2w2c1b,35,36,B,16,false
B,26,11,1,P2,0w5c0b,2w2c1b,35,36,B,21,false
B,26,12,0,P1,0w5c0b,2w2c1b,35,36,A,21,false
B,26,12,1,P2,0w5c0b,2w2c1b,35,36,A,16,false
B,26,13,0,P1,0w5c0b,2w2c1b,35,36,A,32,false
B,26,13,1,P2,0w5c0b,2w2c1b,35,36,A,14,false
B,26,14,0,P1,0w5c0b,2w2c1b,35,36,A,19,false
B,26,14,1,P2,0w5c0b,2w2c1b,35,36,A,26,false
B,26,15,0,P1,0w5c0b,2w2c1b,35,36,A,19,false
B,26,15,1,P2,0w5c0b,2w2c1b,35,36,B,21,false
B,26,16,0,P1,0w5c0b,2w2c1b,35,36,A,17,false
B,26,16,1,P2,0w5c0b,2w2c1b,35,36,B,19,false
B,26,17,0,P1,0w5c0b,2w2c1b,35,36,A,33,false
B,26,17,1,P2,0w5c0b,2w2c1b,35,36,B,21,false
B,26,18,0,P1,0w5c0b,2w2c1b,35,36,B,16,false
B,26,18,1,P2,0w5c0b,2w2c1b,35,36,B,21,false
B,26,19,0,P1,0w5c0b,2w2c1b,35,36,A,17,false
B,26,19,1,P2,0w5c0b,2w2c1b,35,36,A,18,false
B,26,20,0,P1,0w5c0b,2w2c1b,35,36,A,31,false
B,26,20,1,P2,0w5c0b,2w2c1b,35,36,A,18,false
B,27,1,0,P1,0w5c0b,3w1c1b,35,34,A,19,false
B,27,1,1,P2,0w5c0b,3w1c1b,35,34,B,27,false
B,27,2,0,P1,0w5c0b,3w1c1b,35,34,A,19,false
B,27,2,1,P2,0w5c0b,3w1c1b,35,34,A,22,false
B,27,3,0,P1,0w5c0b,3w1c1b,35,34,A,21,false
B,27,3,1,P2,0w5c0b,3w1c1b,35,34,A,14,false
B,27,4,0,P1,0w5c0b,3w1c1b,35,34,A,21,false
B,27,4,1,P2,0w5c0b,3w1c1b,35,34,A,22,false
B,27,5,0,P1,0w5c0b,3w1c1b,35,34,A,19,false
B,27,5,1,P2,0w5c0b,3w1c1b,35,34,B,22,false
B,27,6,0,P1,0w5c0b,3w1c1b,35,34,B,22,false
B,27,6,1,P2,0w5c0b,3w1c1b,35,34,A,16,false
B,27,7,0,P1,0w5c0b,3w1c1b,35,34,A,17,false
B,27,7,1,P2,0w5c0b,3w1c1b,35,34,B,15,false
B,27,8,0,P1,0w5c0b,3w1c1b,35,34,A,19,false
B,27,8,1,P2,0w5c0b,3w1c1b,35,34,A,20,false
B,27,9,0,P1,0w5c0b,3w1c1b,35,34,A,21,false
B,27,9,1,P2,0w5c0b,3w1c1b,35,34,A,28,false
B,27,10,0,P1,0w5c0b,3w1c1b,35,34,A,13,false
B,27,10,1,P2,0w5c0b,3w1c1b,35,34,B,22,false
B,27,11,0,P1,0w5c0b,3w1c1b,35,34,A,31,false
B,27,11,1,P2,0w5c0b,3w1c1b,35,34,B,17,false
B,27,12,0,P1,0w5c0b,3w1c1b,35,34,A,21,false
B,27,12,1,P2,0w5c0b,3w1c1b,35,34,B,24,false
B,27,13,0,P1,0w5c0b,3w1c1b,35,34,A,36,false
B,27,13,1,P2,0w5c0b,3w1c1b,35,34,A,14,false
B,27,14,0,P1,0w5c0b,3w1c1b,35,34,A,27,false
B,27,14,1,P2,0w5c0b,3w1c1b,35,34,B,25,false
B,27,15,0,P1,0w5c0b,3w1c1b,35,34,A,17,false
B,27,15,1,P2,0w5c0b,3w1c1b,35,34,A,20,false
B,27,16,0,P1,0w5c0b,3w1c1b,35,34,A,25,false
B,27,16,1,P2,0w5c0b,3w1c1b,35,34,B,23,false
B,27,17,0,P1,0w5c0b,3w1c1b,35,34,A,23,false
B,27,17,1,P2,0w5c0b,3w1c1b,35,34,A,20,false
B,27,18,0,P1,0w5c0b,3w1c1b,35,34,B,28,false
B,27,18,1,P2,0w5c0b,3w1c1b,35,34,A,20,false
B,27,19,0,P1,0w5c0b,3w1c1b,35,34,A,25,false
B,27,19,1,P2,0w5c0b,3w1c1b,35,34,B,26,false
B,27,20,0,P1,0w5c0b,3w1c1b,35,34,B,24,false
B,27,20,1,P2,0w5c0b,3w1c1b,35,34,A,18,false
B,28,1,0,P1,0w5c0b,3w3c0b,35,36,B,18,false
B,28,1,1,P2,0w5c0b,3w3c0b,35,36,B,27,false
B,28,2,0,P1,0w5c0b,3w3c0b,35,36,A,17,false
B,28,2,1,P2,0w5c0b,3w3c0b,35,36,A,16,false
B,28,3,0,P1,0w5c0b,3w3c0b,35,36,B,20,false
B,28,3,1,P2,0w5c0b,3w3c0b,35,36,A,20,false
B,28,4,0,P1,0w5c0b,3w3c0b,35,36,B,24,false
B,28,4,1,P2,0w5c0b,3w3c0b,35,36,A,26,false
B,28,5,0,P1,0w5c0b,3w3c0b,35,36,A,17,false
B,28,5,1,P2,0w5c0b,3w3c0b,35,36,A,24,false
B,28,6,0,P1,0w5c0b,3w3c0b,35,36,B,20,false
B,28,6,1,P2,0w5c0b,3w3c0b,35,36,A,16,false
B,28,7,0,P1,0w5c0b,3w3c0b,35,36,B,20,false
B,28,7,1,P2,0w5c0b,3w3c0b,35,36,B,19,false
B,28,8,0,P1,0w5c0b,3w3c0b,35,36,A,43,false
B,28,8,1,P2,0w5c0b,3w3c0b,35,36,B,19,false
B,28,9,0,P1,0w5c0b,3w3c0b,35,36,B,15,false
B,28,9,1,P2,0w5c0b,3w3c0b,35,36,A,28,false
B,28,10,0,P1,0w5c0b,3w3c0b,35,36,B,18,false
B,28,10,1,P2,0w5c0b,3w3c0b,35,36,A,18,false
B,28,11,0,P1,0w5c0b,3w3c0b,35,36,A,18,false
B,28,11,1,P2,0w5c0b,3w3c0b,35,36,B,13,false
B,28,12,0,P1,0w5c0b,3w3c0b,35,36,A,17,false
B,28,12,1,P2,0w5c0b,3w3c0b,35,36,A,19,false
B,28,13,0,P1,0w5c0b,3w3c0b,35,36,A,17,false
B,28,13,1,P2,0w5c0b,3w3c0b,35,36,A,16,false
B,28,14,0,P1,0w5c0b,3w3c0b,35,36,B,18,false
B,28,14,1,P2,0w5c0b,3w3c0b,35,36,B,25,false
B,28,15,0,P1,0w5c0b,3w3c0b,35,36,B,16,false
B,28,15,1,P2,0w5c0b,3w3c0b,35,36,A,16,false
B,28,16,0,P1,0w5c0b,3w3c0b,35,36,A,15,false
B,28,16,1,P2,0w5c0b,3w3c0b,35,36,B,19,false
B,28,17,0,P1,0w5c0b,3w3c0b,35,36,A,18,false
B,28,17,1,P2,0w5c0b,3w3c0b,35,36,A,22,false
B,28,18,0,P1,0w5c0b,3w3c0b,35,36,A,17,false
B,28,18,1,P2,0w5c0b,3w3c0b,35,36,A,23,false
B,28,19,0,P1,0w5c0b,3w3c0b,35,36,B,20,false
B,28,19,1,P2,0w5c0b,3w3c0b,35,36,A,18,false
B,28,20,0,P1,0w5c0b,3w3c0b,35,36,A,22,false
B,28,20,1,P2,0w5c0b,3w3c0b,35,36,B,22,false
B,29,1,0,P1,0w5c0b,4w0c1b,35,32,A,25,false
B,29,1,1,P2,0w5c0b,4w0c1b,35,32,A,38,false
B,29,2,0,P1,0w5c0b,4w0c1b,35,32,A,19,false
B,29,2,1,P2,0w5c0b,4w0c1b,35,32,B,22,false
B,29,3,0,P1,0w5c0b,4w0c1b,35,32,A,19,false
B,29,3,1,P2,0w5c0b,4w0c1b,35,32,B,26,false
B,29,4,0,P1,0w5c0b,4w0c1b,35,32,A,21,false
B,29,4,1,P2,0w5c0b,4w0c1b,35,32,B,25,false
B,29,5,0,P1,0w5c0b,4w0c1b,35,32,A,19,false
B,29,5,1,P2,0w5c0b,4w0c1b,35,32,B,23,false
B,29,6,0,P1,0w5c0b,4w0c1b,35,32,A,19,false
B,29,6,1,P2,0w5c0b,4w0c1b,35,32,A,20,false
B,29,7,0,P1,0w5c0b,4w0c1b,35,32,A,24,false
B,29,7,1,P2,0w5c0b,4w0c1b,35,32,A,26,false
B,29,8,0,P1,0w5c0b,4w0c1b,35,32,A,27,false
B,29,8,1,P2,0w5c0b,4w0c1b,35,32,A,27,false
B,29,9,0,P1,0w5c0b,4w0c1b,35,32,A,21,false
B,29,9,1,P2,0w5c0b,4w0c1b,35,32,A,26,false
B,29,10,0,P1,0w5c0b,4w0c1b,35,32,A,31,false
B,29,10,1,P2,0w5c0b,4w0c1b,35,32,B,19,false
B,29,11,0,P1,0w5c0b,4w0c1b,35,32,A,21,false
B,29,11,1,P2,0w5c0b,4w0c1b,35,32,B,19,false
B,29,12,0,P1,0w5c0b,4w0c1b,35,32,A,25,false
B,29,12,1,P2,0w5c0b,4w0c1b,35,32,A,22,false
B,29,13,0,P1,0w5c0b,4w0c1b,35,32,A,19,false
B,29,13,1,P2,0w5c0b,4w0c1b,35,32,A,22,false
B,29,14,0,P1,0w5c0b,4w0c1b,35,32,A,23,false
B,29,14,1,P2,0w5c0b,4w0c1b,35,32,A,20,false
B,29,15,0,P1,0w5c0b,4w0c1b,35,32,A,25,false
B,29,15,1,P2,0w5c0b,4w0c1b,35,32,A,18,false
B,29,16,0,P1,0w5c0b,4w0c1b,35,32,B,16,false
B,29,16,1,P2,0w5c0b,4w0c1b,35,32,B,22,false
B,29,17,0,P1,0w5c0b,4w0c1b,35,32,A,25,false
B,29,17,1,P2,0w5c0b,4w0c1b,35,32,A,22,false
B,29,18,0,P1,0w5c0b,4w0c1b,35,32,B,18,false
B,29,18,1,P2,0w5c0b,4w0c1b,35,32,A,24,false
B,29,19,0,P1,0w5c0b,4w0c1b,35,32,B,23,false
B,29,19,1,P2,0w5c0b,4w0c1b,35,32,B,20,false
B,29,20,0,P1,0w5c0b,4w0c1b,35,32,A,37,false
B,29,20,1,P2,0w5c0b,4w0c1b,35,32,B,22,false
B,30,1,0,P1,0w5c0b,4w2c0b,35,34,A,23,false
B,30,1,1,P2,0w5c0b,4w2c0b,35,34,A,20,false
B,30,2,0,P1,0w5c0b,4w2c0b,35,34,A,19,false
B,30,2,1,P2,0w5c0b,4w2c0b,35,34,A,24,false
B,30,3,0,P1,0w5c0b,4w2c0b,35,34,A,31,false
B,30,3,1,P2,0w5c0b,4w2c0b,35,34,B,21,false
B,30,4,0,P1,0w5c0b,4w2c0b,35,34,B,22,false
B,30,4,1,P2,0w5c0b,4w2c0b,35,34,A,31,false
B,30,5,0,P1,0w5c0b,4w2c0b,35,34,A,22,false
B,30,5,1,P2,0w5c0b,4w2c0b,35,34,A,18,false
B,30,6,0,P1,0w5c0b,4w2c0b,35,34,B,18,false
B,30,6,1,P2,0w5c0b,4w2c0b,35,34,A,26,false
B,30,7,0,P1,0w5c0b,4w2c0b,35,34,B,16,false
B,30,7,1,P2,0w5c0b,4w2c0b,35,34,A,20,false
B,30,8,0,P1,0w5c0b,4w2c0b,35,34,A,17,false
B,30,8,1,P2,0w5c0b,4w2c0b,35,34,B,19,false
B,30,9,0,P1,0w5c0b,4w2c0b,35,34,B,24,false
B,30,9,1,P2,0w5c0b,4w2c0b,35,34,B,19,false
B,30,10,0,P1,0w5c0b,4w2c0b,35,34,A,15,false
B,30,10,1,P2,0w5c0b,4w2c0b,35,34,A,18,false
B,30,11,0,P1,0w5c0b,4w2c0b,35,34,B,22,false
B,30,11,1,P2,0w5c0b,4w2c0b,35,34,B,15,false
B,30,12,0,P1,0w5c0b,4w2c0b,35,34,A,22,false
B,30,12,1,P2,0w5c0b,4w2c0b,35,34,A,20,false
B,30,13,0,P1,0w5c0b,4w2c0b,35,34,B,18,false
B,30,13,1,P2,0w5c0b,4w2c0b,35,34,B,23,false
B,30,14,0,P1,0w5c0b,4w2c0b,35,34,B,18,false
B,30,14,1,P2,0w5c0b,4w2c0b,35,34,A,20,false
B,30,15,0,P1,0w5c0b,4w2c0b,35,34,A,15,false
B,30,15,1,P2,0w5c0b,4w2c0b,35,34,A,28,false
B,30,16,0,P1,0w5c0b,4w2c0b,35,34,A,15,false
B,30,16,1,P2,0w5c0b,4w2c0b,35,34,B,15,false
B,30,17,0,P1,0w5c0b,4w2c0b,35,34,A,21,false
B,30,17,1,P2,0w5c0b,4w2c0b,35,34,B,21,false
B,30,18,0,P1,0w5c0b,4w2c0b,35,34,A,23,false
B,30,18,1,P2,0w5c0b,4w2c0b,35,34,A,18,false
B,30,19,0,P1,0w5c0b,4w2c0b,35,34,B,20,false
B,30,19,1,P2,0w5c0b,4w2c0b,35,34,A,24,false
B,30,20,0,P1,0w5c0b,4w2c0b,35,34,B,24,false
B,30,20,1,P2,0w5c0b,4w2c0b,35,34,B,17,false
B,31,1,0,P1,0w5c0b,5w1c0b,35,32,A,21,false
B,31,1,1,P2,0w5c0b,5w1c0b,35,32,B,17,false
B,31,2,0,P1,0w5c0b,5w1c0b,35,32,A,15,false
B,31,2,1,P2,0w5c0b,5w1c0b,35,32,A,26,false
B,31,3,0,P1,0w5c0b,5w1c0b,35,32,B,18,false
B,31,3,1,P2,0w5c0b,5w1c0b,35,32,B,25,false
B,31,4,0,P1,0w5c0b,5w1c0b,35,32,B,20,false
B,31,4,1,P2,0w5c0b,5w1c0b,35,32,A,26,false
B,31,5,0,P1,0w5c0b,5w1c0b,35,32,A,21,false
B,31,5,1,P2,0w5c0b,5w1c0b,35,32,A,18,false
B,31,6,0,P1,0w5c0b,5w1c0b,35,32,A,14,false
B,31,6,1,P2,0w5c0b,5w1c0b,35,32,B,21,false
B,31,7,0,P1,0w5c0b,5w1c0b,35,32,A,17,false
B,31,7,1,P2,0w5c0b,5w1c0b,35,32,A,22,false
B,31,8,0,P1,0w5c0b,5w1c0b,35,32,A,21,false
B,31,8,1,P2,0w5c0b,5w1c0b,35,32,B,21,false
B,31,9,0,P1,0w5c0b,5w1c0b,35,32,A,21,false
B,31,9,1,P2,0w5c0b,5w1c0b,35,32,A,24,false
B,31,10,0,P1,0w5c0b,5w1c0b,35,32,B,18,false
B,31,10,1,P2,0w5c0b,5w1c0b,35,32,A,22,false
B,31,11,0,P1,0w5c0b,5w1c0b,35,32,A,18,false
B,31,11,1,P2,0w5c0b,5w1c0b,35,32,A,29,false
B,31,12,0,P1,0w5c0b,5w1c0b,35,32,A,22,false
B,31,12,1,P2,0w5c0b,5w1c0b,35,32,B,19,false
B,31,13,0,P1,0w5c0b,5w1c0b,35,32,B,22,false
B,31,13,1,P2,0w5c0b,5w1c0b,35,32,B,15,false
B,31,14,0,P1,0w5c0b,5w1c0b,35,32,B,26,false
B,31,14,1,P2,0w5c0b,5w1c0b,35,32,A,19,false
B,31,15,0,P1,0w5c0b,5w1c0b,35,32,A,27,false
B,31,15,1,P2,0w5c0b,5w1c0b,35,32,A,22,false
B,31,16,0,P1,0w5c0b,5w1c0b,35,32,A,15,false
B,31,16,1,P2,0w5c0b,5w1c0b,35,32,B,15,false
B,31,17,0,P1,0w5c0b,5w1c0b,35,32,B,26,false
B,31,17,1,P2,0w5c0b,5w1c0b,35,32,A,26,false
B,31,18,0,P1,0w5c0b,5w1c0b,35,32,A,19,false
B,31,18,1,P2,0w5c0b,5w1c0b,35,32,A,20,false
B,31,19,0,P1,0w5c0b,5w1c0b,35,32,B,20,false
B,31,19,1,P2,0w5c0b,5w1c0b,35,32,A,27,false
B,31,20,0,P1,0w5c0b,5w1c0b,35,32,A,21,false
B,31,20,1,P2,0w5c0b,5w1c0b,35,32,B,18,false
B,32,1,0,P1,0w5c0b,7w0c0b,35,35,A,21,false
B,32,1,1,P2,0w5c0b,7w0c0b,35,35,B,25,false
B,32,2,0,P1,0w5c0b,7w0c0b,35,35,A,27,false
B,32,2,1,P2,0w5c0b,7w0c0b,35,35,B,17,false
B,32,3,0,P1,0w5c0b,7w0c0b,35,35,B,18,false
B,32,3,1,P2,0w5c0b,7w0c0b,35,35,A,26,false
B,32,4,0,P1,0w5c0b,7w0c0b,35,35,B,20,false
B,32,4,1,P2,0w5c0b,7w0c0b,35,35,A,20,false
B,32,5,0,P1,0w5c0b,7w0c0b,35,35,B,24,false
B,32,5,1,P2,0w5c0b,7w0c0b,35,35,A,30,false
B,32,6,0,P1,0w5c0b,7w0c0b,35,35,A,19,false
B,32,6,1,P2,0w5c0b,7w0c0b,35,35,B,17,false
B,32,7,0,P1,0w5c0b,7w0c0b,35,35,A,16,false
B,32,7,1,P2,0w5c0b,7w0c0b,35,35,A,16,false
B,32,8,0,P1,0w5c0b,7w0c0b,35,35,A,27,false
B,32,8,1,P2,0w5c0b,7w0c0b,35,35,A,17,false
B,32,9,0,P1,0w5c0b,7w0c0b,35,35,A,19,false
B,32,9,1,P2,0w5c0b,7w0c0b,35,35,B,17,false
B,32,10,0,P1,0w5c0b,7w0c0b,35,35,B,19,false
B,32,10,1,P2,0w5c0b,7w0c0b,35,35,A,20,false
B,32,11,0,P1,0w5c0b,7w0c0b,35,35,A,39,false
B,32,11,1,P2,0w5c0b,7w0c0b,35,35,B,15,false
B,32,12,0,P1,0w5c0b,7w0c0b,35,35,B,16,false
B,32,12,1,P2,0w5c0b,7w0c0b,35,35,B,17,false
B,32,13,0,P1,0w5c0b,7w0c0b,35,35,B,18,false
B,32,13,1,P2,0w5c0b,7w0c0b,35,35,B,17,false
B,32,14,0,P1,0w5c0b,7w0c0b,35,35,A,28,false
B,32,14,1,P2,0w5c0b,7w0c0b,35,35,A,21,false
B,32,15,0,P1,0w5c0b,7w0c0b,35,35,B,16,false
B,32,15,1,P2,0w5c0b,7w0c0b,35,35,B,19,false
B,32,16,0,P1,0w5c0b,7w0c0b,35,35,B,14,false
B,32,16,1,P2,0w5c0b,7w0c0b,35,35,B,21,false
B,32,17,0,P1,0w5c0b,7w0c0b,35,35,B,20,false
B,32,17,1,P2,0w5c0b,7w0c0b,35,35,B,23,false
B,32,18,0,P1,0w5c0b,7w0c0b,35,35,B,16,false
B,32,18,1,P2,0w5c0b,7w0c0b,35,35,A,23,false
B,32,19,0,P1,0w5c0b,7w0c0b,35,35,A,21,false
B,32,19,1,P2,0w5c0b,7w0c0b,35,35,B,22,false
B,32,20,0,P1,0w5c0b,7w0c0b,35,35,A,32,false
B,32,20,1,P2,0w5c0b,7w0c0b,35,35,A,18,false
B,33,1,0,P1,1w1c2b,1w4c0b,36,33,B,18,false
B,33,1,1,P2,1w1c2b,1w4c0b,36,33,B,17,false
B,33,2,0,P1,1w1c2b,1w4c0b,36,33,B,24,false
B,33,2,1,P2,1w1c2b,1w4c0b,36,33,A,20,false
B,33,3,0,P1,1w1c2b,1w4c0b,36,33,B,18,false
B,33,3,1,P2,1w1c2b,1w4c0b,36,33,A,21,false
B,33,4,0,P1,1w1c2b,1w4c0b,36,33,B,18,false
B,33,4,1,P2,1w1c2b,1w4c0b,36,33,B,21,false
B,33,5,0,P1,1w1c2b,1w4c0b,36,33,B,22,false
B,33,5,1,P2,1w1c2b,1w4c0b,36,33,B,23,false
B,33,6,0,P1,1w1c2b,1w4c0b,36,33,B,18,false
B,33,6,1,P2,1w1c2b,1w4c0b,36,33,B,17,false
B,33,7,0,P1,1w1c2b,1w4c0b,36,33,A,20,false
B,33,7,1,P2,1w1c2b,1w4c0b,36,33,A,21,false
B,33,8,0,P1,1w1c2b,1w4c0b,36,33,A,28,false
B,33,8,1,P2,1w1c2b,1w4c0b,36,33,B,19,false
B,33,9,0,P1,1w1c2b,1w4c0b,36,33,B,34,false
B,33,9,1,P2,1w1c2b,1w4c0b,36,33,B,23,false
B,33,10,0,P1,1w1c2b,1w4c0b,36,33,A,19,false
B,33,10,1,P2,1w1c2b,1w4c0b,36,33,B,23,false
B,33,11,0,P1,1w1c2b,1w4c0b,36,33,A,20,false
B,33,11,1,P2,1w1c2b,1w4c0b,36,33,B,19,false
B,33,12,0,P1,1w1c2b,1w4c0b,36,33,B,22,false
B,33,12,1,P2,1w1c2b,1w4c0b,36,33,A,21,false
B,33,13,0,P1,1w1c2b,1w4c0b,36,33,A,26,false
B,33,13,1,P2,1w1c2b,1w4c0b,36,33,B,23,false
B,33,14,0,P1,1w1c2b,1w4c0b,36,33,A,22,false
B,33,14,1,P2,1w1c2b,1w4c0b,36,33,B,21,false
B,33,15,0,P1,1w1c2b,1w4c0b,36,33,B,22,false
B,33,15,1,P2,1w1c2b,1w4c0b,36,33,A,17,false
B,33,16,0,P1,1w1c2b,1w4c0b,36,33,A,17,false
B,33,16,1,P2,1w1c2b,1w4c0b,36,33,A,25,false
B,33,17,0,P1,1w1c2b,1w4c0b,36,33,A,26,false
B,33,17,1,P2,1w1c2b,1w4c0b,36,33,B,32,false
B,33,18,0,P1,1w1c2b,1w4c0b,36,33,B,16,false
B,33,18,1,P2,1w1c2b,1w4c0b,36,33,B,15,false
B,33,19,0,P1,1w1c2b,1w4c0b,36,33,B,18,false
B,33,19,1,P2,1w1c2b,1w4c0b,36,33,A,27,false
B,33,20,0,P1,1w1c2b,1w4c0b,36,33,A,24,false
B,33,20,1,P2,1w1c2b,1w4c0b,36,33,B,21,false
B,34,1,0,P1,1w1c2b,2w0c2b,36,34,A,25,false
B,34,1,1,P2,1w1c2b,2w0c2b,36,34,A,32,false
B,34,2,0,P1,1w1c2b,2w0c2b,36,34,B,28,false
B,34,2,1,P2,1w1c2b,2w0c2b,36,34,B,31,false
B,34,3,0,P1,1w1c2b,2w0c2b,36,34,A,37,false
B,34,3,1,P2,1w1c2b,2w0c2b,36,34,B,20,false
B,34,4,0,P1,1w1c2b,2w0c2b,36,34,A,27,false
B,34,4,1,P2,1w1c2b,2w0c2b,36,34,B,33,false
B,34,5,0,P1,1w1c2b,2w0c2b,36,34,B,30,false
B,34,5,1,P2,1w1c2b,2w0c2b,36,34,A,31,false
B,34,6,0,P1,1w1c2b,2w0c2b,36,34,B,24,false
B,34,6,1,P2,1w1c2b,2w0c2b,36,34,B,22,false
B,34,7,0,P1,1w1c2b,2w0c2b,36,34,B,26,false
B,34,7,1,P2,1w1c2b,2w0c2b,36,34,A,24,false
B,34,8,0,P1,1w1c2b,2w0c2b,36,34,B,30,false
B,34,8,1,P2,1w1c2b,2w0c2b,36,34,B,25,false
B,34,9,0,P1,1w1c2b,2w0c2b,36,34,A,27,false
B,34,9,1,P2,1w1c2b,2w0c2b,36,34,A,24,false
B,34,10,0,P1,1w1c2b,2w0c2b,36,34,B,22,false
B,34,10,1,P2,1w1c2b,2w0c2b,36,34,B,25,false
B,34,11,0,P1,1w1c2b,2w0c2b,36,34,A,19,false
B,34,11,1,P2,1w1c2b,2w0c2b,36,34,A,27,false
B,34,12,0,P1,1w1c2b,2w0c2b,36,34,B,26,false
B,34,12,1,P2,1w1c2b,2w0c2b,36,34,B,22,false
B,34,13,0,P1,1w1c2b,2w0c2b,36,34,A,24,false
B,34,13,1,P2,1w1c2b,2w0c2b,36,34,A,27,false
B,34,14,0,P1,1w1c2b,2w0c2b,36,34,A,34,false
B,34,14,1,P2,1w1c2b,2w0c2b,36,34,A,38,false
B,34,15,0,P1,1w1c2b,2w0c2b,36,34,A,35,false
B,34,15,1,P2,1w1c2b,2w0c2b,36,34,A,27,false
B,34,16,0,P1,1w1c2b,2w0c2b,36,34,A,25,false
B,34,16,1,P2,1w1c2b,2w0c2b,36,34,A,39,false
B,34,17,0,P1,1w1c2b,2w0c2b,36,34,B,40,false
B,34,17,1,P2,1w1c2b,2w0c2b,36,34,A,30,false
B,34,18,0,P1,1w1c2b,2w0c2b,36,34,B,26,false
B,34,18,1,P2,1w1c2b,2w0c2b,36,34,A,22,false
B,34,19,0,P1,1w1c2b,2w0c2b,36,34,B,22,false
B,34,19,1,P2,1w1c2b,2w0c2b,36,34,A,32,false
B,34,20,0,P1,1w1c2b,2w0c2b,36,34,A,27,false
B,34,20,1,P2,1w1c2b,2w0c2b,36,34,A,26,false
B,35,1,0,P1,1w1c2b,2w2c1b,36,36,B,24,false
B,35,1,1,P2,1w1c2b,2w2c1b,36,36,B,28,false
B,35,2,0,P1,1w1c2b,2w2c1b,36,36,B,38,false
B,35,2,1,P2,1w1c2b,2w2c1b,36,36,A,25,false
B,35,3,0,P1,1w1c2b,2w2c1b,36,36,B,36,false
B,35,3,1,P2,1w1c2b,2w2c1b,36,36,A,22,false
B,35,4,0,P1,1w1c2b,2w2c1b,36,36,A,21,false
B,35,4,1,P2,1w1c2b,2w2c1b,36,36,B,25,false
B,35,5,0,P1,1w1c2b,2w2c1b,36,36,A,31,false
B,35,5,1,P2,1w1c2b,2w2c1b,36,36,A,24,false
B,35,6,0,P1,1w1c2b,2w2c1b,36,36,A,23,false
B,35,6,1,P2,1w1c2b,2w2c1b,36,36,B,23,false
B,35,7,0,P1,1w1c2b,2w2c1b,36,36,A,25,false
B,35,7,1,P2,1w1c2b,2w2c1b,36,36,B,19,false
B,35,8,0,P1,1w1c2b,2w2c1b,36,36,B,36,false
B,35,8,1,P2,1w1c2b,2w2c1b,36,36,B,25,false
B,35,9,0,P1,1w1c2b,2w2c1b,36,36,A,21,false
B,35,9,1,P2,1w1c2b,2w2c1b,36,36,B,21,false
B,35,10,0,P1,1w1c2b,2w2c1b,36,36,A,19,false
B,35,10,1,P2,1w1c2b,2w2c1b,36,36,B,43,false
B,35,11,0,P1,1w1c2b,2w2c1b,36,36,A,23,false
B,35,11,1,P2,1w1c2b,2w2c1b,36,36,B,29,false
B,35,12,0,P1,1w1c2b,2w2c1b,36,36,B,28,false
B,35,12,1,P2,1w1c2b,2w2c1b,36,36,A,20,false
B,35,13,0,P1,1w1c2b,2w2c1b,36,36,B,30,false
B,35,13,1,P2,1w1c2b,2w2c1b,36,36,A,24,false
B,35,14,0,P1,1w1c2b,2w2c1b,36,36,B,32,false
B,35,14,1,P2,1w1c2b,2w2c1b,36,36,B,23,false
B,35,15,0,P1,1w1c2b,2w2c1b,36,36,B,22,false
B,35,15,1,P2,1w1c2b,2w2c1b,36,36,A,26,false
B,35,16,0,P1,1w1c2b,2w2c1b,36,36,A,26,false
B,35,16,1,P2,1w1c2b,2w2c1b,36,36,A,36,false
B,35,17,0,P1,1w1c2b,2w2c1b,36,36,A,31,false
B,35,17,1,P2,1w1c2b,2w2c1b,36,36,B,27,false
B,35,18,0,P1,1w1c2b,2w2c1b,36,36,A,22,false
B,35,18,1,P2,1w1c2b,2w2c1b,36,36,B,18,false
B,35,19,0,P1,1w1c2b,2w2c1b,36,36,B,24,false
B,35,19,1,P2,1w1c2b,2w2c1b,36,36,A,34,false
B,35,20,0,P1,1w1c2b,2w2c1b,36,36,A,26,false
B,35,20,1,P2,1w1c2b,2w2c1b,36,36,A,27,false
B,36,1,0,P1,1w1c2b,3w1c1b,36,34,A,24,false
B,36,1,1,P2,1w1c2b,3w1c1b,36,34,B,21,false
B,36,2,0,P1,1w1c2b,3w1c1b,36,34,A,27,false
B,36,2,1,P2,1w1c2b,3w1c1b,36,34,A,25,false
B,36,3,0,P1,1w1c2b,3w1c1b,36,34,B,30,false
B,36,3,1,P2,1w1c2b,3w1c1b,36,34,A,29,false
B,36,4,0,P1,1w1c2b,3w1c1b,36,34,A,21,false
B,36,4,1,P2,1w1c2b,3w1c1b,36,34,A,23,false
B,36,5,0,P1,1w1c2b,3w1c1b,36,34,A,45,false
B,36,5,1,P2,1w1c2b,3w1c1b,36,34,A,28,false
B,36,6,0,P1,1w1c2b,3w1c1b,36,34,B,24,false
B,36,6,1,P2,1w1c2b,3w1c1b,36,34,A,19,false
B,36,7,0,P1,1w1c2b,3w1c1b,36,34,A,18,false
B,36,7,1,P2,1w1c2b,3w1c1b,36,34,B,19,false
B,36,8,0,P1,1w1c2b,3w1c1b,36,34,A,27,false
B,36,8,1,P2,1w1c2b,3w1c1b,36,34,B,23,false
B,36,9,0,P1,1w1c2b,3w1c1b,36,34,A,41,false
B,36,9,1,P2,1w1c2b,3w1c1b,36,34,B,23,false
B,36,10,0,P1,1w1c2b,3w1c1b,36,34,A,21,false
B,36,10,1,P2,1w1c2b,3w1c1b,36,34,A,29,false
B,36,11,0,P1,1w1c2b,3w1c1b,36,34,A,20,false
B,36,11,1,P2,1w1c2b,3w1c1b,36,34,A,27,false
B,36,12,0,P1,1w1c2b,3w1c1b,36,34,A,24,false
B,36,12,1,P2,1w1c2b,3w1c1b,36,34,B,21,false
B,36,13,0,P1,1w1c2b,3w1c1b,36,34,A,23,false
B,36,13,1,P2,1w1c2b,3w1c1b,36,34,A,16,false
B,36,14,0,P1,1w1c2b,3w1c1b,36,34,A,36,false
B,36,14,1,P2,1w1c2b,3w1c1b,36,34,B,29,false
B,36,15,0,P1,1w1c2b,3w1c1b,36,34,A,27,false
B,36,15,1,P2,1w1c2b,3w1c1b,36,34,B,17,false
B,36,16,0,P1,1w1c2b,3w1c1b,36,34,A,27,false
B,36,16,1,P2,1w1c2b,3w1c1b,36,34,A,30,false
B,36,17,0,P1,1w1c2b,3w1c1b,36,34,B,44,false
B,36,17,1,P2,1w1c2b,3w1c1b,36,34,A,30,false
B,36,18,0,P1,1w1c2b,3w1c1b,36,34,A,28,false
B,36,18,1,P2,1w1c2b,3w1c1b,36,34,A,20,false
B,36,19,0,P1,1w1c2b,3w1c1b,36,34,B,34,false
B,36,19,1,P2,1w1c2b,3w1c1b,36,34,B,31,false
B,36,20,0,P1,1w1c2b,3w1c1b,36,34,A,23,false
B,36,20,1,P2,1w1c2b,3w1c1b,36,34,A,23,false
B,37,1,0,P1,1w1c2b,3w3c0b,36,36,B,20,false
B,37,1,1,P2,1w1c2b,3w3c0b,36,36,A,18,false
B,37,2,0,P1,1w1c2b,3w3c0b,36,36,A,28,false
B,37,2,1,P2,1w1c2b,3w3c0b,36,36,A,18,false
B,37,3,0,P1,1w1c2b,3w3c0b,36,36,B,18,false
B,37,3,1,P2,1w1c2b,3w3c0b,36,36,A,17,false
B,37,4,0,P1,1w1c2b,3w3c0b,36,36,B,18,false
B,37,4,1,P2,1w1c2b,3w3c0b,36,36,A,39,false
B,37,5,0,P1,1w1c2b,3w3c0b,36,36,B,20,false
B,37,5,1,P2,1w1c2b,3w3c0b,36,36,A,21,false
B,37,6,0,P1,1w1c2b,3w3c0b,36,36,A,22,false
B,37,6,1,P2,1w1c2b,3w3c0b,36,36,B,21,false
B,37,7,0,P1,1w1c2b,3w3c0b,36,36,B,20,false
B,37,7,1,P2,1w1c2b,3w3c0b,36,36,B,25,false
B,37,8,0,P1,1w1c2b,3w3c0b,36,36,A,23,false
B,37,8,1,P2,1w1c2b,3w3c0b,36,36,B,17,false
B,37,9,0,P1,1w1c2b,3w3c0b,36,36,A,20,false
B,37,9,1,P2,1w1c2b,3w3c0b,36,36,B,21,false
B,37,10,0,P1,1w1c2b,3w3c0b,36,36,B,18,false
B,37,10,1,P2,1w1c2b,3w3c0b,36,36,B,23,false
B,37,11,0,P1,1w1c2b,3w3c0b,36,36,A,22,false
B,37,11,1,P2,1w1c2b,3w3c0b,36,36,A,43,false
B,37,12,0,P1,1w1c2b,3w3c0b,36,36,B,20,false
B,37,12,1,P2,1w1c2b,3w3c0b,36,36,B,27,false
B,37,13,0,P1,1w1c2b,3w3c0b,36,36,A,38,false
B,37,13,1,P2,1w1c2b,3w3c0b,36,36,B,17,false
B,37,14,0,P1,1w1c2b,3w3c0b,36,36,A,27,false
B,37,14,1,P2,1w1c2b,3w3c0b,36,36,B,27,false
B,37,15,0,P1,1w1c2b,3w3c0b,36,36,A,20,false
B,37,15,1,P2,1w1c2b,3w3c0b,36,36,A,20,false
B,37,16,0,P1,1w1c2b,3w3c0b,36,36,B,26,false
B,37,16,1,P2,1w1c2b,3w3c0b,36,36,B,17,false
B,37,17,0,P1,1w1c2b,3w3c0b,36,36,B,22,false
B,37,17,1,P2,1w1c2b,3w3c0b,36,36,A,31,false
B,37,18,0,P1,1w1c2b,3w3c0b,36,36,B,16,false
B,37,18,1,P2,1w1c2b,3w3c0b,36,36,A,20,false
B,37,19,0,P1,1w1c2b,3w3c0b,36,36,B,20,false
B,37,19,1,P2,1w1c2b,3w3c0b,36,36,A,25,false
B,37,20,0,P1,1w1c2b,3w3c0b,36,36,B,20,false
B,37,20,1,P2,1w1c2b,3w3c0b,36,36,B,19,false
B,38,1,0,P1,1w1c2b,4w0c1b,36,32,A,30,false
B,38,1,1,P2,1w1c2b,4w0c1b,36,32,A,20,false
B,38,2,0,P1,1w1c2b,4w0c1b,36,32,B,34,false
B,38,2,1,P2,1w1c2b,4w0c1b,36,32,A,25,false
B,38,3,0,P1,1w1c2b,4w0c1b,36,32,B,20,false
B,38,3,1,P2,1w1c2b,4w0c1b,36,32,A,25,false
B,38,4,0,P1,1w1c2b,4w0c1b,36,32,A,23,false
B,38,4,1,P2,1w1c2b,4w0c1b,36,32,A,31,false
B,38,5,0,P1,1w1c2b,4w0c1b,36,32,B,26,false
B,38,5,1,P2,1w1c2b,4w0c1b,36,32,A,34,false
B,38,6,0,P1,1w1c2b,4w0c1b,36,32,A,22,false
B,38,6,1,P2,1w1c2b,4w0c1b,36,32,A,24,false
B,38,7,0,P1,1w1c2b,4w0c1b,36,32,A,26,false
B,38,7,1,P2,1w1c2b,4w0c1b,36,32,A,33,false
B,38,8,0,P1,1w1c2b,4w0c1b,36,32,A,27,false
B,38,8,1,P2,1w1c2b,4w0c1b,36,32,A,22,false
B,38,9,0,P1,1w1c2b,4w0c1b,36,32,A,27,false
B,38,9,1,P2,1w1c2b,4w0c1b,36,32,A,37,false
B,38,10,0,P1,1w1c2b,4w0c1b,36,32,draw,100,true
B,38,10,1,P2,1w1c2b,4w0c1b,36,32,A,52,false
B,38,11,0,P1,1w1c2b,4w0c1b,36,32,A,26,false
B,38,11,1,P2,1w1c2b,4w0c1b,36,32,draw,100,true
B,38,12,0,P1,1w1c2b,4w0c1b,36,32,A,27,false
B,38,12,1,P2,1w1c2b,4w0c1b,36,32,A,22,false
B,38,13,0,P1,1w1c2b,4w0c1b,36,32,A,22,false
B,38,13,1,P2,1w1c2b,4w0c1b,36,32,A,22,false
B,38,14,0,P1,1w1c2b,4w0c1b,36,32,A,38,false
B,38,14,1,P2,1w1c2b,4w0c1b,36,32,A,32,false
B,38,15,0,P1,1w1c2b,4w0c1b,36,32,A,34,false
B,38,15,1,P2,1w1c2b,4w0c1b,36,32,A,21,false
B,38,16,0,P1,1w1c2b,4w0c1b,36,32,A,23,false
B,38,16,1,P2,1w1c2b,4w0c1b,36,32,A,24,false
B,38,17,0,P1,1w1c2b,4w0c1b,36,32,A,25,false
B,38,17,1,P2,1w1c2b,4w0c1b,36,32,A,32,false
B,38,18,0,P1,1w1c2b,4w0c1b,36,32,A,24,false
B,38,18,1,P2,1w1c2b,4w0c1b,36,32,A,38,false
B,38,19,0,P1,1w1c2b,4w0c1b,36,32,A,24,false
B,38,19,1,P2,1w1c2b,4w0c1b,36,32,A,31,false
B,38,20,0,P1,1w1c2b,4w0c1b,36,32,A,29,false
B,38,20,1,P2,1w1c2b,4w0c1b,36,32,A,31,false
B,39,1,0,P1,1w1c2b,4w2c0b,36,34,B,18,false
B,39,1,1,P2,1w1c2b,4w2c0b,36,34,A,21,false
B,39,2,0,P1,1w1c2b,4w2c0b,36,34,B,22,false
B,39,2,1,P2,1w1c2b,4w2c0b,36,34,A,23,false
B,39,3,0,P1,1w1c2b,4w2c0b,36,34,A,29,false
B,39,3,1,P2,1w1c2b,4w2c0b,36,34,A,19,false
B,39,4,0,P1,1w1c2b,4w2c0b,36,34,A,20,false
B,39,4,1,P2,1w1c2b,4w2c0b,36,34,A,43,false
B,39,5,0,P1,1w1c2b,4w2c0b,36,34,B,22,false
B,39,5,1,P2,1w1c2b,4w2c0b,36,34,A,22,false
B,39,6,0,P1,1w1c2b,4w2c0b,36,34,A,24,false
B,39,6,1,P2,1w1c2b,4w2c0b,36,34,A,19,false
B,39,7,0,P1,1w1c2b,4w2c0b,36,34,B,22,false
B,39,7,1,P2,1w1c2b,4w2c0b,36,34,A,23,false
B,39,8,0,P1,1w1c2b,4w2c0b,36,34,A,22,false
B,39,8,1,P2,1w1c2b,4w2c0b,36,34,B,21,false
B,39,9,0,P1,1w1c2b,4w2c0b,36,34,A,22,false
B,39,9,1,P2,1w1c2b,4w2c0b,36,34,A,27,false
B,39,10,0,P1,1w1c2b,4w2c0b,36,34,A,23,false
B,39,10,1,P2,1w1c2b,4w2c0b,36,34,A,27,false
B,39,11,0,P1,1w1c2b,4w2c0b,36,34,A,22,false
B,39,11,1,P2,1w1c2b,4w2c0b,36,34,A,25,false
B,39,12,0,P1,1w1c2b,4w2c0b,36,34,A,36,false
B,39,12,1,P2,1w1c2b,4w2c0b,36,34,B,21,false
B,39,13,0,P1,1w1c2b,4w2c0b,36,34,A,17,false
B,39,13,1,P2,1w1c2b,4w2c0b,36,34,B,23,false
B,39,14,0,P1,1w1c2b,4w2c0b,36,34,B,28,false
B,39,14,1,P2,1w1c2b,4w2c0b,36,34,B,33,false
B,39,15,0,P1,1w1c2b,4w2c0b,36,34,A,17,false
B,39,15,1,P2,1w1c2b,4w2c0b,36,34,A,23,false
B,39,16,0,P1,1w1c2b,4w2c0b,36,34,A,24,false
B,39,16,1,P2,1w1c2b,4w2c0b,36,34,A,25,false
B,39,17,0,P1,1w1c2b,4w2c0b,36,34,A,30,false
B,39,17,1,P2,1w1c2b,4w2c0b,36,34,B,35,false
B,39,18,0,P1,1w1c2b,4w2c0b,36,34,A,20,false
B,39,18,1,P2,1w1c2b,4w2c0b,36,34,A,19,false
B,39,19,0,P1,1w1c2b,4w2c0b,36,34,B,20,false
B,39,19,1,P2,1w1c2b,4w2c0b,36,34,A,23,false
B,39,20,0,P1,1w1c2b,4w2c0b,36,34,A,22,false
B,39,20,1,P2,1w1c2b,4w2c0b,36,34,B,21,false
B,40,1,0,P1,1w1c2b,5w1c0b,36,32,A,32,false
B,40,1,1,P2,1w1c2b,5w1c0b,36,32,A,23,false
B,40,2,0,P1,1w1c2b,5w1c0b,36,32,B,22,false
B,40,2,1,P2,1w1c2b,5w1c0b,36,32,A,19,false
B,40,3,0,P1,1w1c2b,5w1c0b,36,32,A,26,false
B,40,3,1,P2,1w1c2b,5w1c0b,36,32,A,20,false
B,40,4,0,P1,1w1c2b,5w1c0b,36,32,A,17,false
B,40,4,1,P2,1w1c2b,5w1c0b,36,32,A,41,false
B,40,5,0,P1,1w1c2b,5w1c0b,36,32,B,22,false
B,40,5,1,P2,1w1c2b,5w1c0b,36,32,A,27,false
B,40,6,0,P1,1w1c2b,5w1c0b,36,32,A,22,false
B,40,6,1,P2,1w1c2b,5w1c0b,36,32,A,31,false
B,40,7,0,P1,1w1c2b,5w1c0b,36,32,B,22,false
B,40,7,1,P2,1w1c2b,5w1c0b,36,32,A,25,false
B,40,8,0,P1,1w1c2b,5w1c0b,36,32,A,26,false
B,40,8,1,P2,1w1c2b,5w1c0b,36,32,A,25,false
B,40,9,0,P1,1w1c2b,5w1c0b,36,32,B,22,false
B,40,9,1,P2,1w1c2b,5w1c0b,36,32,A,27,false
B,40,10,0,P1,1w1c2b,5w1c0b,36,32,B,20,false
B,40,10,1,P2,1w1c2b,5w1c0b,36,32,A,27,false
B,40,11,0,P1,1w1c2b,5w1c0b,36,32,A,23,false
B,40,11,1,P2,1w1c2b,5w1c0b,36,32,A,21,false
B,40,12,0,P1,1w1c2b,5w1c0b,36,32,B,24,false
B,40,12,1,P2,1w1c2b,5w1c0b,36,32,B,21,false
B,40,13,0,P1,1w1c2b,5w1c0b,36,32,A,22,false
B,40,13,1,P2,1w1c2b,5w1c0b,36,32,draw,100,true
B,40,14,0,P1,1w1c2b,5w1c0b,36,32,B,36,false
B,40,14,1,P2,1w1c2b,5w1c0b,36,32,A,35,false
B,40,15,0,P1,1w1c2b,5w1c0b,36,32,A,32,false
B,40,15,1,P2,1w1c2b,5w1c0b,36,32,A,22,false
B,40,16,0,P1,1w1c2b,5w1c0b,36,32,A,24,false
B,40,16,1,P2,1w1c2b,5w1c0b,36,32,A,37,false
B,40,17,0,P1,1w1c2b,5w1c0b,36,32,A,24,false
B,40,17,1,P2,1w1c2b,5w1c0b,36,32,B,31,false
B,40,18,0,P1,1w1c2b,5w1c0b,36,32,A,18,false
B,40,18,1,P2,1w1c2b,5w1c0b,36,32,A,18,false
B,40,19,0,P1,1w1c2b,5w1c0b,36,32,B,22,false
B,40,19,1,P2,1w1c2b,5w1c0b,36,32,A,25,false
B,40,20,0,P1,1w1c2b,5w1c0b,36,32,A,24,false
B,40,20,1,P2,1w1c2b,5w1c0b,36,32,B,31,false
B,41,1,0,P1,1w1c2b,7w0c0b,36,35,B,24,false
B,41,1,1,P2,1w1c2b,7w0c0b,36,35,A,26,false
B,41,2,0,P1,1w1c2b,7w0c0b,36,35,B,24,false
B,41,2,1,P2,1w1c2b,7w0c0b,36,35,A,25,false
B,41,3,0,P1,1w1c2b,7w0c0b,36,35,A,28,false
B,41,3,1,P2,1w1c2b,7w0c0b,36,35,A,21,false
B,41,4,0,P1,1w1c2b,7w0c0b,36,35,A,18,false
B,41,4,1,P2,1w1c2b,7w0c0b,36,35,B,25,false
B,41,5,0,P1,1w1c2b,7w0c0b,36,35,A,24,false
B,41,5,1,P2,1w1c2b,7w0c0b,36,35,B,25,false
B,41,6,0,P1,1w1c2b,7w0c0b,36,35,A,20,false
B,41,6,1,P2,1w1c2b,7w0c0b,36,35,A,23,false
B,41,7,0,P1,1w1c2b,7w0c0b,36,35,draw,100,true
B,41,7,1,P2,1w1c2b,7w0c0b,36,35,A,23,false
B,41,8,0,P1,1w1c2b,7w0c0b,36,35,A,26,false
B,41,8,1,P2,1w1c2b,7w0c0b,36,35,A,24,false
B,41,9,0,P1,1w1c2b,7w0c0b,36,35,A,26,false
B,41,9,1,P2,1w1c2b,7w0c0b,36,35,B,21,false
B,41,10,0,P1,1w1c2b,7w0c0b,36,35,B,22,false
B,41,10,1,P2,1w1c2b,7w0c0b,36,35,B,23,false
B,41,11,0,P1,1w1c2b,7w0c0b,36,35,A,20,false
B,41,11,1,P2,1w1c2b,7w0c0b,36,35,A,19,false
B,41,12,0,P1,1w1c2b,7w0c0b,36,35,B,28,false
B,41,12,1,P2,1w1c2b,7w0c0b,36,35,B,19,false
B,41,13,0,P1,1w1c2b,7w0c0b,36,35,A,21,false
B,41,13,1,P2,1w1c2b,7w0c0b,36,35,A,21,false
B,41,14,0,P1,1w1c2b,7w0c0b,36,35,A,28,false
B,41,14,1,P2,1w1c2b,7w0c0b,36,35,B,29,false
B,41,15,0,P1,1w1c2b,7w0c0b,36,35,A,28,false
B,41,15,1,P2,1w1c2b,7w0c0b,36,35,draw,100,true
B,41,16,0,P1,1w1c2b,7w0c0b,36,35,B,26,false
B,41,16,1,P2,1w1c2b,7w0c0b,36,35,B,23,false
B,41,17,0,P1,1w1c2b,7w0c0b,36,35,B,24,false
B,41,17,1,P2,1w1c2b,7w0c0b,36,35,A,45,false
B,41,18,0,P1,1w1c2b,7w0c0b,36,35,A,27,false
B,41,18,1,P2,1w1c2b,7w0c0b,36,35,A,22,false
B,41,19,0,P1,1w1c2b,7w0c0b,36,35,A,30,false
B,41,19,1,P2,1w1c2b,7w0c0b,36,35,B,27,false
B,41,20,0,P1,1w1c2b,7w0c0b,36,35,draw,100,true
B,41,20,1,P2,1w1c2b,7w0c0b,36,35,B,29,false
B,42,1,0,P1,1w4c0b,2w0c2b,33,34,B,18,false
B,42,1,1,P2,1w4c0b,2w0c2b,33,34,B,28,false
B,42,2,0,P1,1w4c0b,2w0c2b,33,34,A,21,false
B,42,2,1,P2,1w4c0b,2w0c2b,33,34,B,25,false
B,42,3,0,P1,1w4c0b,2w0c2b,33,34,A,15,false
B,42,3,1,P2,1w4c0b,2w0c2b,33,34,A,20,false
B,42,4,0,P1,1w4c0b,2w0c2b,33,34,B,28,false
B,42,4,1,P2,1w4c0b,2w0c2b,33,34,B,28,false
B,42,5,0,P1,1w4c0b,2w0c2b,33,34,B,28,false
B,42,5,1,P2,1w4c0b,2w0c2b,33,34,B,24,false
B,42,6,0,P1,1w4c0b,2w0c2b,33,34,B,18,false
B,42,6,1,P2,1w4c0b,2w0c2b,33,34,B,19,false
B,42,7,0,P1,1w4c0b,2w0c2b,33,34,B,21,false
B,42,7,1,P2,1w4c0b,2w0c2b,33,34,B,16,false
B,42,8,0,P1,1w4c0b,2w0c2b,33,34,A,21,false
B,42,8,1,P2,1w4c0b,2w0c2b,33,34,B,26,false
B,42,9,0,P1,1w4c0b,2w0c2b,33,34,A,24,false
B,42,9,1,P2,1w4c0b,2w0c2b,33,34,A,20,false
B,42,10,0,P1,1w4c0b,2w0c2b,33,34,A,23,false
B,42,10,1,P2,1w4c0b,2w0c2b,33,34,B,19,false
B,42,11,0,P1,1w4c0b,2w0c2b,33,34,A,17,false
B,42,11,1,P2,1w4c0b,2w0c2b,33,34,B,19,false
B,42,12,0,P1,1w4c0b,2w0c2b,33,34,A,19,false
B,42,12,1,P2,1w4c0b,2w0c2b,33,34,A,18,false
B,42,13,0,P1,1w4c0b,2w0c2b,33,34,B,18,false
B,42,13,1,P2,1w4c0b,2w0c2b,33,34,A,18,false
B,42,14,0,P1,1w4c0b,2w0c2b,33,34,A,19,false
B,42,14,1,P2,1w4c0b,2w0c2b,33,34,A,22,false
B,42,15,0,P1,1w4c0b,2w0c2b,33,34,A,21,false
B,42,15,1,P2,1w4c0b,2w0c2b,33,34,B,28,false
B,42,16,0,P1,1w4c0b,2w0c2b,33,34,B,23,false
B,42,16,1,P2,1w4c0b,2w0c2b,33,34,A,20,false
B,42,17,0,P1,1w4c0b,2w0c2b,33,34,A,27,false
B,42,17,1,P2,1w4c0b,2w0c2b,33,34,B,28,false
B,42,18,0,P1,1w4c0b,2w0c2b,33,34,B,18,false
B,42,18,1,P2,1w4c0b,2w0c2b,33,34,B,22,false
B,42,19,0,P1,1w4c0b,2w0c2b,33,34,A,23,false
B,42,19,1,P2,1w4c0b,2w0c2b,33,34,A,18,false
B,42,20,0,P1,1w4c0b,2w0c2b,33,34,A,21,false
B,42,20,1,P2,1w4c0b,2w0c2b,33,34,A,26,false
B,43,1,0,P1,1w4c0b,2w2c1b,33,36,B,22,false
B,43,1,1,P2,1w4c0b,2w2c1b,33,36,B,25,false
B,43,2,0,P1,1w4c0b,2w2c1b,33,36,B,27,false
B,43,2,1,P2,1w4c0b,2w2c1b,33,36,A,24,false
B,43,3,0,P1,1w4c0b,2w2c1b,33,36,B,26,false
B,43,3,1,P2,1w4c0b,2w2c1b,33,36,A,18,false
B,43,4,0,P1,1w4c0b,2w2c1b,33,36,A,21,false
B,43,4,1,P2,1w4c0b,2w2c1b,33,36,B,19,false
B,43,5,0,P1,1w4c0b,2w2c1b,33,36,B,24,false
B,43,5,1,P2,1w4c0b,2w2c1b,33,36,B,21,false
B,43,6,0,P1,1w4c0b,2w2c1b,33,36,B,14,false
B,43,6,1,P2,1w4c0b,2w2c1b,33,36,B,16,false
B,43,7,0,P1,1w4c0b,2w2c1b,33,36,A,19,false
B,43,7,1,P2,1w4c0b,2w2c1b,33,36,B,13,false
B,43,8,0,P1,1w4c0b,2w2c1b,33,36,B,24,false
B,43,8,1,P2,1w4c0b,2w2c1b,33,36,A,26,false
B,43,9,0,P1,1w4c0b,2w2c1b,33,36,A,17,false
B,43,9,1,P2,1w4c0b,2w2c1b,33,36,B,27,false
B,43,10,0,P1,1w4c0b,2w2c1b,33,36,B,30,false
B,43,10,1,P2,1w4c0b,2w2c1b,33,36,A,20,false
B,43,11,0,P1,1w4c0b,2w2c1b,33,36,B,27,false
B,43,11,1,P2,1w4c0b,2w2c1b,33,36,B,17,false
B,43,12,0,P1,1w4c0b,2w2c1b,33,36,B,22,false
B,43,12,1,P2,1w4c0b,2w2c1b,33,36,B,23,false
B,43,13,0,P1,1w4c0b,2w2c1b,33,36,A,19,false
B,43,13,1,P2,1w4c0b,2w2c1b,33,36,A,14,false
B,43,14,0,P1,1w4c0b,2w2c1b,33,36,A,19,false
B,43,14,1,P2,1w4c0b,2w2c1b,33,36,B,30,false
B,43,15,0,P1,1w4c0b,2w2c1b,33,36,A,17,false
B,43,15,1,P2,1w4c0b,2w2c1b,33,36,B,20,false
B,43,16,0,P1,1w4c0b,2w2c1b,33,36,B,21,false
B,43,16,1,P2,1w4c0b,2w2c1b,33,36,A,16,false
B,43,17,0,P1,1w4c0b,2w2c1b,33,36,B,33,false
B,43,17,1,P2,1w4c0b,2w2c1b,33,36,B,21,false
B,43,18,0,P1,1w4c0b,2w2c1b,33,36,A,26,false
B,43,18,1,P2,1w4c0b,2w2c1b,33,36,A,18,false
B,43,19,0,P1,1w4c0b,2w2c1b,33,36,B,18,false
B,43,19,1,P2,1w4c0b,2w2c1b,33,36,A,22,false
B,43,20,0,P1,1w4c0b,2w2c1b,33,36,B,20,false
B,43,20,1,P2,1w4c0b,2w2c1b,33,36,A,16,false
B,44,1,0,P1,1w4c0b,3w1c1b,33,34,A,19,false
B,44,1,1,P2,1w4c0b,3w1c1b,33,34,B,23,false
B,44,2,0,P1,1w4c0b,3w1c1b,33,34,A,19,false
B,44,2,1,P2,1w4c0b,3w1c1b,33,34,A,22,false
B,44,3,0,P1,1w4c0b,3w1c1b,33,34,A,18,false
B,44,3,1,P2,1w4c0b,3w1c1b,33,34,A,14,false
B,44,4,0,P1,1w4c0b,3w1c1b,33,34,A,21,false
B,44,4,1,P2,1w4c0b,3w1c1b,33,34,B,29,false
B,44,5,0,P1,1w4c0b,3w1c1b,33,34,A,27,false
B,44,5,1,P2,1w4c0b,3w1c1b,33,34,A,33,false
B,44,6,0,P1,1w4c0b,3w1c1b,33,34,B,20,false
B,44,6,1,P2,1w4c0b,3w1c1b,33,34,A,20,false
B,44,7,0,P1,1w4c0b,3w1c1b,33,34,A,17,false
B,44,7,1,P2,1w4c0b,3w1c1b,33,34,B,23,false
B,44,8,0,P1,1w4c0b,3w1c1b,33,34,A,25,false
B,44,8,1,P2,1w4c0b,3w1c1b,33,34,A,20,false
B,44,9,0,P1,1w4c0b,3w1c1b,33,34,B,26,false
B,44,9,1,P2,1w4c0b,3w1c1b,33,34,B,25,false
B,44,10,0,P1,1w4c0b,3w1c1b,33,34,A,15,false
B,44,10,1,P2,1w4c0b,3w1c1b,33,34,A,23,false
B,44,11,0,P1,1w4c0b,3w1c1b,33,34,B,16,false
B,44,11,1,P2,1w4c0b,3w1c1b,33,34,B,17,false
B,44,12,0,P1,1w4c0b,3w1c1b,33,34,B,22,false
B,44,12,1,P2,1w4c0b,3w1c1b,33,34,A,20,false
B,44,13,0,P1,1w4c0b,3w1c1b,33,34,B,19,false
B,44,13,1,P2,1w4c0b,3w1c1b,33,34,A,14,false
B,44,14,0,P1,1w4c0b,3w1c1b,33,34,A,29,false
B,44,14,1,P2,1w4c0b,3w1c1b,33,34,B,23,false
B,44,15,0,P1,1w4c0b,3w1c1b,33,34,A,25,false
B,44,15,1,P2,1w4c0b,3w1c1b,33,34,A,22,false
B,44,16,0,P1,1w4c0b,3w1c1b,33,34,B,18,false
B,44,16,1,P2,1w4c0b,3w1c1b,33,34,B,24,false
B,44,17,0,P1,1w4c0b,3w1c1b,33,34,A,23,false
B,44,17,1,P2,1w4c0b,3w1c1b,33,34,A,20,false
B,44,18,0,P1,1w4c0b,3w1c1b,33,34,A,17,false
B,44,18,1,P2,1w4c0b,3w1c1b,33,34,B,24,false
B,44,19,0,P1,1w4c0b,3w1c1b,33,34,A,21,false
B,44,19,1,P2,1w4c0b,3w1c1b,33,34,B,22,false
B,44,20,0,P1,1w4c0b,3w1c1b,33,34,A,19,false
B,44,20,1,P2,1w4c0b,3w1c1b,33,34,A,18,false
B,45,1,0,P1,1w4c0b,3w3c0b,33,36,A,25,false
B,45,1,1,P2,1w4c0b,3w3c0b,33,36,B,15,false
B,45,2,0,P1,1w4c0b,3w3c0b,33,36,B,16,false
B,45,2,1,P2,1w4c0b,3w3c0b,33,36,A,31,false
B,45,3,0,P1,1w4c0b,3w3c0b,33,36,B,29,false
B,45,3,1,P2,1w4c0b,3w3c0b,33,36,A,18,false
B,45,4,0,P1,1w4c0b,3w3c0b,33,36,A,26,false
B,45,4,1,P2,1w4c0b,3w3c0b,33,36,A,24,false
B,45,5,0,P1,1w4c0b,3w3c0b,33,36,B,26,false
B,45,5,1,P2,1w4c0b,3w3c0b,33,36,A,21,false
B,45,6,0,P1,1w4c0b,3w3c0b,33,36,B,14,false
B,45,6,1,P2,1w4c0b,3w3c0b,33,36,A,26,false
B,45,7,0,P1,1w4c0b,3w3c0b,33,36,A,21,false
B,45,7,1,P2,1w4c0b,3w3c0b,33,36,A,21,false
B,45,8,0,P1,1w4c0b,3w3c0b,33,36,A,29,false
B,45,8,1,P2,1w4c0b,3w3c0b,33,36,A,14,false
B,45,9,0,P1,1w4c0b,3w3c0b,33,36,B,16,false
B,45,9,1,P2,1w4c0b,3w3c0b,33,36,B,20,false
B,45,10,0,P1,1w4c0b,3w3c0b,33,36,B,18,false
B,45,10,1,P2,1w4c0b,3w3c0b,33,36,A,28,false
B,45,11,0,P1,1w4c0b,3w3c0b,33,36,B,24,false
B,45,11,1,P2,1w4c0b,3w3c0b,33,36,B,21,false
B,45,12,0,P1,1w4c0b,3w3c0b,33,36,B,24,false
B,45,12,1,P2,1w4c0b,3w3c0b,33,36,B,19,false
B,45,13,0,P1,1w4c0b,3w3c0b,33,36,A,15,false
B,45,13,1,P2,1w4c0b,3w3c0b,33,36,B,17,false
B,45,14,0,P1,1w4c0b,3w3c0b,33,36,B,16,false
B,45,14,1,P2,1w4c0b,3w3c0b,33,36,B,19,false
B,45,15,0,P1,1w4c0b,3w3c0b,33,36,B,22,false
B,45,15,1,P2,1w4c0b,3w3c0b,33,36,B,15,false
B,45,16,0,P1,1w4c0b,3w3c0b,33,36,A,19,false
B,45,16,1,P2,1w4c0b,3w3c0b,33,36,B,13,false
B,45,17,0,P1,1w4c0b,3w3c0b,33,36,B,22,false
B,45,17,1,P2,1w4c0b,3w3c0b,33,36,B,31,false
B,45,18,0,P1,1w4c0b,3w3c0b,33,36,B,18,false
B,45,18,1,P2,1w4c0b,3w3c0b,33,36,B,19,false
B,45,19,0,P1,1w4c0b,3w3c0b,33,36,A,19,false
B,45,19,1,P2,1w4c0b,3w3c0b,33,36,B,21,false
B,45,20,0,P1,1w4c0b,3w3c0b,33,36,B,22,false
B,45,20,1,P2,1w4c0b,3w3c0b,33,36,B,20,false
B,46,1,0,P1,1w4c0b,4w0c1b,33,32,A,21,false
B,46,1,1,P2,1w4c0b,4w0c1b,33,32,A,30,false
B,46,2,0,P1,1w4c0b,4w0c1b,33,32,A,19,false
B,46,2,1,P2,1w4c0b,4w0c1b,33,32,B,32,false
B,46,3,0,P1,1w4c0b,4w0c1b,33,32,B,16,false
B,46,3,1,P2,1w4c0b,4w0c1b,33,32,A,18,false
B,46,4,0,P1,1w4c0b,4w0c1b,33,32,A,21,false
B,46,4,1,P2,1w4c0b,4w0c1b,33,32,B,21,false
B,46,5,0,P1,1w4c0b,4w0c1b,33,32,A,23,false
B,46,5,1,P2,1w4c0b,4w0c1b,33,32,B,27,false
B,46,6,0,P1,1w4c0b,4w0c1b,33,32,B,20,false
B,46,6,1,P2,1w4c0b,4w0c1b,33,32,B,19,false
B,46,7,0,P1,1w4c0b,4w0c1b,33,32,B,32,false
B,46,7,1,P2,1w4c0b,4w0c1b,33,32,B,17,false
B,46,8,0,P1,1w4c0b,4w0c1b,33,32,A,21,false
B,46,8,1,P2,1w4c0b,4w0c1b,33,32,A,23,false
B,46,9,0,P1,1w4c0b,4w0c1b,33,32,B,19,false
B,46,9,1,P2,1w4c0b,4w0c1b,33,32,B,23,false
B,46,10,0,P1,1w4c0b,4w0c1b,33,32,B,20,false
B,46,10,1,P2,1w4c0b,4w0c1b,33,32,A,18,false
B,46,11,0,P1,1w4c0b,4w0c1b,33,32,A,19,false
B,46,11,1,P2,1w4c0b,4w0c1b,33,32,B,21,false
B,46,12,0,P1,1w4c0b,4w0c1b,33,32,A,21,false
B,46,12,1,P2,1w4c0b,4w0c1b,33,32,A,24,false
B,46,13,0,P1,1w4c0b,4w0c1b,33,32,A,31,false
B,46,13,1,P2,1w4c0b,4w0c1b,33,32,A,14,false
B,46,14,0,P1,1w4c0b,4w0c1b,33,32,A,25,false
B,46,14,1,P2,1w4c0b,4w0c1b,33,32,A,23,false
B,46,15,0,P1,1w4c0b,4w0c1b,33,32,A,23,false
B,46,15,1,P2,1w4c0b,4w0c1b,33,32,A,20,false
B,46,16,0,P1,1w4c0b,4w0c1b,33,32,A,19,false
B,46,16,1,P2,1w4c0b,4w0c1b,33,32,B,23,false
B,46,17,0,P1,1w4c0b,4w0c1b,33,32,A,32,false
B,46,17,1,P2,1w4c0b,4w0c1b,33,32,B,26,false
B,46,18,0,P1,1w4c0b,4w0c1b,33,32,A,28,false
B,46,18,1,P2,1w4c0b,4w0c1b,33,32,A,23,false
B,46,19,0,P1,1w4c0b,4w0c1b,33,32,B,18,false
B,46,19,1,P2,1w4c0b,4w0c1b,33,32,B,19,false
B,46,20,0,P1,1w4c0b,4w0c1b,33,32,B,21,false
B,46,20,1,P2,1w4c0b,4w0c1b,33,32,A,24,false
B,47,1,0,P1,1w4c0b,4w2c0b,33,34,A,23,false
B,47,1,1,P2,1w4c0b,4w2c0b,33,34,A,29,false
B,47,2,0,P1,1w4c0b,4w2c0b,33,34,B,21,false
B,47,2,1,P2,1w4c0b,4w2c0b,33,34,A,28,false
B,47,3,0,P1,1w4c0b,4w2c0b,33,34,B,22,false
B,47,3,1,P2,1w4c0b,4w2c0b,33,34,A,24,false
B,47,4,0,P1,1w4c0b,4w2c0b,33,34,A,27,false
B,47,4,1,P2,1w4c0b,4w2c0b,33,34,A,26,false
B,47,5,0,P1,1w4c0b,4w2c0b,33,34,A,19,false
B,47,5,1,P2,1w4c0b,4w2c0b,33,34,A,18,false
B,47,6,0,P1,1w4c0b,4w2c0b,33,34,A,23,false
B,47,6,1,P2,1w4c0b,4w2c0b,33,34,B,16,false
B,47,7,0,P1,1w4c0b,4w2c0b,33,34,A,19,false
B,47,7,1,P2,1w4c0b,4w2c0b,33,34,A,20,false
B,47,8,0,P1,1w4c0b,4w2c0b,33,34,A,23,false
B,47,8,1,P2,1w4c0b,4w2c0b,33,34,B,17,false
B,47,9,0,P1,1w4c0b,4w2c0b,33,34,A,29,false
B,47,9,1,P2,1w4c0b,4w2c0b,33,34,A,22,false
B,47,10,0,P1,1w4c0b,4w2c0b,33,34,A,21,false
B,47,10,1,P2,1w4c0b,4w2c0b,33,34,A,18,false
B,47,11,0,P1,1w4c0b,4w2c0b,33,34,A,19,false
B,47,11,1,P2,1w4c0b,4w2c0b,33,34,B,25,false
B,47,12,0,P1,1w4c0b,4w2c0b,33,34,B,16,false
B,47,12,1,P2,1w4c0b,4w2c0b,33,34,B,19,false
B,47,13,0,P1,1w4c0b,4w2c0b,33,34,B,24,false
B,47,13,1,P2,1w4c0b,4w2c0b,33,34,A,16,false
B,47,14,0,P1,1w4c0b,4w2c0b,33,34,B,18,false
B,47,14,1,P2,1w4c0b,4w2c0b,33,34,B,23,false
B,47,15,0,P1,1w4c0b,4w2c0b,33,34,A,19,false
B,47,15,1,P2,1w4c0b,4w2c0b,33,34,B,25,false
B,47,16,0,P1,1w4c0b,4w2c0b,33,34,B,18,false
B,47,16,1,P2,1w4c0b,4w2c0b,33,34,B,21,false
B,47,17,0,P1,1w4c0b,4w2c0b,33,34,B,20,false
B,47,17,1,P2,1w4c0b,4w2c0b,33,34,B,23,false
B,47,18,0,P1,1w4c0b,4w2c0b,33,34,A,25,false
B,47,18,1,P2,1w4c0b,4w2c0b,33,34,B,15,false
B,47,19,0,P1,1w4c0b,4w2c0b,33,34,B,18,false
B,47,19,1,P2,1w4c0b,4w2c0b,33,34,A,22,false
B,47,20,0,P1,1w4c0b,4w2c0b,33,34,A,19,false
B,47,20,1,P2,1w4c0b,4w2c0b,33,34,B,20,false
B,48,1,0,P1,1w4c0b,5w1c0b,33,32,A,21,false
B,48,1,1,P2,1w4c0b,5w1c0b,33,32,B,31,false
B,48,2,0,P1,1w4c0b,5w1c0b,33,32,B,22,false
B,48,2,1,P2,1w4c0b,5w1c0b,33,32,A,22,false
B,48,3,0,P1,1w4c0b,5w1c0b,33,32,A,21,false
B,48,3,1,P2,1w4c0b,5w1c0b,33,32,B,21,false
B,48,4,0,P1,1w4c0b,5w1c0b,33,32,B,22,false
B,48,4,1,P2,1w4c0b,5w1c0b,33,32,B,37,false
B,48,5,0,P1,1w4c0b,5w1c0b,33,32,A,19,false
B,48,5,1,P2,1w4c0b,5w1c0b,33,32,B,23,false
B,48,6,0,P1,1w4c0b,5w1c0b,33,32,A,19,false
B,48,6,1,P2,1w4c0b,5w1c0b,33,32,A,22,false
B,48,7,0,P1,1w4c0b,5w1c0b,33,32,A,31,false
B,48,7,1,P2,1w4c0b,5w1c0b,33,32,A,24,false
B,48,8,0,P1,1w4c0b,5w1c0b,33,32,A,19,false
B,48,8,1,P2,1w4c0b,5w1c0b,33,32,A,22,false
B,48,9,0,P1,1w4c0b,5w1c0b,33,32,A,27,false
B,48,9,1,P2,1w4c0b,5w1c0b,33,32,A,28,false
B,48,10,0,P1,1w4c0b,5w1c0b,33,32,B,20,false
B,48,10,1,P2,1w4c0b,5w1c0b,33,32,A,26,false
B,48,11,0,P1,1w4c0b,5w1c0b,33,32,A,19,false
B,48,11,1,P2,1w4c0b,5w1c0b,33,32,A,22,false
B,48,12,0,P1,1w4c0b,5w1c0b,33,32,B,16,false
B,48,12,1,P2,1w4c0b,5w1c0b,33,32,B,17,false
B,48,13,0,P1,1w4c0b,5w1c0b,33,32,B,22,false
B,48,13,1,P2,1w4c0b,5w1c0b,33,32,A,22,false
B,48,14,0,P1,1w4c0b,5w1c0b,33,32,A,32,false
B,48,14,1,P2,1w4c0b,5w1c0b,33,32,B,27,false
B,48,15,0,P1,1w4c0b,5w1c0b,33,32,A,20,false
B,48,15,1,P2,1w4c0b,5w1c0b,33,32,A,20,false
B,48,16,0,P1,1w4c0b,5w1c0b,33,32,B,20,false
B,48,16,1,P2,1w4c0b,5w1c0b,33,32,B,17,false
B,48,17,0,P1,1w4c0b,5w1c0b,33,32,B,22,false
B,48,17,1,P2,1w4c0b,5w1c0b,33,32,A,28,false
B,48,18,0,P1,1w4c0b,5w1c0b,33,32,A,20,false
B,48,18,1,P2,1w4c0b,5w1c0b,33,32,A,14,false
B,48,19,0,P1,1w4c0b,5w1c0b,33,32,B,19,false
B,48,19,1,P2,1w4c0b,5w1c0b,33,32,A,20,false
B,48,20,0,P1,1w4c0b,5w1c0b,33,32,B,20,false
B,48,20,1,P2,1w4c0b,5w1c0b,33,32,A,32,false
B,49,1,0,P1,1w4c0b,7w0c0b,33,35,A,23,false
B,49,1,1,P2,1w4c0b,7w0c0b,33,35,A,18,false
B,49,2,0,P1,1w4c0b,7w0c0b,33,35,B,28,false
B,49,2,1,P2,1w4c0b,7w0c0b,33,35,B,19,false
B,49,3,0,P1,1w4c0b,7w0c0b,33,35,B,24,false
B,49,3,1,P2,1w4c0b,7w0c0b,33,35,A,32,false
B,49,4,0,P1,1w4c0b,7w0c0b,33,35,B,18,false
B,49,4,1,P2,1w4c0b,7w0c0b,33,35,A,24,false
B,49,5,0,P1,1w4c0b,7w0c0b,33,35,A,27,false
B,49,5,1,P2,1w4c0b,7w0c0b,33,35,A,27,false
B,49,6,0,P1,1w4c0b,7w0c0b,33,35,B,16,false
B,49,6,1,P2,1w4c0b,7w0c0b,33,35,B,17,false
B,49,7,0,P1,1w4c0b,7w0c0b,33,35,A,19,false
B,49,7,1,P2,1w4c0b,7w0c0b,33,35,A,18,false
B,49,8,0,P1,1w4c0b,7w0c0b,33,35,B,24,false
B,49,8,1,P2,1w4c0b,7w0c0b,33,35,B,23,false
B,49,9,0,P1,1w4c0b,7w0c0b,33,35,A,30,false
B,49,9,1,P2,1w4c0b,7w0c0b,33,35,B,17,false
B,49,10,0,P1,1w4c0b,7w0c0b,33,35,A,31,false
B,49,10,1,P2,1w4c0b,7w0c0b,33,35,B,27,false
B,49,11,0,P1,1w4c0b,7w0c0b,33,35,B,26,false
B,49,11,1,P2,1w4c0b,7w0c0b,33,35,B,17,false
B,49,12,0,P1,1w4c0b,7w0c0b,33,35,B,18,false
B,49,12,1,P2,1w4c0b,7w0c0b,33,35,B,17,false
B,49,13,0,P1,1w4c0b,7w0c0b,33,35,B,22,false
B,49,13,1,P2,1w4c0b,7w0c0b,33,35,A,24,false
B,49,14,0,P1,1w4c0b,7w0c0b,33,35,A,24,false
B,49,14,1,P2,1w4c0b,7w0c0b,33,35,B,23,false
B,49,15,0,P1,1w4c0b,7w0c0b,33,35,B,30,false
B,49,15,1,P2,1w4c0b,7w0c0b,33,35,B,21,false
B,49,16,0,P1,1w4c0b,7w0c0b,33,35,B,22,false
B,49,16,1,P2,1w4c0b,7w0c0b,33,35,B,23,false
B,49,17,0,P1,1w4c0b,7w0c0b,33,35,B,22,false
B,49,17,1,P2,1w4c0b,7w0c0b,33,35,B,25,false
B,49,18,0,P1,1w4c0b,7w0c0b,33,35,B,22,false
B,49,18,1,P2,1w4c0b,7w0c0b,33,35,A,18,false
B,49,19,0,P1,1w4c0b,7w0c0b,33,35,B,16,false
B,49,19,1,P2,1w4c0b,7w0c0b,33,35,B,21,false
B,49,20,0,P1,1w4c0b,7w0c0b,33,35,B,22,false
B,49,20,1,P2,1w4c0b,7w0c0b,33,35,B,25,false
B,50,1,0,P1,2w0c2b,2w2c1b,34,36,B,20,false
B,50,1,1,P2,2w0c2b,2w2c1b,34,36,draw,100,true
B,50,2,0,P1,2w0c2b,2w2c1b,34,36,A,26,false
B,50,2,1,P2,2w0c2b,2w2c1b,34,36,B,25,false
B,50,3,0,P1,2w0c2b,2w2c1b,34,36,A,23,false
B,50,3,1,P2,2w0c2b,2w2c1b,34,36,A,23,false
B,50,4,0,P1,2w0c2b,2w2c1b,34,36,A,33,false
B,50,4,1,P2,2w0c2b,2w2c1b,34,36,B,23,false
B,50,5,0,P1,2w0c2b,2w2c1b,34,36,A,41,false
B,50,5,1,P2,2w0c2b,2w2c1b,34,36,A,38,false
B,50,6,0,P1,2w0c2b,2w2c1b,34,36,A,22,false
B,50,6,1,P2,2w0c2b,2w2c1b,34,36,B,21,false
B,50,7,0,P1,2w0c2b,2w2c1b,34,36,B,20,false
B,50,7,1,P2,2w0c2b,2w2c1b,34,36,B,19,false
B,50,8,0,P1,2w0c2b,2w2c1b,34,36,B,64,false
B,50,8,1,P2,2w0c2b,2w2c1b,34,36,B,25,false
B,50,9,0,P1,2w0c2b,2w2c1b,34,36,B,31,false
B,50,9,1,P2,2w0c2b,2w2c1b,34,36,B,20,false
B,50,10,0,P1,2w0c2b,2w2c1b,34,36,B,21,false
B,50,10,1,P2,2w0c2b,2w2c1b,34,36,B,43,false
B,50,11,0,P1,2w0c2b,2w2c1b,34,36,A,30,false
B,50,11,1,P2,2w0c2b,2w2c1b,34,36,B,33,false
B,50,12,0,P1,2w0c2b,2w2c1b,34,36,A,25,false
B,50,12,1,P2,2w0c2b,2w2c1b,34,36,B,19,false
B,50,13,0,P1,2w0c2b,2w2c1b,34,36,A,29,false
B,50,13,1,P2,2w0c2b,2w2c1b,34,36,B,17,false
B,50,14,0,P1,2w0c2b,2w2c1b,34,36,A,34,false
B,50,14,1,P2,2w0c2b,2w2c1b,34,36,B,19,false
B,50,15,0,P1,2w0c2b,2w2c1b,34,36,B,24,false
B,50,15,1,P2,2w0c2b,2w2c1b,34,36,A,26,false
B,50,16,0,P1,2w0c2b,2w2c1b,34,36,A,26,false
B,50,16,1,P2,2w0c2b,2w2c1b,34,36,A,22,false
B,50,17,0,P1,2w0c2b,2w2c1b,34,36,A,27,false
B,50,17,1,P2,2w0c2b,2w2c1b,34,36,B,29,false
B,50,18,0,P1,2w0c2b,2w2c1b,34,36,B,22,false
B,50,18,1,P2,2w0c2b,2w2c1b,34,36,B,39,false
B,50,19,0,P1,2w0c2b,2w2c1b,34,36,B,24,false
B,50,19,1,P2,2w0c2b,2w2c1b,34,36,A,38,false
B,50,20,0,P1,2w0c2b,2w2c1b,34,36,A,25,false
B,50,20,1,P2,2w0c2b,2w2c1b,34,36,A,24,false
B,51,1,0,P1,2w0c2b,3w1c1b,34,34,A,22,false
B,51,1,1,P2,2w0c2b,3w1c1b,34,34,B,33,false
B,51,2,0,P1,2w0c2b,3w1c1b,34,34,A,27,false
B,51,2,1,P2,2w0c2b,3w1c1b,34,34,B,23,false
B,51,3,0,P1,2w0c2b,3w1c1b,34,34,A,25,false
B,51,3,1,P2,2w0c2b,3w1c1b,34,34,A,20,false
B,51,4,0,P1,2w0c2b,3w1c1b,34,34,B,28,false
B,51,4,1,P2,2w0c2b,3w1c1b,34,34,A,23,false
B,51,5,0,P1,2w0c2b,3w1c1b,34,34,A,21,false
B,51,5,1,P2,2w0c2b,3w1c1b,34,34,B,29,false
B,51,6,0,P1,2w0c2b,3w1c1b,34,34,A,25,false
B,51,6,1,P2,2w0c2b,3w1c1b,34,34,A,21,false
B,51,7,0,P1,2w0c2b,3w1c1b,34,34,A,18,false
B,51,7,1,P2,2w0c2b,3w1c1b,34,34,A,23,false
B,51,8,0,P1,2w0c2b,3w1c1b,34,34,A,35,false
B,51,8,1,P2,2w0c2b,3w1c1b,34,34,B,27,false
B,51,9,0,P1,2w0c2b,3w1c1b,34,34,A,25,false
B,51,9,1,P2,2w0c2b,3w1c1b,34,34,B,23,false
B,51,10,0,P1,2w0c2b,3w1c1b,34,34,A,26,false
B,51,10,1,P2,2w0c2b,3w1c1b,34,34,A,31,false
B,51,11,0,P1,2w0c2b,3w1c1b,34,34,A,24,false
B,51,11,1,P2,2w0c2b,3w1c1b,34,34,B,23,false
B,51,12,0,P1,2w0c2b,3w1c1b,34,34,B,24,false
B,51,12,1,P2,2w0c2b,3w1c1b,34,34,B,22,false
B,51,13,0,P1,2w0c2b,3w1c1b,34,34,B,22,false
B,51,13,1,P2,2w0c2b,3w1c1b,34,34,B,17,false
B,51,14,0,P1,2w0c2b,3w1c1b,34,34,A,34,false
B,51,14,1,P2,2w0c2b,3w1c1b,34,34,draw,100,true
B,51,15,0,P1,2w0c2b,3w1c1b,34,34,A,34,false
B,51,15,1,P2,2w0c2b,3w1c1b,34,34,B,17,false
B,51,16,0,P1,2w0c2b,3w1c1b,34,34,A,28,false
B,51,16,1,P2,2w0c2b,3w1c1b,34,34,B,29,false
B,51,17,0,P1,2w0c2b,3w1c1b,34,34,A,25,false
B,51,17,1,P2,2w0c2b,3w1c1b,34,34,B,31,false
B,51,18,0,P1,2w0c2b,3w1c1b,34,34,B,18,false
B,51,18,1,P2,2w0c2b,3w1c1b,34,34,B,39,false
B,51,19,0,P1,2w0c2b,3w1c1b,34,34,B,36,false
B,51,19,1,P2,2w0c2b,3w1c1b,34,34,A,30,false
B,51,20,0,P1,2w0c2b,3w1c1b,34,34,A,23,false
B,51,20,1,P2,2w0c2b,3w1c1b,34,34,A,26,false
B,52,1,0,P1,2w0c2b,3w3c0b,34,36,B,26,false
B,52,1,1,P2,2w0c2b,3w3c0b,34,36,A,21,false
B,52,2,0,P1,2w0c2b,3w3c0b,34,36,B,24,false
B,52,2,1,P2,2w0c2b,3w3c0b,34,36,B,19,false
B,52,3,0,P1,2w0c2b,3w3c0b,34,36,B,22,false
B,52,3,1,P2,2w0c2b,3w3c0b,34,36,A,29,false
B,52,4,0,P1,2w0c2b,3w3c0b,34,36,B,22,false
B,52,4,1,P2,2w0c2b,3w3c0b,34,36,A,37,false
B,52,5,0,P1,2w0c2b,3w3c0b,34,36,B,21,false
B,52,5,1,P2,2w0c2b,3w3c0b,34,36,B,21,false
B,52,6,0,P1,2w0c2b,3w3c0b,34,36,A,27,false
B,52,6,1,P2,2w0c2b,3w3c0b,34,36,B,27,false
B,52,7,0,P1,2w0c2b,3w3c0b,34,36,B,24,false
B,52,7,1,P2,2w0c2b,3w3c0b,34,36,A,25,false
B,52,8,0,P1,2w0c2b,3w3c0b,34,36,B,26,false
B,52,8,1,P2,2w0c2b,3w3c0b,34,36,B,21,false
B,52,9,0,P1,2w0c2b,3w3c0b,34,36,B,22,false
B,52,9,1,P2,2w0c2b,3w3c0b,34,36,A,22,false
B,52,10,0,P1,2w0c2b,3w3c0b,34,36,B,23,false
B,52,10,1,P2,2w0c2b,3w3c0b,34,36,B,17,false
B,52,11,0,P1,2w0c2b,3w3c0b,34,36,B,22,false
B,52,11,1,P2,2w0c2b,3w3c0b,34,36,B,17,false
B,52,12,0,P1,2w0c2b,3w3c0b,34,36,B,20,false
B,52,12,1,P2,2w0c2b,3w3c0b,34,36,B,21,false
B,52,13,0,P1,2w0c2b,3w3c0b,34,36,A,26,false
B,52,13,1,P2,2w0c2b,3w3c0b,34,36,B,17,false
B,52,14,0,P1,2w0c2b,3w3c0b,34,36,A,26,false
B,52,14,1,P2,2w0c2b,3w3c0b,34,36,A,25,false
B,52,15,0,P1,2w0c2b,3w3c0b,34,36,A,24,false
B,52,15,1,P2,2w0c2b,3w3c0b,34,36,B,31,false
B,52,16,0,P1,2w0c2b,3w3c0b,34,36,A,29,false
B,52,16,1,P2,2w0c2b,3w3c0b,34,36,B,21,false
B,52,17,0,P1,2w0c2b,3w3c0b,34,36,A,30,false
B,52,17,1,P2,2w0c2b,3w3c0b,34,36,B,33,false
B,52,18,0,P1,2w0c2b,3w3c0b,34,36,B,21,false
B,52,18,1,P2,2w0c2b,3w3c0b,34,36,A,21,false
B,52,19,0,P1,2w0c2b,3w3c0b,34,36,B,20,false
B,52,19,1,P2,2w0c2b,3w3c0b,34,36,B,25,false
B,52,20,0,P1,2w0c2b,3w3c0b,34,36,B,22,false
B,52,20,1,P2,2w0c2b,3w3c0b,34,36,B,36,false
B,53,1,0,P1,2w0c2b,4w0c1b,34,32,A,24,false
B,53,1,1,P2,2w0c2b,4w0c1b,34,32,A,42,false
B,53,2,0,P1,2w0c2b,4w0c1b,34,32,B,24,false
B,53,2,1,P2,2w0c2b,4w0c1b,34,32,A,26,false
B,53,3,0,P1,2w0c2b,4w0c1b,34,32,A,22,false
B,53,3,1,P2,2w0c2b,4w0c1b,34,32,A,35,false
B,53,4,0,P1,2w0c2b,4w0c1b,34,32,A,25,false
B,53,4,1,P2,2w0c2b,4w0c1b,34,32,A,31,false
B,53,5,0,P1,2w0c2b,4w0c1b,34,32,A,25,false
B,53,5,1,P2,2w0c2b,4w0c1b,34,32,A,32,false
B,53,6,0,P1,2w0c2b,4w0c1b,34,32,A,24,false
B,53,6,1,P2,2w0c2b,4w0c1b,34,32,A,24,false
B,53,7,0,P1,2w0c2b,4w0c1b,34,32,B,20,false
B,53,7,1,P2,2w0c2b,4w0c1b,34,32,A,34,false
B,53,8,0,P1,2w0c2b,4w0c1b,34,32,B,58,false
B,53,8,1,P2,2w0c2b,4w0c1b,34,32,A,20,false
B,53,9,0,P1,2w0c2b,4w0c1b,34,32,A,34,false
B,53,9,1,P2,2w0c2b,4w0c1b,34,32,A,29,false
B,53,10,0,P1,2w0c2b,4w0c1b,34,32,A,26,false
B,53,10,1,P2,2w0c2b,4w0c1b,34,32,A,36,false
B,53,11,0,P1,2w0c2b,4w0c1b,34,32,A,25,false
B,53,11,1,P2,2w0c2b,4w0c1b,34,32,B,29,false
B,53,12,0,P1,2w0c2b,4w0c1b,34,32,B,22,false
B,53,12,1,P2,2w0c2b,4w0c1b,34,32,A,23,false
B,53,13,0,P1,2w0c2b,4w0c1b,34,32,B,24,false
B,53,13,1,P2,2w0c2b,4w0c1b,34,32,A,24,false
B,53,14,0,P1,2w0c2b,4w0c1b,34,32,A,34,false
B,53,14,1,P2,2w0c2b,4w0c1b,34,32,B,27,false
B,53,15,0,P1,2w0c2b,4w0c1b,34,32,A,32,false
B,53,15,1,P2,2w0c2b,4w0c1b,34,32,A,33,false
B,53,16,0,P1,2w0c2b,4w0c1b,34,32,A,29,false
B,53,16,1,P2,2w0c2b,4w0c1b,34,32,A,34,false
B,53,17,0,P1,2w0c2b,4w0c1b,34,32,A,29,false
B,53,17,1,P2,2w0c2b,4w0c1b,34,32,A,32,false
B,53,18,0,P1,2w0c2b,4w0c1b,34,32,A,25,false
B,53,18,1,P2,2w0c2b,4w0c1b,34,32,A,20,false
B,53,19,0,P1,2w0c2b,4w0c1b,34,32,A,28,false
B,53,19,1,P2,2w0c2b,4w0c1b,34,32,A,36,false
B,53,20,0,P1,2w0c2b,4w0c1b,34,32,A,25,false
B,53,20,1,P2,2w0c2b,4w0c1b,34,32,A,40,false
B,54,1,0,P1,2w0c2b,4w2c0b,34,34,A,26,false
B,54,1,1,P2,2w0c2b,4w2c0b,34,34,A,23,false
B,54,2,0,P1,2w0c2b,4w2c0b,34,34,B,30,false
B,54,2,1,P2,2w0c2b,4w2c0b,34,34,B,19,false
B,54,3,0,P1,2w0c2b,4w2c0b,34,34,A,22,false
B,54,3,1,P2,2w0c2b,4w2c0b,34,34,A,25,false
B,54,4,0,P1,2w0c2b,4w2c0b,34,34,B,22,false
B,54,4,1,P2,2w0c2b,4w2c0b,34,34,A,37,false
B,54,5,0,P1,2w0c2b,4w2c0b,34,34,A,26,false
B,54,5,1,P2,2w0c2b,4w2c0b,34,34,A,25,false
B,54,6,0,P1,2w0c2b,4w2c0b,34,34,B,32,false
B,54,6,1,P2,2w0c2b,4w2c0b,34,34,A,25,false
B,54,7,0,P1,2w0c2b,4w2c0b,34,34,A,30,false
B,54,7,1,P2,2w0c2b,4w2c0b,34,34,A,35,false
B,54,8,0,P1,2w0c2b,4w2c0b,34,34,B,26,false
B,54,8,1,P2,2w0c2b,4w2c0b,34,34,B,19,false
B,54,9,0,P1,2w0c2b,4w2c0b,34,34,A,26,false
B,54,9,1,P2,2w0c2b,4w2c0b,34,34,B,21,false
B,54,10,0,P1,2w0c2b,4w2c0b,34,34,B,18,false
B,54,10,1,P2,2w0c2b,4w2c0b,34,34,A,27,false
B,54,11,0,P1,2w0c2b,4w2c0b,34,34,B,22,false
B,54,11,1,P2,2w0c2b,4w2c0b,34,34,B,25,false
B,54,12,0,P1,2w0c2b,4w2c0b,34,34,A,26,false
B,54,12,1,P2,2w0c2b,4w2c0b,34,34,B,30,false
B,54,13,0,P1,2w0c2b,4w2c0b,34,34,A,28,false
B,54,13,1,P2,2w0c2b,4w2c0b,34,34,B,23,false
B,54,14,0,P1,2w0c2b,4w2c0b,34,34,A,34,false
B,54,14,1,P2,2w0c2b,4w2c0b,34,34,A,25,false
B,54,15,0,P1,2w0c2b,4w2c0b,34,34,A,22,false
B,54,15,1,P2,2w0c2b,4w2c0b,34,34,B,31,false
B,54,16,0,P1,2w0c2b,4w2c0b,34,34,A,24,false
B,54,16,1,P2,2w0c2b,4w2c0b,34,34,A,24,false
B,54,17,0,P1,2w0c2b,4w2c0b,34,34,A,29,false
B,54,17,1,P2,2w0c2b,4w2c0b,34,34,B,29,false
B,54,18,0,P1,2w0c2b,4w2c0b,34,34,A,19,false
B,54,18,1,P2,2w0c2b,4w2c0b,34,34,A,19,false
B,54,19,0,P1,2w0c2b,4w2c0b,34,34,B,22,false
B,54,19,1,P2,2w0c2b,4w2c0b,34,34,A,22,false
B,54,20,0,P1,2w0c2b,4w2c0b,34,34,A,21,false
B,54,20,1,P2,2w0c2b,4w2c0b,34,34,B,25,false
B,55,1,0,P1,2w0c2b,5w1c0b,34,32,B,24,false
B,55,1,1,P2,2w0c2b,5w1c0b,34,32,A,27,false
B,55,2,0,P1,2w0c2b,5w1c0b,34,32,A,28,false
B,55,2,1,P2,2w0c2b,5w1c0b,34,32,B,25,false
B,55,3,0,P1,2w0c2b,5w1c0b,34,32,A,32,false
B,55,3,1,P2,2w0c2b,5w1c0b,34,32,A,27,false
B,55,4,0,P1,2w0c2b,5w1c0b,34,32,B,26,false
B,55,4,1,P2,2w0c2b,5w1c0b,34,32,A,41,false
B,55,5,0,P1,2w0c2b,5w1c0b,34,32,A,23,false
B,55,5,1,P2,2w0c2b,5w1c0b,34,32,A,27,false
B,55,6,0,P1,2w0c2b,5w1c0b,34,32,A,20,false
B,55,6,1,P2,2w0c2b,5w1c0b,34,32,A,37,false
B,55,7,0,P1,2w0c2b,5w1c0b,34,32,A,25,false
B,55,7,1,P2,2w0c2b,5w1c0b,34,32,A,26,false
B,55,8,0,P1,2w0c2b,5w1c0b,34,32,A,26,false
B,55,8,1,P2,2w0c2b,5w1c0b,34,32,A,32,false
B,55,9,0,P1,2w0c2b,5w1c0b,34,32,A,24,false
B,55,9,1,P2,2w0c2b,5w1c0b,34,32,A,29,false
B,55,10,0,P1,2w0c2b,5w1c0b,34,32,A,27,false
B,55,10,1,P2,2w0c2b,5w1c0b,34,32,A,24,false
B,55,11,0,P1,2w0c2b,5w1c0b,34,32,A,26,false
B,55,11,1,P2,2w0c2b,5w1c0b,34,32,A,25,false
B,55,12,0,P1,2w0c2b,5w1c0b,34,32,B,20,false
B,55,12,1,P2,2w0c2b,5w1c0b,34,32,A,37,false
B,55,13,0,P1,2w0c2b,5w1c0b,34,32,A,28,false
B,55,13,1,P2,2w0c2b,5w1c0b,34,32,A,31,false
B,55,14,0,P1,2w0c2b,5w1c0b,34,32,A,31,false
B,55,14,1,P2,2w0c2b,5w1c0b,34,32,B,23,false
B,55,15,0,P1,2w0c2b,5w1c0b,34,32,A,34,false
B,55,15,1,P2,2w0c2b,5w1c0b,34,32,B,25,false
B,55,16,0,P1,2w0c2b,5w1c0b,34,32,A,25,false
B,55,16,1,P2,2w0c2b,5w1c0b,34,32,A,23,false
B,55,17,0,P1,2w0c2b,5w1c0b,34,32,A,36,false
B,55,17,1,P2,2w0c2b,5w1c0b,34,32,B,29,false
B,55,18,0,P1,2w0c2b,5w1c0b,34,32,A,24,false
B,55,18,1,P2,2w0c2b,5w1c0b,34,32,A,21,false
B,55,19,0,P1,2w0c2b,5w1c0b,34,32,B,22,false
B,55,19,1,P2,2w0c2b,5w1c0b,34,32,B,25,false
B,55,20,0,P1,2w0c2b,5w1c0b,34,32,A,22,false
B,55,20,1,P2,2w0c2b,5w1c0b,34,32,A,27,false
B,56,1,0,P1,2w0c2b,7w0c0b,34,35,B,24,false
B,56,1,1,P2,2w0c2b,7w0c0b,34,35,B,19,false
B,56,2,0,P1,2w0c2b,7w0c0b,34,35,A,28,false
B,56,2,1,P2,2w0c2b,7w0c0b,34,35,A,25,false
B,56,3,0,P1,2w0c2b,7w0c0b,34,35,A,21,false
B,56,3,1,P2,2w0c2b,7w0c0b,34,35,A,25,false
B,56,4,0,P1,2w0c2b,7w0c0b,34,35,A,30,false
B,56,4,1,P2,2w0c2b,7w0c0b,34,35,B,25,false
B,56,5,0,P1,2w0c2b,7w0c0b,34,35,A,26,false
B,56,5,1,P2,2w0c2b,7w0c0b,34,35,A,33,false
B,56,6,0,P1,2w0c2b,7w0c0b,34,35,draw,100,true
B,56,6,1,P2,2w0c2b,7w0c0b,34,35,A,26,false
B,56,7,0,P1,2w0c2b,7w0c0b,34,35,B,20,false
B,56,7,1,P2,2w0c2b,7w0c0b,34,35,B,31,false
B,56,8,0,P1,2w0c2b,7w0c0b,34,35,A,34,false
B,56,8,1,P2,2w0c2b,7w0c0b,34,35,B,25,false
B,56,9,0,P1,2w0c2b,7w0c0b,34,35,B,24,false
B,56,9,1,P2,2w0c2b,7w0c0b,34,35,A,20,false
B,56,10,0,P1,2w0c2b,7w0c0b,34,35,B,22,false
B,56,10,1,P2,2w0c2b,7w0c0b,34,35,B,29,false
B,56,11,0,P1,2w0c2b,7w0c0b,34,35,A,26,false
B,56,11,1,P2,2w0c2b,7w0c0b,34,35,A,17,false
B,56,12,0,P1,2w0c2b,7w0c0b,34,35,B,20,false
B,56,12,1,P2,2w0c2b,7w0c0b,34,35,A,21,false
B,56,13,0,P1,2w0c2b,7w0c0b,34,35,B,22,false
B,56,13,1,P2,2w0c2b,7w0c0b,34,35,A,25,false
B,56,14,0,P1,2w0c2b,7w0c0b,34,35,A,46,false
B,56,14,1,P2,2w0c2b,7w0c0b,34,35,B,27,false
B,56,15,0,P1,2w0c2b,7w0c0b,34,35,A,25,false
B,56,15,1,P2,2w0c2b,7w0c0b,34,35,B,25,false
B,56,16,0,P1,2w0c2b,7w0c0b,34,35,B,22,false
B,56,16,1,P2,2w0c2b,7w0c0b,34,35,B,27,false
B,56,17,0,P1,2w0c2b,7w0c0b,34,35,A,28,false
B,56,17,1,P2,2w0c2b,7w0c0b,34,35,B,29,false
B,56,18,0,P1,2w0c2b,7w0c0b,34,35,B,22,false
B,56,18,1,P2,2w0c2b,7w0c0b,34,35,A,23,false
B,56,19,0,P1,2w0c2b,7w0c0b,34,35,A,25,false
B,56,19,1,P2,2w0c2b,7w0c0b,34,35,B,27,false
B,56,20,0,P1,2w0c2b,7w0c0b,34,35,B,26,false
B,56,20,1,P2,2w0c2b,7w0c0b,34,35,A,34,false
B,57,1,0,P1,2w2c1b,3w1c1b,36,34,A,26,false
B,57,1,1,P2,2w2c1b,3w1c1b,36,34,A,27,false
B,57,2,0,P1,2w2c1b,3w1c1b,36,34,A,23,false
B,57,2,1,P2,2w2c1b,3w1c1b,36,34,A,20,false
B,57,3,0,P1,2w2c1b,3w1c1b,36,34,B,19,false
B,57,3,1,P2,2w2c1b,3w1c1b,36,34,A,18,false
B,57,4,0,P1,2w2c1b,3w1c1b,36,34,A,29,false
B,57,4,1,P2,2w2c1b,3w1c1b,36,34,A,26,false
B,57,5,0,P1,2w2c1b,3w1c1b,36,34,B,23,false
B,57,5,1,P2,2w2c1b,3w1c1b,36,34,A,28,false
B,57,6,0,P1,2w2c1b,3w1c1b,36,34,B,18,false
B,57,6,1,P2,2w2c1b,3w1c1b,36,34,B,25,false
B,57,7,0,P1,2w2c1b,3w1c1b,36,34,B,18,false
B,57,7,1,P2,2w2c1b,3w1c1b,36,34,B,17,false
B,57,8,0,P1,2w2c1b,3w1c1b,36,34,A,25,false
B,57,8,1,P2,2w2c1b,3w1c1b,36,34,A,18,false
B,57,9,0,P1,2w2c1b,3w1c1b,36,34,A,23,false
B,57,9,1,P2,2w2c1b,3w1c1b,36,34,A,29,false
B,57,10,0,P1,2w2c1b,3w1c1b,36,34,A,22,false
B,57,10,1,P2,2w2c1b,3w1c1b,36,34,A,25,false
B,57,11,0,P1,2w2c1b,3w1c1b,36,34,A,20,false
B,57,11,1,P2,2w2c1b,3w1c1b,36,34,A,18,false
B,57,12,0,P1,2w2c1b,3w1c1b,36,34,A,30,false
B,57,12,1,P2,2w2c1b,3w1c1b,36,34,B,26,false
B,57,13,0,P1,2w2c1b,3w1c1b,36,34,A,21,false
B,57,13,1,P2,2w2c1b,3w1c1b,36,34,A,25,false
B,57,14,0,P1,2w2c1b,3w1c1b,36,34,draw,100,true
B,57,14,1,P2,2w2c1b,3w1c1b,36,34,A,24,false
B,57,15,0,P1,2w2c1b,3w1c1b,36,34,A,24,false
B,57,15,1,P2,2w2c1b,3w1c1b,36,34,B,22,false
B,57,16,0,P1,2w2c1b,3w1c1b,36,34,B,22,false
B,57,16,1,P2,2w2c1b,3w1c1b,36,34,A,18,false
B,57,17,0,P1,2w2c1b,3w1c1b,36,34,A,31,false
B,57,17,1,P2,2w2c1b,3w1c1b,36,34,B,29,false
B,57,18,0,P1,2w2c1b,3w1c1b,36,34,A,26,false
B,57,18,1,P2,2w2c1b,3w1c1b,36,34,A,20,false
B,57,19,0,P1,2w2c1b,3w1c1b,36,34,A,21,false
B,57,19,1,P2,2w2c1b,3w1c1b,36,34,A,22,false
B,57,20,0,P1,2w2c1b,3w1c1b,36,34,B,22,false
B,57,20,1,P2,2w2c1b,3w1c1b,36,34,A,22,false
B,58,1,0,P1,2w2c1b,3w3c0b,36,36,B,26,false
B,58,1,1,P2,2w2c1b,3w3c0b,36,36,B,19,false
B,58,2,0,P1,2w2c1b,3w3c0b,36,36,A,26,false
B,58,2,1,P2,2w2c1b,3w3c0b,36,36,B,17,false
B,58,3,0,P1,2w2c1b,3w3c0b,36,36,B,20,false
B,58,3,1,P2,2w2c1b,3w3c0b,36,36,B,21,false
B,58,4,0,P1,2w2c1b,3w3c0b,36,36,B,20,false
B,58,4,1,P2,2w2c1b,3w3c0b,36,36,B,20,false
B,58,5,0,P1,2w2c1b,3w3c0b,36,36,B,23,false
B,58,5,1,P2,2w2c1b,3w3c0b,36,36,B,23,false
B,58,6,0,P1,2w2c1b,3w3c0b,36,36,B,18,false
B,58,6,1,P2,2w2c1b,3w3c0b,36,36,B,19,false
B,58,7,0,P1,2w2c1b,3w3c0b,36,36,B,18,false
B,58,7,1,P2,2w2c1b,3w3c0b,36,36,A,22,false
B,58,8,0,P1,2w2c1b,3w3c0b,36,36,A,30,false
B,58,8,1,P2,2w2c1b,3w3c0b,36,36,B,15,false
B,58,9,0,P1,2w2c1b,3w3c0b,36,36,B,18,false
B,58,9,1,P2,2w2c1b,3w3c0b,36,36,A,25,false
B,58,10,0,P1,2w2c1b,3w3c0b,36,36,B,18,false
B,58,10,1,P2,2w2c1b,3w3c0b,36,36,B,27,false
B,58,11,0,P1,2w2c1b,3w3c0b,36,36,B,18,false
B,58,11,1,P2,2w2c1b,3w3c0b,36,36,B,20,false
B,58,12,0,P1,2w2c1b,3w3c0b,36,36,B,24,false
B,58,12,1,P2,2w2c1b,3w3c0b,36,36,A,22,false
B,58,13,0,P1,2w2c1b,3w3c0b,36,36,A,19,false
B,58,13,1,P2,2w2c1b,3w3c0b,36,36,B,15,false
B,58,14,0,P1,2w2c1b,3w3c0b,36,36,B,18,false
B,58,14,1,P2,2w2c1b,3w3c0b,36,36,B,27,false
B,58,15,0,P1,2w2c1b,3w3c0b,36,36,B,20,false
B,58,15,1,P2,2w2c1b,3w3c0b,36,36,A,24,false
B,58,16,0,P1,2w2c1b,3w3c0b,36,36,B,20,false
B,58,16,1,P2,2w2c1b,3w3c0b,36,36,B,19,false
B,58,17,0,P1,2w2c1b,3w3c0b,36,36,A,25,false
B,58,17,1,P2,2w2c1b,3w3c0b,36,36,B,23,false
B,58,18,0,P1,2w2c1b,3w3c0b,36,36,A,25,false
B,58,18,1,P2,2w2c1b,3w3c0b,36,36,A,24,false
B,58,19,0,P1,2w2c1b,3w3c0b,36,36,B,20,false
B,58,19,1,P2,2w2c1b,3w3c0b,36,36,A,24,false
B,58,20,0,P1,2w2c1b,3w3c0b,36,36,A,27,false
B,58,20,1,P2,2w2c1b,3w3c0b,36,36,B,21,false
B,59,1,0,P1,2w2c1b,4w0c1b,36,32,A,23,false
B,59,1,1,P2,2w2c1b,4w0c1b,36,32,A,46,false
B,59,2,0,P1,2w2c1b,4w0c1b,36,32,A,21,false
B,59,2,1,P2,2w2c1b,4w0c1b,36,32,A,27,false
B,59,3,0,P1,2w2c1b,4w0c1b,36,32,A,25,false
B,59,3,1,P2,2w2c1b,4w0c1b,36,32,A,23,false
B,59,4,0,P1,2w2c1b,4w0c1b,36,32,B,31,false
B,59,4,1,P2,2w2c1b,4w0c1b,36,32,B,23,false
B,59,5,0,P1,2w2c1b,4w0c1b,36,32,B,25,false
B,59,5,1,P2,2w2c1b,4w0c1b,36,32,B,25,false
B,59,6,0,P1,2w2c1b,4w0c1b,36,32,A,28,false
B,59,6,1,P2,2w2c1b,4w0c1b,36,32,B,19,false
B,59,7,0,P1,2w2c1b,4w0c1b,36,32,A,16,false
B,59,7,1,P2,2w2c1b,4w0c1b,36,32,B,19,false
B,59,8,0,P1,2w2c1b,4w0c1b,36,32,B,24,false
B,59,8,1,P2,2w2c1b,4w0c1b,36,32,A,20,false
B,59,9,0,P1,2w2c1b,4w0c1b,36,32,A,23,false
B,59,9,1,P2,2w2c1b,4w0c1b,36,32,A,26,false
B,59,10,0,P1,2w2c1b,4w0c1b,36,32,B,20,false
B,59,10,1,P2,2w2c1b,4w0c1b,36,32,A,24,false
B,59,11,0,P1,2w2c1b,4w0c1b,36,32,A,21,false
B,59,11,1,P2,2w2c1b,4w0c1b,36,32,A,22,false
B,59,12,0,P1,2w2c1b,4w0c1b,36,32,A,19,false
B,59,12,1,P2,2w2c1b,4w0c1b,36,32,B,25,false
B,59,13,0,P1,2w2c1b,4w0c1b,36,32,A,25,false
B,59,13,1,P2,2w2c1b,4w0c1b,36,32,A,20,false
B,59,14,0,P1,2w2c1b,4w0c1b,36,32,A,31,false
B,59,14,1,P2,2w2c1b,4w0c1b,36,32,A,23,false
B,59,15,0,P1,2w2c1b,4w0c1b,36,32,A,23,false
B,59,15,1,P2,2w2c1b,4w0c1b,36,32,A,20,false
B,59,16,0,P1,2w2c1b,4w0c1b,36,32,A,30,false
B,59,16,1,P2,2w2c1b,4w0c1b,36,32,B,26,false
B,59,17,0,P1,2w2c1b,4w0c1b,36,32,A,27,false
B,59,17,1,P2,2w2c1b,4w0c1b,36,32,A,31,false
B,59,18,0,P1,2w2c1b,4w0c1b,36,32,A,25,false
B,59,18,1,P2,2w2c1b,4w0c1b,36,32,A,18,false
B,59,19,0,P1,2w2c1b,4w0c1b,36,32,B,27,false
B,59,19,1,P2,2w2c1b,4w0c1b,36,32,B,21,false
B,59,20,0,P1,2w2c1b,4w0c1b,36,32,B,22,false
B,59,20,1,P2,2w2c1b,4w0c1b,36,32,A,37,false
B,60,1,0,P1,2w2c1b,4w2c0b,36,34,A,34,false
B,60,1,1,P2,2w2c1b,4w2c0b,36,34,B,25,false
B,60,2,0,P1,2w2c1b,4w2c0b,36,34,B,24,false
B,60,2,1,P2,2w2c1b,4w2c0b,36,34,A,31,false
B,60,3,0,P1,2w2c1b,4w2c0b,36,34,B,32,false
B,60,3,1,P2,2w2c1b,4w2c0b,36,34,A,25,false
B,60,4,0,P1,2w2c1b,4w2c0b,36,34,A,24,false
B,60,4,1,P2,2w2c1b,4w2c0b,36,34,B,21,false
B,60,5,0,P1,2w2c1b,4w2c0b,36,34,A,23,false
B,60,5,1,P2,2w2c1b,4w2c0b,36,34,B,21,false
B,60,6,0,P1,2w2c1b,4w2c0b,36,34,B,16,false
B,60,6,1,P2,2w2c1b,4w2c0b,36,34,B,25,false
B,60,7,0,P1,2w2c1b,4w2c0b,36,34,A,19,false
B,60,7,1,P2,2w2c1b,4w2c0b,36,34,A,20,false
B,60,8,0,P1,2w2c1b,4w2c0b,36,34,A,23,false
B,60,8,1,P2,2w2c1b,4w2c0b,36,34,B,23,false
B,60,9,0,P1,2w2c1b,4w2c0b,36,34,B,18,false
B,60,9,1,P2,2w2c1b,4w2c0b,36,34,A,23,false
B,60,10,0,P1,2w2c1b,4w2c0b,36,34,B,18,false
B,60,10,1,P2,2w2c1b,4w2c0b,36,34,A,22,false
B,60,11,0,P1,2w2c1b,4w2c0b,36,34,A,19,false
B,60,11,1,P2,2w2c1b,4w2c0b,36,34,B,25,false
B,60,12,0,P1,2w2c1b,4w2c0b,36,34,A,25,false
B,60,12,1,P2,2w2c1b,4w2c0b,36,34,A,27,false
B,60,13,0,P1,2w2c1b,4w2c0b,36,34,A,17,false
B,60,13,1,P2,2w2c1b,4w2c0b,36,34,A,30,false
B,60,14,0,P1,2w2c1b,4w2c0b,36,34,A,26,false
B,60,14,1,P2,2w2c1b,4w2c0b,36,34,B,29,false
B,60,15,0,P1,2w2c1b,4w2c0b,36,34,B,20,false
B,60,15,1,P2,2w2c1b,4w2c0b,36,34,A,22,false
B,60,16,0,P1,2w2c1b,4w2c0b,36,34,B,18,false
B,60,16,1,P2,2w2c1b,4w2c0b,36,34,B,27,false
B,60,17,0,P1,2w2c1b,4w2c0b,36,34,A,40,false
B,60,17,1,P2,2w2c1b,4w2c0b,36,34,B,23,false
B,60,18,0,P1,2w2c1b,4w2c0b,36,34,A,22,false
B,60,18,1,P2,2w2c1b,4w2c0b,36,34,A,28,false
B,60,19,0,P1,2w2c1b,4w2c0b,36,34,A,28,false
B,60,19,1,P2,2w2c1b,4w2c0b,36,34,A,26,false
B,60,20,0,P1,2w2c1b,4w2c0b,36,34,B,24,false
B,60,20,1,P2,2w2c1b,4w2c0b,36,34,B,21,false
B,61,1,0,P1,2w2c1b,5w1c0b,36,32,A,34,false
B,61,1,1,P2,2w2c1b,5w1c0b,36,32,A,25,false
B,61,2,0,P1,2w2c1b,5w1c0b,36,32,A,22,false
B,61,2,1,P2,2w2c1b,5w1c0b,36,32,A,22,false
B,61,3,0,P1,2w2c1b,5w1c0b,36,32,A,18,false
B,61,3,1,P2,2w2c1b,5w1c0b,36,32,A,17,false
B,61,4,0,P1,2w2c1b,5w1c0b,36,32,A,23,false
B,61,4,1,P2,2w2c1b,5w1c0b,36,32,A,27,false
B,61,5,0,P1,2w2c1b,5w1c0b,36,32,A,22,false
B,61,5,1,P2,2w2c1b,5w1c0b,36,32,A,21,false
B,61,6,0,P1,2w2c1b,5w1c0b,36,32,A,25,false
B,61,6,1,P2,2w2c1b,5w1c0b,36,32,A,24,false
B,61,7,0,P1,2w2c1b,5w1c0b,36,32,A,21,false
B,61,7,1,P2,2w2c1b,5w1c0b,36,32,A,21,false
B,61,8,0,P1,2w2c1b,5w1c0b,36,32,A,30,false
B,61,8,1,P2,2w2c1b,5w1c0b,36,32,A,31,false
B,61,9,0,P1,2w2c1b,5w1c0b,36,32,B,22,false
B,61,9,1,P2,2w2c1b,5w1c0b,36,32,A,20,false
B,61,10,0,P1,2w2c1b,5w1c0b,36,32,B,22,false
B,61,10,1,P2,2w2c1b,5w1c0b,36,32,B,27,false
B,61,11,0,P1,2w2c1b,5w1c0b,36,32,A,25,false
B,61,11,1,P2,2w2c1b,5w1c0b,36,32,A,22,false
B,61,12,0,P1,2w2c1b,5w1c0b,36,32,B,20,false
B,61,12,1,P2,2w2c1b,5w1c0b,36,32,B,23,false
B,61,13,0,P1,2w2c1b,5w1c0b,36,32,A,27,false
B,61,13,1,P2,2w2c1b,5w1c0b,36,32,B,25,false
B,61,14,0,P1,2w2c1b,5w1c0b,36,32,A,23,false
B,61,14,1,P2,2w2c1b,5w1c0b,36,32,B,31,false
B,61,15,0,P1,2w2c1b,5w1c0b,36,32,A,25,false
B,61,15,1,P2,2w2c1b,5w1c0b,36,32,A,24,false
B,61,16,0,P1,2w2c1b,5w1c0b,36,32,B,24,false
B,61,16,1,P2,2w2c1b,5w1c0b,36,32,B,29,false
B,61,17,0,P1,2w2c1b,5w1c0b,36,32,A,27,false
B,61,17,1,P2,2w2c1b,5w1c0b,36,32,A,24,false
B,61,18,0,P1,2w2c1b,5w1c0b,36,32,B,26,false
B,61,18,1,P2,2w2c1b,5w1c0b,36,32,A,18,false
B,61,19,0,P1,2w2c1b,5w1c0b,36,32,B,26,false
B,61,19,1,P2,2w2c1b,5w1c0b,36,32,A,30,false
B,61,20,0,P1,2w2c1b,5w1c0b,36,32,A,25,false
B,61,20,1,P2,2w2c1b,5w1c0b,36,32,A,40,false
B,62,1,0,P1,2w2c1b,7w0c0b,36,35,A,21,false
B,62,1,1,P2,2w2c1b,7w0c0b,36,35,B,21,false
B,62,2,0,P1,2w2c1b,7w0c0b,36,35,B,20,false
B,62,2,1,P2,2w2c1b,7w0c0b,36,35,B,25,false
B,62,3,0,P1,2w2c1b,7w0c0b,36,35,B,17,false
B,62,3,1,P2,2w2c1b,7w0c0b,36,35,A,25,false
B,62,4,0,P1,2w2c1b,7w0c0b,36,35,B,26,false
B,62,4,1,P2,2w2c1b,7w0c0b,36,35,B,26,false
B,62,5,0,P1,2w2c1b,7w0c0b,36,35,A,21,false
B,62,5,1,P2,2w2c1b,7w0c0b,36,35,A,26,false
B,62,6,0,P1,2w2c1b,7w0c0b,36,35,A,21,false
B,62,6,1,P2,2w2c1b,7w0c0b,36,35,A,26,false
B,62,7,0,P1,2w2c1b,7w0c0b,36,35,A,17,false
B,62,7,1,P2,2w2c1b,7w0c0b,36,35,B,19,false
B,62,8,0,P1,2w2c1b,7w0c0b,36,35,A,24,false
B,62,8,1,P2,2w2c1b,7w0c0b,36,35,B,25,false
B,62,9,0,P1,2w2c1b,7w0c0b,36,35,A,19,false
B,62,9,1,P2,2w2c1b,7w0c0b,36,35,B,21,false
B,62,10,0,P1,2w2c1b,7w0c0b,36,35,B,20,false
B,62,10,1,P2,2w2c1b,7w0c0b,36,35,B,31,false
B,62,11,0,P1,2w2c1b,7w0c0b,36,35,A,26,false
B,62,11,1,P2,2w2c1b,7w0c0b,36,35,A,24,false
B,62,12,0,P1,2w2c1b,7w0c0b,36,35,B,22,false
B,62,12,1,P2,2w2c1b,7w0c0b,36,35,B,22,false
B,62,13,0,P1,2w2c1b,7w0c0b,36,35,B,23,false
B,62,13,1,P2,2w2c1b,7w0c0b,36,35,A,33,false
B,62,14,0,P1,2w2c1b,7w0c0b,36,35,A,27,false
B,62,14,1,P2,2w2c1b,7w0c0b,36,35,A,31,false
B,62,15,0,P1,2w2c1b,7w0c0b,36,35,B,24,false
B,62,15,1,P2,2w2c1b,7w0c0b,36,35,A,20,false
B,62,16,0,P1,2w2c1b,7w0c0b,36,35,A,17,false
B,62,16,1,P2,2w2c1b,7w0c0b,36,35,B,29,false
B,62,17,0,P1,2w2c1b,7w0c0b,36,35,B,30,false
B,62,17,1,P2,2w2c1b,7w0c0b,36,35,B,29,false
B,62,18,0,P1,2w2c1b,7w0c0b,36,35,A,21,false
B,62,18,1,P2,2w2c1b,7w0c0b,36,35,B,19,false
B,62,19,0,P1,2w2c1b,7w0c0b,36,35,A,35,false
B,62,19,1,P2,2w2c1b,7w0c0b,36,35,B,29,false
B,62,20,0,P1,2w2c1b,7w0c0b,36,35,A,28,false
B,62,20,1,P2,2w2c1b,7w0c0b,36,35,B,25,false
B,63,1,0,P1,3w1c1b,3w3c0b,34,36,A,19,false
B,63,1,1,P2,3w1c1b,3w3c0b,34,36,B,19,false
B,63,2,0,P1,3w1c1b,3w3c0b,34,36,B,24,false
B,63,2,1,P2,3w1c1b,3w3c0b,34,36,B,21,false
B,63,3,0,P1,3w1c1b,3w3c0b,34,36,B,25,false
B,63,3,1,P2,3w1c1b,3w3c0b,34,36,B,17,false
B,63,4,0,P1,3w1c1b,3w3c0b,34,36,B,22,false
B,63,4,1,P2,3w1c1b,3w3c0b,34,36,B,27,false
B,63,5,0,P1,3w1c1b,3w3c0b,34,36,A,21,false
B,63,5,1,P2,3w1c1b,3w3c0b,34,36,B,23,false
B,63,6,0,P1,3w1c1b,3w3c0b,34,36,B,24,false
B,63,6,1,P2,3w1c1b,3w3c0b,34,36,B,17,false
B,63,7,0,P1,3w1c1b,3w3c0b,34,36,B,21,false
B,63,7,1,P2,3w1c1b,3w3c0b,34,36,A,22,false
B,63,8,0,P1,3w1c1b,3w3c0b,34,36,A,29,false
B,63,8,1,P2,3w1c1b,3w3c0b,34,36,B,23,false
B,63,9,0,P1,3w1c1b,3w3c0b,34,36,A,27,false
B,63,9,1,P2,3w1c1b,3w3c0b,34,36,A,25,false
B,63,10,0,P1,3w1c1b,3w3c0b,34,36,B,18,false
B,63,10,1,P2,3w1c1b,3w3c0b,34,36,B,21,false
B,63,11,0,P1,3w1c1b,3w3c0b,34,36,A,28,false
B,63,11,1,P2,3w1c1b,3w3c0b,34,36,B,19,false
B,63,12,0,P1,3w1c1b,3w3c0b,34,36,B,21,false
B,63,12,1,P2,3w1c1b,3w3c0b,34,36,A,21,false
B,63,13,0,P1,3w1c1b,3w3c0b,34,36,A,19,false
B,63,13,1,P2,3w1c1b,3w3c0b,34,36,A,26,false
B,63,14,0,P1,3w1c1b,3w3c0b,34,36,B,20,false
B,63,14,1,P2,3w1c1b,3w3c0b,34,36,B,21,false
B,63,15,0,P1,3w1c1b,3w3c0b,34,36,B,24,false
B,63,15,1,P2,3w1c1b,3w3c0b,34,36,B,21,false
B,63,16,0,P1,3w1c1b,3w3c0b,34,36,A,25,false
B,63,16,1,P2,3w1c1b,3w3c0b,34,36,B,19,false
B,63,17,0,P1,3w1c1b,3w3c0b,34,36,A,24,false
B,63,17,1,P2,3w1c1b,3w3c0b,34,36,B,18,false
B,63,18,0,P1,3w1c1b,3w3c0b,34,36,A,26,false
B,63,18,1,P2,3w1c1b,3w3c0b,34,36,B,23,false
B,63,19,0,P1,3w1c1b,3w3c0b,34,36,B,25,false
B,63,19,1,P2,3w1c1b,3w3c0b,34,36,B,21,false
B,63,20,0,P1,3w1c1b,3w3c0b,34,36,B,26,false
B,63,20,1,P2,3w1c1b,3w3c0b,34,36,B,21,false
B,64,1,0,P1,3w1c1b,4w0c1b,34,32,B,22,false
B,64,1,1,P2,3w1c1b,4w0c1b,34,32,A,26,false
B,64,2,0,P1,3w1c1b,4w0c1b,34,32,A,23,false
B,64,2,1,P2,3w1c1b,4w0c1b,34,32,A,20,false
B,64,3,0,P1,3w1c1b,4w0c1b,34,32,B,24,false
B,64,3,1,P2,3w1c1b,4w0c1b,34,32,A,25,false
B,64,4,0,P1,3w1c1b,4w0c1b,34,32,A,25,false
B,64,4,1,P2,3w1c1b,4w0c1b,34,32,B,23,false
B,64,5,0,P1,3w1c1b,4w0c1b,34,32,A,28,false
B,64,5,1,P2,3w1c1b,4w0c1b,34,32,B,25,false
B,64,6,0,P1,3w1c1b,4w0c1b,34,32,A,33,false
B,64,6,1,P2,3w1c1b,4w0c1b,34,32,B,21,false
B,64,7,0,P1,3w1c1b,4w0c1b,34,32,A,20,false
B,64,7,1,P2,3w1c1b,4w0c1b,34,32,B,21,false
B,64,8,0,P1,3w1c1b,4w0c1b,34,32,B,24,false
B,64,8,1,P2,3w1c1b,4w0c1b,34,32,B,25,false
B,64,9,0,P1,3w1c1b,4w0c1b,34,32,B,27,false
B,64,9,1,P2,3w1c1b,4w0c1b,34,32,B,27,false
B,64,10,0,P1,3w1c1b,4w0c1b,34,32,B,22,false
B,64,10,1,P2,3w1c1b,4w0c1b,34,32,A,25,false
B,64,11,0,P1,3w1c1b,4w0c1b,34,32,B,22,false
B,64,11,1,P2,3w1c1b,4w0c1b,34,32,A,22,false
B,64,12,0,P1,3w1c1b,4w0c1b,34,32,A,19,false
B,64,12,1,P2,3w1c1b,4w0c1b,34,32,A,28,false
B,64,13,0,P1,3w1c1b,4w0c1b,34,32,B,28,false
B,64,13,1,P2,3w1c1b,4w0c1b,34,32,A,21,false
B,64,14,0,P1,3w1c1b,4w0c1b,34,32,B,24,false
B,64,14,1,P2,3w1c1b,4w0c1b,34,32,A,27,false
B,64,15,0,P1,3w1c1b,4w0c1b,34,32,A,43,false
B,64,15,1,P2,3w1c1b,4w0c1b,34,32,A,22,false
B,64,16,0,P1,3w1c1b,4w0c1b,34,32,B,22,false
B,64,16,1,P2,3w1c1b,4w0c1b,34,32,A,21,false
B,64,17,0,P1,3w1c1b,4w0c1b,34,32,A,29,false
B,64,17,1,P2,3w1c1b,4w0c1b,34,32,A,31,false
B,64,18,0,P1,3w1c1b,4w0c1b,34,32,A,22,false
B,64,18,1,P2,3w1c1b,4w0c1b,34,32,A,22,false
B,64,19,0,P1,3w1c1b,4w0c1b,34,32,B,27,false
B,64,19,1,P2,3w1c1b,4w0c1b,34,32,B,25,false
B,64,20,0,P1,3w1c1b,4w0c1b,34,32,B,26,false
B,64,20,1,P2,3w1c1b,4w0c1b,34,32,B,47,false
B,65,1,0,P1,3w1c1b,4w2c0b,34,34,B,22,false
B,65,1,1,P2,3w1c1b,4w2c0b,34,34,A,22,false
B,65,2,0,P1,3w1c1b,4w2c0b,34,34,A,24,false
B,65,2,1,P2,3w1c1b,4w2c0b,34,34,A,25,false
B,65,3,0,P1,3w1c1b,4w2c0b,34,34,B,20,false
B,65,3,1,P2,3w1c1b,4w2c0b,34,34,A,27,false
B,65,4,0,P1,3w1c1b,4w2c0b,34,34,B,22,false
B,65,4,1,P2,3w1c1b,4w2c0b,34,34,A,30,false
B,65,5,0,P1,3w1c1b,4w2c0b,34,34,A,28,false
B,65,5,1,P2,3w1c1b,4w2c0b,34,34,A,29,false
B,65,6,0,P1,3w1c1b,4w2c0b,34,34,B,22,false
B,65,6,1,P2,3w1c1b,4w2c0b,34,34,B,22,false
B,65,7,0,P1,3w1c1b,4w2c0b,34,34,A,24,false
B,65,7,1,P2,3w1c1b,4w2c0b,34,34,A,24,false
B,65,8,0,P1,3w1c1b,4w2c0b,34,34,A,40,false
B,65,8,1,P2,3w1c1b,4w2c0b,34,34,B,31,false
B,65,9,0,P1,3w1c1b,4w2c0b,34,34,B,28,false
B,65,9,1,P2,3w1c1b,4w2c0b,34,34,A,23,false
B,65,10,0,P1,3w1c1b,4w2c0b,34,34,B,20,false
B,65,10,1,P2,3w1c1b,4w2c0b,34,34,B,26,false
B,65,11,0,P1,3w1c1b,4w2c0b,34,34,A,21,false
B,65,11,1,P2,3w1c1b,4w2c0b,34,34,B,23,false
B,65,12,0,P1,3w1c1b,4w2c0b,34,34,A,21,false
B,65,12,1,P2,3w1c1b,4w2c0b,34,34,A,20,false
B,65,13,0,P1,3w1c1b,4w2c0b,34,34,A,19,false
B,65,13,1,P2,3w1c1b,4w2c0b,34,34,B,21,false
B,65,14,0,P1,3w1c1b,4w2c0b,34,34,B,24,false
B,65,14,1,P2,3w1c1b,4w2c0b,34,34,B,21,false
B,65,15,0,P1,3w1c1b,4w2c0b,34,34,A,25,false
B,65,15,1,P2,3w1c1b,4w2c0b,34,34,A,23,false
B,65,16,0,P1,3w1c1b,4w2c0b,34,34,A,27,false
B,65,16,1,P2,3w1c1b,4w2c0b,34,34,B,21,false
B,65,17,0,P1,3w1c1b,4w2c0b,34,34,A,27,false
B,65,17,1,P2,3w1c1b,4w2c0b,34,34,B,23,false
B,65,18,0,P1,3w1c1b,4w2c0b,34,34,A,20,false
B,65,18,1,P2,3w1c1b,4w2c0b,34,34,A,24,false
B,65,19,0,P1,3w1c1b,4w2c0b,34,34,B,26,false
B,65,19,1,P2,3w1c1b,4w2c0b,34,34,B,25,false
B,65,20,0,P1,3w1c1b,4w2c0b,34,34,A,26,false
B,65,20,1,P2,3w1c1b,4w2c0b,34,34,B,21,false
B,66,1,0,P1,3w1c1b,5w1c0b,34,32,A,32,false
B,66,1,1,P2,3w1c1b,5w1c0b,34,32,A,27,false
B,66,2,0,P1,3w1c1b,5w1c0b,34,32,A,32,false
B,66,2,1,P2,3w1c1b,5w1c0b,34,32,A,22,false
B,66,3,0,P1,3w1c1b,5w1c0b,34,32,B,18,false
B,66,3,1,P2,3w1c1b,5w1c0b,34,32,A,18,false
B,66,4,0,P1,3w1c1b,5w1c0b,34,32,A,28,false
B,66,4,1,P2,3w1c1b,5w1c0b,34,32,A,24,false
B,66,5,0,P1,3w1c1b,5w1c0b,34,32,A,19,false
B,66,5,1,P2,3w1c1b,5w1c0b,34,32,A,27,false
B,66,6,0,P1,3w1c1b,5w1c0b,34,32,B,20,false
B,66,6,1,P2,3w1c1b,5w1c0b,34,32,B,21,false
B,66,7,0,P1,3w1c1b,5w1c0b,34,32,A,20,false
B,66,7,1,P2,3w1c1b,5w1c0b,34,32,B,17,false
B,66,8,0,P1,3w1c1b,5w1c0b,34,32,B,26,false
B,66,8,1,P2,3w1c1b,5w1c0b,34,32,A,24,false
B,66,9,0,P1,3w1c1b,5w1c0b,34,32,A,33,false
B,66,9,1,P2,3w1c1b,5w1c0b,34,32,A,25,false
B,66,10,0,P1,3w1c1b,5w1c0b,34,32,B,24,false
B,66,10,1,P2,3w1c1b,5w1c0b,34,32,A,20,false
B,66,11,0,P1,3w1c1b,5w1c0b,34,32,A,23,false
B,66,11,1,P2,3w1c1b,5w1c0b,34,32,A,24,false
B,66,12,0,P1,3w1c1b,5w1c0b,34,32,B,22,false
B,66,12,1,P2,3w1c1b,5w1c0b,34,32,B,21,false
B,66,13,0,P1,3w1c1b,5w1c0b,34,32,A,24,false
B,66,13,1,P2,3w1c1b,5w1c0b,34,32,A,17,false
B,66,14,0,P1,3w1c1b,5w1c0b,34,32,A,23,false
B,66,14,1,P2,3w1c1b,5w1c0b,34,32,B,27,false
B,66,15,0,P1,3w1c1b,5w1c0b,34,32,A,25,false
B,66,15,1,P2,3w1c1b,5w1c0b,34,32,A,30,false
B,66,16,0,P1,3w1c1b,5w1c0b,34,32,B,22,false
B,66,16,1,P2,3w1c1b,5w1c0b,34,32,B,25,false
B,66,17,0,P1,3w1c1b,5w1c0b,34,32,A,29,false
B,66,17,1,P2,3w1c1b,5w1c0b,34,32,A,30,false
B,66,18,0,P1,3w1c1b,5w1c0b,34,32,A,25,false
B,66,18,1,P2,3w1c1b,5w1c0b,34,32,A,24,false
B,66,19,0,P1,3w1c1b,5w1c0b,34,32,A,34,false
B,66,19,1,P2,3w1c1b,5w1c0b,34,32,A,26,false
B,66,20,0,P1,3w1c1b,5w1c0b,34,32,A,23,false
B,66,20,1,P2,3w1c1b,5w1c0b,34,32,B,29,false
B,67,1,0,P1,3w1c1b,7w0c0b,34,35,A,27,false
B,67,1,1,P2,3w1c1b,7w0c0b,34,35,B,19,false
B,67,2,0,P1,3w1c1b,7w0c0b,34,35,B,20,false
B,67,2,1,P2,3w1c1b,7w0c0b,34,35,A,30,false
B,67,3,0,P1,3w1c1b,7w0c0b,34,35,B,26,false
B,67,3,1,P2,3w1c1b,7w0c0b,34,35,A,27,false
B,67,4,0,P1,3w1c1b,7w0c0b,34,35,A,24,false
B,67,4,1,P2,3w1c1b,7w0c0b,34,35,A,20,false
B,67,5,0,P1,3w1c1b,7w0c0b,34,35,B,20,false
B,67,5,1,P2,3w1c1b,7w0c0b,34,35,draw,100,true
B,67,6,0,P1,3w1c1b,7w0c0b,34,35,B,16,false
B,67,6,1,P2,3w1c1b,7w0c0b,34,35,A,20,false
B,67,7,0,P1,3w1c1b,7w0c0b,34,35,A,25,false
B,67,7,1,P2,3w1c1b,7w0c0b,34,35,B,17,false
B,67,8,0,P1,3w1c1b,7w0c0b,34,35,A,23,false
B,67,8,1,P2,3w1c1b,7w0c0b,34,35,B,19,false
B,67,9,0,P1,3w1c1b,7w0c0b,34,35,A,27,false
B,67,9,1,P2,3w1c1b,7w0c0b,34,35,B,23,false
B,67,10,0,P1,3w1c1b,7w0c0b,34,35,B,18,false
B,67,10,1,P2,3w1c1b,7w0c0b,34,35,A,23,false
B,67,11,0,P1,3w1c1b,7w0c0b,34,35,B,24,false
B,67,11,1,P2,3w1c1b,7w0c0b,34,35,A,27,false
B,67,12,0,P1,3w1c1b,7w0c0b,34,35,B,22,false
B,67,12,1,P2,3w1c1b,7w0c0b,34,35,B,21,false
B,67,13,0,P1,3w1c1b,7w0c0b,34,35,B,20,false
B,67,13,1,P2,3w1c1b,7w0c0b,34,35,A,23,false
B,67,14,0,P1,3w1c1b,7w0c0b,34,35,A,19,false
B,67,14,1,P2,3w1c1b,7w0c0b,34,35,B,33,false
B,67,15,0,P1,3w1c1b,7w0c0b,34,35,A,24,false
B,67,15,1,P2,3w1c1b,7w0c0b,34,35,B,28,false
B,67,16,0,P1,3w1c1b,7w0c0b,34,35,B,18,false
B,67,16,1,P2,3w1c1b,7w0c0b,34,35,A,27,false
B,67,17,0,P1,3w1c1b,7w0c0b,34,35,A,30,false
B,67,17,1,P2,3w1c1b,7w0c0b,34,35,B,29,false
B,67,18,0,P1,3w1c1b,7w0c0b,34,35,B,24,false
B,67,18,1,P2,3w1c1b,7w0c0b,34,35,B,24,false
B,67,19,0,P1,3w1c1b,7w0c0b,34,35,B,22,false
B,67,19,1,P2,3w1c1b,7w0c0b,34,35,B,24,false
B,67,20,0,P1,3w1c1b,7w0c0b,34,35,A,32,false
B,67,20,1,P2,3w1c1b,7w0c0b,34,35,B,23,false
B,68,1,0,P1,3w3c0b,4w0c1b,36,32,B,24,false
B,68,1,1,P2,3w3c0b,4w0c1b,36,32,A,24,false
B,68,2,0,P1,3w3c0b,4w0c1b,36,32,B,35,false
B,68,2,1,P2,3w3c0b,4w0c1b,36,32,B,28,false
B,68,3,0,P1,3w3c0b,4w0c1b,36,32,B,22,false
B,68,3,1,P2,3w3c0b,4w0c1b,36,32,A,16,false
B,68,4,0,P1,3w3c0b,4w0c1b,36,32,A,20,false
B,68,4,1,P2,3w3c0b,4w0c1b,36,32,A,20,false
B,68,5,0,P1,3w3c0b,4w0c1b,36,32,B,33,false
B,68,5,1,P2,3w3c0b,4w0c1b,36,32,A,24,false
B,68,6,0,P1,3w3c0b,4w0c1b,36,32,A,19,false
B,68,6,1,P2,3w3c0b,4w0c1b,36,32,B,27,false
B,68,7,0,P1,3w3c0b,4w0c1b,36,32,B,22,false
B,68,7,1,P2,3w3c0b,4w0c1b,36,32,A,16,false
B,68,8,0,P1,3w3c0b,4w0c1b,36,32,draw,100,true
B,68,8,1,P2,3w3c0b,4w0c1b,36,32,A,22,false
B,68,9,0,P1,3w3c0b,4w0c1b,36,32,B,25,false
B,68,9,1,P2,3w3c0b,4w0c1b,36,32,B,24,false
B,68,10,0,P1,3w3c0b,4w0c1b,36,32,B,22,false
B,68,10,1,P2,3w3c0b,4w0c1b,36,32,A,16,false
B,68,11,0,P1,3w3c0b,4w0c1b,36,32,A,19,false
B,68,11,1,P2,3w3c0b,4w0c1b,36,32,B,26,false
B,68,12,0,P1,3w3c0b,4w0c1b,36,32,B,23,false
B,68,12,1,P2,3w3c0b,4w0c1b,36,32,A,20,false
B,68,13,0,P1,3w3c0b,4w0c1b,36,32,A,23,false
B,68,13,1,P2,3w3c0b,4w0c1b,36,32,A,14,false
B,68,14,0,P1,3w3c0b,4w0c1b,36,32,A,28,false
B,68,14,1,P2,3w3c0b,4w0c1b,36,32,B,23,false
B,68,15,0,P1,3w3c0b,4w0c1b,36,32,B,24,false
B,68,15,1,P2,3w3c0b,4w0c1b,36,32,B,19,false
B,68,16,0,P1,3w3c0b,4w0c1b,36,32,A,29,false
B,68,16,1,P2,3w3c0b,4w0c1b,36,32,A,24,false
B,68,17,0,P1,3w3c0b,4w0c1b,36,32,A,23,false
B,68,17,1,P2,3w3c0b,4w0c1b,36,32,B,37,false
B,68,18,0,P1,3w3c0b,4w0c1b,36,32,A,17,false
B,68,18,1,P2,3w3c0b,4w0c1b,36,32,A,22,false
B,68,19,0,P1,3w3c0b,4w0c1b,36,32,A,31,false
B,68,19,1,P2,3w3c0b,4w0c1b,36,32,A,22,false
B,68,20,0,P1,3w3c0b,4w0c1b,36,32,B,24,false
B,68,20,1,P2,3w3c0b,4w0c1b,36,32,A,20,false
B,69,1,0,P1,3w3c0b,4w2c0b,36,34,A,23,false
B,69,1,1,P2,3w3c0b,4w2c0b,36,34,A,28,false
B,69,2,0,P1,3w3c0b,4w2c0b,36,34,B,22,false
B,69,2,1,P2,3w3c0b,4w2c0b,36,34,A,19,false
B,69,3,0,P1,3w3c0b,4w2c0b,36,34,B,24,false
B,69,3,1,P2,3w3c0b,4w2c0b,36,34,A,24,false
B,69,4,0,P1,3w3c0b,4w2c0b,36,34,A,28,false
B,69,4,1,P2,3w3c0b,4w2c0b,36,34,A,22,false
B,69,5,0,P1,3w3c0b,4w2c0b,36,34,A,28,false
B,69,5,1,P2,3w3c0b,4w2c0b,36,34,A,32,false
B,69,6,0,P1,3w3c0b,4w2c0b,36,34,B,16,false
B,69,6,1,P2,3w3c0b,4w2c0b,36,34,B,21,false
B,69,7,0,P1,3w3c0b,4w2c0b,36,34,A,21,false
B,69,7,1,P2,3w3c0b,4w2c0b,36,34,B,19,false
B,69,8,0,P1,3w3c0b,4w2c0b,36,34,A,20,false
B,69,8,1,P2,3w3c0b,4w2c0b,36,34,B,31,false
B,69,9,0,P1,3w3c0b,4w2c0b,36,34,A,27,false
B,69,9,1,P2,3w3c0b,4w2c0b,36,34,A,16,false
B,69,10,0,P1,3w3c0b,4w2c0b,36,34,B,22,false
B,69,10,1,P2,3w3c0b,4w2c0b,36,34,A,24,false
B,69,11,0,P1,3w3c0b,4w2c0b,36,34,A,17,false
B,69,11,1,P2,3w3c0b,4w2c0b,36,34,B,21,false
B,69,12,0,P1,3w3c0b,4w2c0b,36,34,A,21,false
B,69,12,1,P2,3w3c0b,4w2c0b,36,34,A,18,false
B,69,13,0,P1,3w3c0b,4w2c0b,36,34,A,17,false
B,69,13,1,P2,3w3c0b,4w2c0b,36,34,A,18,false
B,69,14,0,P1,3w3c0b,4w2c0b,36,34,B,21,false
B,69,14,1,P2,3w3c0b,4w2c0b,36,34,A,20,false
B,69,15,0,P1,3w3c0b,4w2c0b,36,34,B,20,false
B,69,15,1,P2,3w3c0b,4w2c0b,36,34,A,24,false
B,69,16,0,P1,3w3c0b,4w2c0b,36,34,A,27,false
B,69,16,1,P2,3w3c0b,4w2c0b,36,34,B,23,false
B,69,17,0,P1,3w3c0b,4w2c0b,36,34,A,41,false
B,69,17,1,P2,3w3c0b,4w2c0b,36,34,B,23,false
B,69,18,0,P1,3w3c0b,4w2c0b,36,34,A,19,false
B,69,18,1,P2,3w3c0b,4w2c0b,36,34,B,19,false
B,69,19,0,P1,3w3c0b,4w2c0b,36,34,B,18,false
B,69,19,1,P2,3w3c0b,4w2c0b,36,34,B,23,false
B,69,20,0,P1,3w3c0b,4w2c0b,36,34,B,27,false
B,69,20,1,P2,3w3c0b,4w2c0b,36,34,B,19,false
B,70,1,0,P1,3w3c0b,5w1c0b,36,32,A,19,false
B,70,1,1,P2,3w3c0b,5w1c0b,36,32,A,24,false
B,70,2,0,P1,3w3c0b,5w1c0b,36,32,B,32,false
B,70,2,1,P2,3w3c0b,5w1c0b,36,32,A,28,false
B,70,3,0,P1,3w3c0b,5w1c0b,36,32,B,24,false
B,70,3,1,P2,3w3c0b,5w1c0b,36,32,B,21,false
B,70,4,0,P1,3w3c0b,5w1c0b,36,32,B,26,false
B,70,4,1,P2,3w3c0b,5w1c0b,36,32,A,24,false
B,70,5,0,P1,3w3c0b,5w1c0b,36,32,A,19,false
B,70,5,1,P2,3w3c0b,5w1c0b,36,32,B,21,false
B,70,6,0,P1,3w3c0b,5w1c0b,36,32,B,17,false
B,70,6,1,P2,3w3c0b,5w1c0b,36,32,B,21,false
B,70,7,0,P1,3w3c0b,5w1c0b,36,32,A,21,false
B,70,7,1,P2,3w3c0b,5w1c0b,36,32,A,30,false
B,70,8,0,P1,3w3c0b,5w1c0b,36,32,A,24,false
B,70,8,1,P2,3w3c0b,5w1c0b,36,32,A,23,false
B,70,9,0,P1,3w3c0b,5w1c0b,36,32,B,23,false
B,70,9,1,P2,3w3c0b,5w1c0b,36,32,A,24,false
B,70,10,0,P1,3w3c0b,5w1c0b,36,32,A,21,false
B,70,10,1,P2,3w3c0b,5w1c0b,36,32,B,25,false
B,70,11,0,P1,3w3c0b,5w1c0b,36,32,B,23,false
B,70,11,1,P2,3w3c0b,5w1c0b,36,32,A,22,false
B,70,12,0,P1,3w3c0b,5w1c0b,36,32,A,33,false
B,70,12,1,P2,3w3c0b,5w1c0b,36,32,A,22,false
B,70,13,0,P1,3w3c0b,5w1c0b,36,32,A,20,false
B,70,13,1,P2,3w3c0b,5w1c0b,36,32,A,22,false
B,70,14,0,P1,3w3c0b,5w1c0b,36,32,B,28,false
B,70,14,1,P2,3w3c0b,5w1c0b,36,32,B,21,false
B,70,15,0,P1,3w3c0b,5w1c0b,36,32,A,19,false
B,70,15,1,P2,3w3c0b,5w1c0b,36,32,A,22,false
B,70,16,0,P1,3w3c0b,5w1c0b,36,32,A,22,false
B,70,16,1,P2,3w3c0b,5w1c0b,36,32,B,19,false
B,70,17,0,P1,3w3c0b,5w1c0b,36,32,A,19,false
B,70,17,1,P2,3w3c0b,5w1c0b,36,32,A,30,false
B,70,18,0,P1,3w3c0b,5w1c0b,36,32,B,25,false
B,70,18,1,P2,3w3c0b,5w1c0b,36,32,A,22,false
B,70,19,0,P1,3w3c0b,5w1c0b,36,32,B,18,false
B,70,19,1,P2,3w3c0b,5w1c0b,36,32,A,30,false
B,70,20,0,P1,3w3c0b,5w1c0b,36,32,B,23,false
B,70,20,1,P2,3w3c0b,5w1c0b,36,32,B,18,false
B,71,1,0,P1,3w3c0b,7w0c0b,36,35,B,26,false
B,71,1,1,P2,3w3c0b,7w0c0b,36,35,A,20,false
B,71,2,0,P1,3w3c0b,7w0c0b,36,35,B,28,false
B,71,2,1,P2,3w3c0b,7w0c0b,36,35,A,26,false
B,71,3,0,P1,3w3c0b,7w0c0b,36,35,B,18,false
B,71,3,1,P2,3w3c0b,7w0c0b,36,35,B,21,false
B,71,4,0,P1,3w3c0b,7w0c0b,36,35,B,28,false
B,71,4,1,P2,3w3c0b,7w0c0b,36,35,A,20,false
B,71,5,0,P1,3w3c0b,7w0c0b,36,35,A,29,false
B,71,5,1,P2,3w3c0b,7w0c0b,36,35,A,26,false
B,71,6,0,P1,3w3c0b,7w0c0b,36,35,B,20,false
B,71,6,1,P2,3w3c0b,7w0c0b,36,35,B,29,false
B,71,7,0,P1,3w3c0b,7w0c0b,36,35,A,17,false
B,71,7,1,P2,3w3c0b,7w0c0b,36,35,B,19,false
B,71,8,0,P1,3w3c0b,7w0c0b,36,35,B,20,false
B,71,8,1,P2,3w3c0b,7w0c0b,36,35,B,19,false
B,71,9,0,P1,3w3c0b,7w0c0b,36,35,B,22,false
B,71,9,1,P2,3w3c0b,7w0c0b,36,35,A,23,false
B,71,10,0,P1,3w3c0b,7w0c0b,36,35,B,20,false
B,71,10,1,P2,3w3c0b,7w0c0b,36,35,B,23,false
B,71,11,0,P1,3w3c0b,7w0c0b,36,35,A,23,false
B,71,11,1,P2,3w3c0b,7w0c0b,36,35,B,17,false
B,71,12,0,P1,3w3c0b,7w0c0b,36,35,B,28,false
B,71,12,1,P2,3w3c0b,7w0c0b,36,35,B,17,false
B,71,13,0,P1,3w3c0b,7w0c0b,36,35,B,27,false
B,71,13,1,P2,3w3c0b,7w0c0b,36,35,A,24,false
B,71,14,0,P1,3w3c0b,7w0c0b,36,35,B,26,false
B,71,14,1,P2,3w3c0b,7w0c0b,36,35,B,23,false
B,71,15,0,P1,3w3c0b,7w0c0b,36,35,B,20,false
B,71,15,1,P2,3w3c0b,7w0c0b,36,35,B,19,false
B,71,16,0,P1,3w3c0b,7w0c0b,36,35,A,24,false
B,71,16,1,P2,3w3c0b,7w0c0b,36,35,A,23,false
B,71,17,0,P1,3w3c0b,7w0c0b,36,35,A,23,false
B,71,17,1,P2,3w3c0b,7w0c0b,36,35,B,43,false
B,71,18,0,P1,3w3c0b,7w0c0b,36,35,B,22,false
B,71,18,1,P2,3w3c0b,7w0c0b,36,35,B,26,false
B,71,19,0,P1,3w3c0b,7w0c0b,36,35,A,30,false
B,71,19,1,P2,3w3c0b,7w0c0b,36,35,B,23,false
B,71,20,0,P1,3w3c0b,7w0c0b,36,35,A,25,false
B,71,20,1,P2,3w3c0b,7w0c0b,36,35,B,25,false
B,72,1,0,P1,4w0c1b,4w2c0b,32,34,A,29,false
B,72,1,1,P2,4w0c1b,4w2c0b,32,34,A,20,false
B,72,2,0,P1,4w0c1b,4w2c0b,32,34,B,30,false
B,72,2,1,P2,4w0c1b,4w2c0b,32,34,A,28,false
B,72,3,0,P1,4w0c1b,4w2c0b,32,34,A,23,false
B,72,3,1,P2,4w0c1b,4w2c0b,32,34,B,31,false
B,72,4,0,P1,4w0c1b,4w2c0b,32,34,B,18,false
B,72,4,1,P2,4w0c1b,4w2c0b,32,34,B,23,false
B,72,5,0,P1,4w0c1b,4w2c0b,32,34,A,23,false
B,72,5,1,P2,4w0c1b,4w2c0b,32,34,B,25,false
B,72,6,0,P1,4w0c1b,4w2c0b,32,34,A,17,false
B,72,6,1,P2,4w0c1b,4w2c0b,32,34,B,21,false
B,72,7,0,P1,4w0c1b,4w2c0b,32,34,B,24,false
B,72,7,1,P2,4w0c1b,4w2c0b,32,34,A,20,false
B,72,8,0,P1,4w0c1b,4w2c0b,32,34,B,22,false
B,72,8,1,P2,4w0c1b,4w2c0b,32,34,B,21,false
B,72,9,0,P1,4w0c1b,4w2c0b,32,34,B,23,false
B,72,9,1,P2,4w0c1b,4w2c0b,32,34,A,31,false
B,72,10,0,P1,4w0c1b,4w2c0b,32,34,B,18,false
B,72,10,1,P2,4w0c1b,4w2c0b,32,34,A,18,false
B,72,11,0,P1,4w0c1b,4w2c0b,32,34,B,25,false
B,72,11,1,P2,4w0c1b,4w2c0b,32,34,B,25,false
B,72,12,0,P1,4w0c1b,4w2c0b,32,34,B,24,false
B,72,12,1,P2,4w0c1b,4w2c0b,32,34,A,27,false
B,72,13,0,P1,4w0c1b,4w2c0b,32,34,B,16,false
B,72,13,1,P2,4w0c1b,4w2c0b,32,34,B,15,false
B,72,14,0,P1,4w0c1b,4w2c0b,32,34,A,23,false
B,72,14,1,P2,4w0c1b,4w2c0b,32,34,B,25,false
B,72,15,0,P1,4w0c1b,4w2c0b,32,34,B,22,false
B,72,15,1,P2,4w0c1b,4w2c0b,32,34,B,27,false
B,72,16,0,P1,4w0c1b,4w2c0b,32,34,B,26,false
B,72,16,1,P2,4w0c1b,4w2c0b,32,34,B,19,false
B,72,17,0,P1,4w0c1b,4w2c0b,32,34,A,31,false
B,72,17,1,P2,4w0c1b,4w2c0b,32,34,B,25,false
B,72,18,0,P1,4w0c1b,4w2c0b,32,34,B,20,false
B,72,18,1,P2,4w0c1b,4w2c0b,32,34,A,20,false
B,72,19,0,P1,4w0c1b,4w2c0b,32,34,B,24,false
B,72,19,1,P2,4w0c1b,4w2c0b,32,34,B,21,false
B,72,20,0,P1,4w0c1b,4w2c0b,32,34,B,30,false
B,72,20,1,P2,4w0c1b,4w2c0b,32,34,B,38,false
B,73,1,0,P1,4w0c1b,5w1c0b,32,32,A,25,false
B,73,1,1,P2,4w0c1b,5w1c0b,32,32,A,31,false
B,73,2,0,P1,4w0c1b,5w1c0b,32,32,A,26,false
B,73,2,1,P2,4w0c1b,5w1c0b,32,32,B,23,false
B,73,3,0,P1,4w0c1b,5w1c0b,32,32,A,23,false
B,73,3,1,P2,4w0c1b,5w1c0b,32,32,A,20,false
B,73,4,0,P1,4w0c1b,5w1c0b,32,32,B,27,false
B,73,4,1,P2,4w0c1b,5w1c0b,32,32,A,32,false
B,73,5,0,P1,4w0c1b,5w1c0b,32,32,A,28,false
B,73,5,1,P2,4w0c1b,5w1c0b,32,32,A,25,false
B,73,6,0,P1,4w0c1b,5w1c0b,32,32,B,31,false
B,73,6,1,P2,4w0c1b,5w1c0b,32,32,B,19,false
B,73,7,0,P1,4w0c1b,5w1c0b,32,32,A,21,false
B,73,7,1,P2,4w0c1b,5w1c0b,32,32,B,23,false
B,73,8,0,P1,4w0c1b,5w1c0b,32,32,A,23,false
B,73,8,1,P2,4w0c1b,5w1c0b,32,32,A,24,false
B,73,9,0,P1,4w0c1b,5w1c0b,32,32,A,24,false
B,73,9,1,P2,4w0c1b,5w1c0b,32,32,A,39,false
B,73,10,0,P1,4w0c1b,5w1c0b,32,32,A,24,false
B,73,10,1,P2,4w0c1b,5w1c0b,32,32,B,23,false
B,73,11,0,P1,4w0c1b,5w1c0b,32,32,B,18,false
B,73,11,1,P2,4w0c1b,5w1c0b,32,32,draw,100,true
B,73,12,0,P1,4w0c1b,5w1c0b,32,32,A,23,false
B,73,12,1,P2,4w0c1b,5w1c0b,32,32,B,21,false
B,73,13,0,P1,4w0c1b,5w1c0b,32,32,A,19,false
B,73,13,1,P2,4w0c1b,5w1c0b,32,32,B,35,false
B,73,14,0,P1,4w0c1b,5w1c0b,32,32,A,25,false
B,73,14,1,P2,4w0c1b,5w1c0b,32,32,A,35,false
B,73,15,0,P1,4w0c1b,5w1c0b,32,32,A,21,false
B,73,15,1,P2,4w0c1b,5w1c0b,32,32,B,36,false
B,73,16,0,P1,4w0c1b,5w1c0b,32,32,B,18,false
B,73,16,1,P2,4w0c1b,5w1c0b,32,32,A,20,false
B,73,17,0,P1,4w0c1b,5w1c0b,32,32,A,34,false
B,73,17,1,P2,4w0c1b,5w1c0b,32,32,B,35,false
B,73,18,0,P1,4w0c1b,5w1c0b,32,32,A,23,false
B,73,18,1,P2,4w0c1b,5w1c0b,32,32,A,20,false
B,73,19,0,P1,4w0c1b,5w1c0b,32,32,B,27,false
B,73,19,1,P2,4w0c1b,5w1c0b,32,32,A,24,false
B,73,20,0,P1,4w0c1b,5w1c0b,32,32,B,28,false
B,73,20,1,P2,4w0c1b,5w1c0b,32,32,B,25,false
B,74,1,0,P1,4w0c1b,7w0c0b,32,35,B,22,false
B,74,1,1,P2,4w0c1b,7w0c0b,32,35,A,22,false
B,74,2,0,P1,4w0c1b,7w0c0b,32,35,B,27,false
B,74,2,1,P2,4w0c1b,7w0c0b,32,35,B,23,false
B,74,3,0,P1,4w0c1b,7w0c0b,32,35,B,22,false
B,74,3,1,P2,4w0c1b,7w0c0b,32,35,A,22,false
B,74,4,0,P1,4w0c1b,7w0c0b,32,35,B,28,false
B,74,4,1,P2,4w0c1b,7w0c0b,32,35,A,20,false
B,74,5,0,P1,4w0c1b,7w0c0b,32,35,B,31,false
B,74,5,1,P2,4w0c1b,7w0c0b,32,35,B,25,false
B,74,6,0,P1,4w0c1b,7w0c0b,32,35,A,27,false
B,74,6,1,P2,4w0c1b,7w0c0b,32,35,A,20,false
B,74,7,0,P1,4w0c1b,7w0c0b,32,35,A,27,false
B,74,7,1,P2,4w0c1b,7w0c0b,32,35,A,18,false
B,74,8,0,P1,4w0c1b,7w0c0b,32,35,B,24,false
B,74,8,1,P2,4w0c1b,7w0c0b,32,35,B,17,false
B,74,9,0,P1,4w0c1b,7w0c0b,32,35,B,32,false
B,74,9,1,P2,4w0c1b,7w0c0b,32,35,B,23,false
B,74,10,0,P1,4w0c1b,7w0c0b,32,35,B,18,false
B,74,10,1,P2,4w0c1b,7w0c0b,32,35,A,33,false
B,74,11,0,P1,4w0c1b,7w0c0b,32,35,B,25,false
B,74,11,1,P2,4w0c1b,7w0c0b,32,35,A,31,false
B,74,12,0,P1,4w0c1b,7w0c0b,32,35,B,30,false
B,74,12,1,P2,4w0c1b,7w0c0b,32,35,B,21,false
B,74,13,0,P1,4w0c1b,7w0c0b,32,35,B,24,false
B,74,13,1,P2,4w0c1b,7w0c0b,32,35,A,22,false
B,74,14,0,P1,4w0c1b,7w0c0b,32,35,A,39,false
B,74,14,1,P2,4w0c1b,7w0c0b,32,35,B,35,false
B,74,15,0,P1,4w0c1b,7w0c0b,32,35,A,28,false
B,74,15,1,P2,4w0c1b,7w0c0b,32,35,B,24,false
B,74,16,0,P1,4w0c1b,7w0c0b,32,35,B,22,false
B,74,16,1,P2,4w0c1b,7w0c0b,32,35,B,24,false
B,74,17,0,P1,4w0c1b,7w0c0b,32,35,A,33,false
B,74,17,1,P2,4w0c1b,7w0c0b,32,35,B,29,false
B,74,18,0,P1,4w0c1b,7w0c0b,32,35,A,31,false
B,74,18,1,P2,4w0c1b,7w0c0b,32,35,A,22,false
B,74,19,0,P1,4w0c1b,7w0c0b,32,35,A,25,false
B,74,19,1,P2,4w0c1b,7w0c0b,32,35,B,28,false
B,74,20,0,P1,4w0c1b,7w0c0b,32,35,B,30,false
B,74,20,1,P2,4w0c1b,7w0c0b,32,35,A,31,false
B,75,1,0,P1,4w2c0b,5w1c0b,34,32,A,23,false
B,75,1,1,P2,4w2c0b,5w1c0b,34,32,B,23,false
B,75,2,0,P1,4w2c0b,5w1c0b,34,32,B,26,false
B,75,2,1,P2,4w2c0b,5w1c0b,34,32,A,20,false
B,75,3,0,P1,4w2c0b,5w1c0b,34,32,B,16,false
B,75,3,1,P2,4w2c0b,5w1c0b,34,32,B,18,false
B,75,4,0,P1,4w2c0b,5w1c0b,34,32,B,24,false
B,75,4,1,P2,4w2c0b,5w1c0b,34,32,A,27,false
B,75,5,0,P1,4w2c0b,5w1c0b,34,32,A,23,false
B,75,5,1,P2,4w2c0b,5w1c0b,34,32,A,25,false
B,75,6,0,P1,4w2c0b,5w1c0b,34,32,B,25,false
B,75,6,1,P2,4w2c0b,5w1c0b,34,32,B,21,false
B,75,7,0,P1,4w2c0b,5w1c0b,34,32,A,27,false
B,75,7,1,P2,4w2c0b,5w1c0b,34,32,A,21,false
B,75,8,0,P1,4w2c0b,5w1c0b,34,32,A,25,false
B,75,8,1,P2,4w2c0b,5w1c0b,34,32,B,21,false
B,75,9,0,P1,4w2c0b,5w1c0b,34,32,B,30,false
B,75,9,1,P2,4w2c0b,5w1c0b,34,32,A,25,false
B,75,10,0,P1,4w2c0b,5w1c0b,34,32,A,21,false
B,75,10,1,P2,4w2c0b,5w1c0b,34,32,A,29,false
B,75,11,0,P1,4w2c0b,5w1c0b,34,32,B,20,false
B,75,11,1,P2,4w2c0b,5w1c0b,34,32,A,20,false
B,75,12,0,P1,4w2c0b,5w1c0b,34,32,A,21,false
B,75,12,1,P2,4w2c0b,5w1c0b,34,32,B,27,false
B,75,13,0,P1,4w2c0b,5w1c0b,34,32,A,31,false
B,75,13,1,P2,4w2c0b,5w1c0b,34,32,A,26,false
B,75,14,0,P1,4w2c0b,5w1c0b,34,32,B,24,false
B,75,14,1,P2,4w2c0b,5w1c0b,34,32,A,24,false
B,75,15,0,P1,4w2c0b,5w1c0b,34,32,B,24,false
B,75,15,1,P2,4w2c0b,5w1c0b,34,32,A,25,false
B,75,16,0,P1,4w2c0b,5w1c0b,34,32,B,22,false
B,75,16,1,P2,4w2c0b,5w1c0b,34,32,A,18,false
B,75,17,0,P1,4w2c0b,5w1c0b,34,32,A,17,false
B,75,17,1,P2,4w2c0b,5w1c0b,34,32,A,30,false
B,75,18,0,P1,4w2c0b,5w1c0b,34,32,A,25,false
B,75,18,1,P2,4w2c0b,5w1c0b,34,32,A,22,false
B,75,19,0,P1,4w2c0b,5w1c0b,34,32,B,22,false
B,75,19,1,P2,4w2c0b,5w1c0b,34,32,A,20,false
B,75,20,0,P1,4w2c0b,5w1c0b,34,32,A,27,false
B,75,20,1,P2,4w2c0b,5w1c0b,34,32,A,26,false
B,76,1,0,P1,4w2c0b,7w0c0b,34,35,B,22,false
B,76,1,1,P2,4w2c0b,7w0c0b,34,35,B,29,false
B,76,2,0,P1,4w2c0b,7w0c0b,34,35,B,23,false
B,76,2,1,P2,4w2c0b,7w0c0b,34,35,B,24,false
B,76,3,0,P1,4w2c0b,7w0c0b,34,35,B,22,false
B,76,3,1,P2,4w2c0b,7w0c0b,34,35,B,21,false
B,76,4,0,P1,4w2c0b,7w0c0b,34,35,B,26,false
B,76,4,1,P2,4w2c0b,7w0c0b,34,35,A,20,false
B,76,5,0,P1,4w2c0b,7w0c0b,34,35,A,23,false
B,76,5,1,P2,4w2c0b,7w0c0b,34,35,A,20,false
B,76,6,0,P1,4w2c0b,7w0c0b,34,35,B,20,false
B,76,6,1,P2,4w2c0b,7w0c0b,34,35,B,25,false
B,76,7,0,P1,4w2c0b,7w0c0b,34,35,B,23,false
B,76,7,1,P2,4w2c0b,7w0c0b,34,35,B,27,false
B,76,8,0,P1,4w2c0b,7w0c0b,34,35,B,20,false
B,76,8,1,P2,4w2c0b,7w0c0b,34,35,A,26,false
B,76,9,0,P1,4w2c0b,7w0c0b,34,35,B,20,false
B,76,9,1,P2,4w2c0b,7w0c0b,34,35,A,24,false
B,76,10,0,P1,4w2c0b,7w0c0b,34,35,B,18,false
B,76,10,1,P2,4w2c0b,7w0c0b,34,35,B,23,false
B,76,11,0,P1,4w2c0b,7w0c0b,34,35,B,18,false
B,76,11,1,P2,4w2c0b,7w0c0b,34,35,B,23,false
B,76,12,0,P1,4w2c0b,7w0c0b,34,35,A,15,false
B,76,12,1,P2,4w2c0b,7w0c0b,34,35,B,19,false
B,76,13,0,P1,4w2c0b,7w0c0b,34,35,B,24,false
B,76,13,1,P2,4w2c0b,7w0c0b,34,35,A,26,false
B,76,14,0,P1,4w2c0b,7w0c0b,34,35,B,25,false
B,76,14,1,P2,4w2c0b,7w0c0b,34,35,B,23,false
B,76,15,0,P1,4w2c0b,7w0c0b,34,35,B,22,false
B,76,15,1,P2,4w2c0b,7w0c0b,34,35,B,27,false
B,76,16,0,P1,4w2c0b,7w0c0b,34,35,B,24,false
B,76,16,1,P2,4w2c0b,7w0c0b,34,35,A,21,false
B,76,17,0,P1,4w2c0b,7w0c0b,34,35,A,32,false
B,76,17,1,P2,4w2c0b,7w0c0b,34,35,B,27,false
B,76,18,0,P1,4w2c0b,7w0c0b,34,35,A,39,false
B,76,18,1,P2,4w2c0b,7w0c0b,34,35,A,22,false
B,76,19,0,P1,4w2c0b,7w0c0b,34,35,B,18,false
B,76,19,1,P2,4w2c0b,7w0c0b,34,35,B,19,false
B,76,20,0,P1,4w2c0b,7w0c0b,34,35,B,21,false
B,76,20,1,P2,4w2c0b,7w0c0b,34,35,A,24,false
B,77,1,0,P1,5w1c0b,7w0c0b,32,35,B,20,false
B,77,1,1,P2,5w1c0b,7w0c0b,32,35,A,22,false
B,77,2,0,P1,5w1c0b,7w0c0b,32,35,B,22,false
B,77,2,1,P2,5w1c0b,7w0c0b,32,35,B,29,false
B,77,3,0,P1,5w1c0b,7w0c0b,32,35,B,27,false
B,77,3,1,P2,5w1c0b,7w0c0b,32,35,B,23,false
B,77,4,0,P1,5w1c0b,7w0c0b,32,35,B,24,false
B,77,4,1,P2,5w1c0b,7w0c0b,32,35,A,26,false
B,77,5,0,P1,5w1c0b,7w0c0b,32,35,A,30,false
B,77,5,1,P2,5w1c0b,7w0c0b,32,35,A,22,false
B,77,6,0,P1,5w1c0b,7w0c0b,32,35,A,25,false
B,77,6,1,P2,5w1c0b,7w0c0b,32,35,B,21,false
B,77,7,0,P1,5w1c0b,7w0c0b,32,35,B,22,false
B,77,7,1,P2,5w1c0b,7w0c0b,32,35,B,25,false
B,77,8,0,P1,5w1c0b,7w0c0b,32,35,B,20,false
B,77,8,1,P2,5w1c0b,7w0c0b,32,35,B,17,false
B,77,9,0,P1,5w1c0b,7w0c0b,32,35,B,18,false
B,77,9,1,P2,5w1c0b,7w0c0b,32,35,A,25,false
B,77,10,0,P1,5w1c0b,7w0c0b,32,35,B,28,false
B,77,10,1,P2,5w1c0b,7w0c0b,32,35,A,36,false
B,77,11,0,P1,5w1c0b,7w0c0b,32,35,B,22,false
B,77,11,1,P2,5w1c0b,7w0c0b,32,35,A,18,false
B,77,12,0,P1,5w1c0b,7w0c0b,32,35,B,20,false
B,77,12,1,P2,5w1c0b,7w0c0b,32,35,B,18,false
B,77,13,0,P1,5w1c0b,7w0c0b,32,35,A,19,false
B,77,13,1,P2,5w1c0b,7w0c0b,32,35,B,27,false
B,77,14,0,P1,5w1c0b,7w0c0b,32,35,A,30,false
B,77,14,1,P2,5w1c0b,7w0c0b,32,35,B,21,false
B,77,15,0,P1,5w1c0b,7w0c0b,32,35,A,31,false
B,77,15,1,P2,5w1c0b,7w0c0b,32,35,B,30,false
B,77,16,0,P1,5w1c0b,7w0c0b,32,35,A,25,false
B,77,16,1,P2,5w1c0b,7w0c0b,32,35,B,26,false
B,77,17,0,P1,5w1c0b,7w0c0b,32,35,B,30,false
B,77,17,1,P2,5w1c0b,7w0c0b,32,35,A,38,false
B,77,18,0,P1,5w1c0b,7w0c0b,32,35,B,18,false
B,77,18,1,P2,5w1c0b,7w0c0b,32,35,A,20,false
B,77,19,0,P1,5w1c0b,7w0c0b,32,35,B,22,false
B,77,19,1,P2,5w1c0b,7w0c0b,32,35,B,21,false
B,77,20,0,P1,5w1c0b,7w0c0b,32,35,A,25,false
B,77,20,1,P2,5w1c0b,7w0c0b,32,35,B,25,false
