price,pair_id,seed,mirror,pos_a,comp_a,comp_b,cost_a,cost_b,winner_label,turns,unresolved
A,0,1,0,P1,0w0c3b,0w2c2b,42,42,B,30,false
A,0,1,1,P2,0w0c3b,0w2c2b,42,42,B,25,false
A,0,2,0,P1,0w0c3b,0w2c2b,42,42,A,25,false
A,0,2,1,P2,0w0c3b,0w2c2b,42,42,B,25,false
A,0,3,0,P1,0w0c3b,0w2c2b,42,42,A,19,false
A,0,3,1,P2,0w0c3b,0w2c2b,42,42,B,17,false
A,0,4,0,P1,0w0c3b,0w2c2b,42,42,B,30,false
A,0,4,1,P2,0w0c3b,0w2c2b,42,42,A,37,false
A,0,5,0,P1,0w0c3b,0w2c2b,42,42,B,48,false
A,0,5,1,P2,0w0c3b,0w2c2b,42,42,B,27,false
A,0,6,0,P1,0w0c3b,0w2c2b,42,42,B,18,false
A,0,6,1,P2,0w0c3b,0w2c2b,42,42,B,19,false
A,0,7,0,P1,0w0c3b,0w2c2b,42,42,A,23,false
A,0,7,1,P2,0w0c3b,0w2c2b,42,42,B,27,false
A,0,8,0,P1,0w0c3b,0w2c2b,42,42,B,50,false
A,0,8,1,P2,0w0c3b,0w2c2b,42,42,A,30,false
A,0,9,0,P1,0w0c3b,0w2c2b,42,42,B,22,false
A,0,9,1,P2,0w0c3b,0w2c2b,42,42,B,37,false
A,0,10,0,P1,0w0c3b,0w2c2b,42,42,B,24,false
A,0,10,1,P2,0w0c3b,0w2c2b,42,42,A,24,false
A,0,11,0,P1,0w0c3b,0w2c2b,42,42,A,19,false
A,0,11,1,P2,0w0c3b,0w2c2b,42,42,B,17,false
A,0,12,0,P1,0w0c3b,0w2c2b,42,42,B,40,false
A,0,12,1,P2,0w0c3b,0w2c2b,42,42,A,30,false
A,0,13,0,P1,0w0c3b,0w2c2b,42,42,A,25,false
A,0,13,1,P2,0w0c3b,0w2c2b,42,42,B,25,false
A,0,14,0,P1,0w0c3b,0w2c2b,42,42,B,24,false
A,0,14,1,P2,0w0c3b,0w2c2b,42,42,B,25,false
A,0,15,0,P1,0w0c3b,0w2c2b,42,42,A,21,false
A,0,15,1,P2,0w0c3b,0w2c2b,42,42,B,27,false
A,0,16,0,P1,0w0c3b,0w2c2b,42,42,B,24,false
A,0,16,1,P2,0w0c3b,0w2c2b,42,42,A,34,false
A,0,17,0,P1,0w0c3b,0w2c2b,42,42,A,35,false
A,0,17,1,P2,0w0c3b,0w2c2b,42,42,B,27,false
A,0,18,0,P1,0w0c3b,0w2c2b,42,42,B,18,false
A,0,18,1,P2,0w0c3b,0w2c2b,42,42,B,25,false
A,0,19,0,P1,0w0c3b,0w2c2b,42,42,B,22,false
A,0,19,1,P2,0w0c3b,0w2c2b,42,42,A,26,false
A,0,20,0,P1,0w0c3b,0w2c2b,42,42,A,23,false
A,0,20,1,P2,0w0c3b,0w2c2b,42,42,B,31,false
A,1,1,0,P1,0w0c3b,0w4c1b,42,42,B,18,false
A,1,1,1,P2,0w0c3b,0w4c1b,42,42,A,22,false
A,1,2,0,P1,0w0c3b,0w4c1b,42,42,B,20,false
A,1,2,1,P2,0w0c3b,0w4c1b,42,42,B,21,false
A,1,3,0,P1,0w0c3b,0w4c1b,42,42,B,20,false
A,1,3,1,P2,0w0c3b,0w4c1b,42,42,A,20,false
A,1,4,0,P1,0w0c3b,0w4c1b,42,42,B,20,false
A,1,4,1,P2,0w0c3b,0w4c1b,42,42,B,23,false
A,1,5,0,P1,0w0c3b,0w4c1b,42,42,B,24,false
A,1,5,1,P2,0w0c3b,0w4c1b,42,42,B,23,false
A,1,6,0,P1,0w0c3b,0w4c1b,42,42,B,14,false
A,1,6,1,P2,0w0c3b,0w4c1b,42,42,B,17,false
A,1,7,0,P1,0w0c3b,0w4c1b,42,42,B,22,false
A,1,7,1,P2,0w0c3b,0w4c1b,42,42,B,19,false
A,1,8,0,P1,0w0c3b,0w4c1b,42,42,B,24,false
A,1,8,1,P2,0w0c3b,0w4c1b,42,42,B,21,false
A,1,9,0,P1,0w0c3b,0w4c1b,42,42,A,25,false
A,1,9,1,P2,0w0c3b,0w4c1b,42,42,B,23,false
A,1,10,0,P1,0w0c3b,0w4c1b,42,42,B,18,false
A,1,10,1,P2,0w0c3b,0w4c1b,42,42,B,23,false
A,1,11,0,P1,0w0c3b,0w4c1b,42,42,B,22,false
A,1,11,1,P2,0w0c3b,0w4c1b,42,42,B,23,false
A,1,12,0,P1,0w0c3b,0w4c1b,42,42,B,22,false
A,1,12,1,P2,0w0c3b,0w4c1b,42,42,A,28,false
A,1,13,0,P1,0w0c3b,0w4c1b,42,42,B,22,false
A,1,13,1,P2,0w0c3b,0w4c1b,42,42,B,19,false
A,1,14,0,P1,0w0c3b,0w4c1b,42,42,B,22,false
A,1,14,1,P2,0w0c3b,0w4c1b,42,42,B,19,false
A,1,15,0,P1,0w0c3b,0w4c1b,42,42,B,20,false
A,1,15,1,P2,0w0c3b,0w4c1b,42,42,B,21,false
A,1,16,0,P1,0w0c3b,0w4c1b,42,42,B,18,false
A,1,16,1,P2,0w0c3b,0w4c1b,42,42,B,17,false
A,1,17,0,P1,0w0c3b,0w4c1b,42,42,B,26,false
A,1,17,1,P2,0w0c3b,0w4c1b,42,42,B,27,false
A,1,18,0,P1,0w0c3b,0w4c1b,42,42,B,16,false
A,1,18,1,P2,0w0c3b,0w4c1b,42,42,B,19,false
A,1,19,0,P1,0w0c3b,0w4c1b,42,42,B,20,false
A,1,19,1,P2,0w0c3b,0w4c1b,42,42,B,29,false
A,1,20,0,P1,0w0c3b,0w4c1b,42,42,B,20,false
A,1,20,1,P2,0w0c3b,0w4c1b,42,42,A,32,false
A,2,1,0,P1,0w0c3b,0w6c0b,42,42,B,20,false
A,2,1,1,P2,0w0c3b,0w6c0b,42,42,B,15,false
A,2,2,0,P1,0w0c3b,0w6c0b,42,42,B,24,false
A,2,2,1,P2,0w0c3b,0w6c0b,42,42,B,21,false
A,2,3,0,P1,0w0c3b,0w6c0b,42,42,B,18,false
A,2,3,1,P2,0w0c3b,0w6c0b,42,42,B,15,false
A,2,4,0,P1,0w0c3b,0w6c0b,42,42,B,24,false
A,2,4,1,P2,0w0c3b,0w6c0b,42,42,B,25,false
A,2,5,0,P1,0w0c3b,0w6c0b,42,42,B,20,false
A,2,5,1,P2,0w0c3b,0w6c0b,42,42,B,19,false
A,2,6,0,P1,0w0c3b,0w6c0b,42,42,B,18,false
A,2,6,1,P2,0w0c3b,0w6c0b,42,42,B,13,false
A,2,7,0,P1,0w0c3b,0w6c0b,42,42,B,14,false
A,2,7,1,P2,0w0c3b,0w6c0b,42,42,B,15,false
A,2,8,0,P1,0w0c3b,0w6c0b,42,42,B,20,false
A,2,8,1,P2,0w0c3b,0w6c0b,42,42,B,21,false
A,2,9,0,P1,0w0c3b,0w6c0b,42,42,B,20,false
A,2,9,1,P2,0w0c3b,0w6c0b,42,42,B,19,false
A,2,10,0,P1,0w0c3b,0w6c0b,42,42,B,22,false
A,2,10,1,P2,0w0c3b,0w6c0b,42,42,B,17,false
A,2,11,0,P1,0w0c3b,0w6c0b,42,42,B,14,false
A,2,11,1,P2,0w0c3b,0w6c0b,42,42,B,17,false
A,2,12,0,P1,0w0c3b,0w6c0b,42,42,B,20,false
A,2,12,1,P2,0w0c3b,0w6c0b,42,42,B,19,false
A,2,13,0,P1,0w0c3b,0w6c0b,42,42,B,18,false
A,2,13,1,P2,0w0c3b,0w6c0b,42,42,B,23,false
A,2,14,0,P1,0w0c3b,0w6c0b,42,42,B,18,false
A,2,14,1,P2,0w0c3b,0w6c0b,42,42,B,17,false
A,2,15,0,P1,0w0c3b,0w6c0b,42,42,B,18,false
A,2,15,1,P2,0w0c3b,0w6c0b,42,42,B,19,false
A,2,16,0,P1,0w0c3b,0w6c0b,42,42,B,16,false
A,2,16,1,P2,0w0c3b,0w6c0b,42,42,B,15,false
A,2,17,0,P1,0w0c3b,0w6c0b,42,42,B,22,false
A,2,17,1,P2,0w0c3b,0w6c0b,42,42,B,27,false
A,2,18,0,P1,0w0c3b,0w6c0b,42,42,B,16,false
A,2,18,1,P2,0w0c3b,0w6c0b,42,42,B,13,false
A,2,19,0,P1,0w0c3b,0w6c0b,42,42,B,20,false
A,2,19,1,P2,0w0c3b,0w6c0b,42,42,B,17,false
A,2,20,0,P1,0w0c3b,0w6c0b,42,42,B,18,false
A,2,20,1,P2,0w0c3b,0w6c0b,42,42,B,25,false
A,3,1,0,P1,0w0c3b,1w1c2b,42,40,B,26,false
A,3,1,1,P2,0w0c3b,1w1c2b,42,40,A,30,false
A,3,2,0,P1,0w0c3b,1w1c2b,42,40,B,34,false
A,3,2,1,P2,0w0c3b,1w1c2b,42,40,A,24,false
A,3,3,0,P1,0w0c3b,1w1c2b,42,40,B,22,false
A,3,3,1,P2,0w0c3b,1w1c2b,42,40,A,19,false
A,3,4,0,P1,0w0c3b,1w1c2b,42,40,A,27,false
A,3,4,1,P2,0w0c3b,1w1c2b,42,40,B,31,false
A,3,5,0,P1,0w0c3b,1w1c2b,42,40,B,26,false
A,3,5,1,P2,0w0c3b,1w1c2b,42,40,B,31,false
A,3,6,0,P1,0w0c3b,1w1c2b,42,40,B,22,false
A,3,6,1,P2,0w0c3b,1w1c2b,42,40,B,21,false
A,3,7,0,P1,0w0c3b,1w1c2b,42,40,A,23,false
A,3,7,1,P2,0w0c3b,1w1c2b,42,40,A,26,false
A,3,8,0,P1,0w0c3b,1w1c2b,42,40,B,34,false
A,3,8,1,P2,0w0c3b,1w1c2b,42,40,B,31,false
A,3,9,0,P1,0w0c3b,1w1c2b,42,40,A,21,false
A,3,9,1,P2,0w0c3b,1w1c2b,42,40,A,34,false
A,3,10,0,P1,0w0c3b,1w1c2b,42,40,A,27,false
A,3,10,1,P2,0w0c3b,1w1c2b,42,40,A,28,false
A,3,11,0,P1,0w0c3b,1w1c2b,42,40,B,26,false
A,3,11,1,P2,0w0c3b,1w1c2b,42,40,A,18,false
A,3,12,0,P1,0w0c3b,1w1c2b,42,40,B,30,false
A,3,12,1,P2,0w0c3b,1w1c2b,42,40,A,22,false
A,3,13,0,P1,0w0c3b,1w1c2b,42,40,A,24,false
A,3,13,1,P2,0w0c3b,1w1c2b,42,40,A,22,false
A,3,14,0,P1,0w0c3b,1w1c2b,42,40,B,28,false
A,3,14,1,P2,0w0c3b,1w1c2b,42,40,A,26,false
A,3,15,0,P1,0w0c3b,1w1c2b,42,40,A,40,false
A,3,15,1,P2,0w0c3b,1w1c2b,42,40,B,25,false
A,3,16,0,P1,0w0c3b,1w1c2b,42,40,B,26,false
A,3,16,1,P2,0w0c3b,1w1c2b,42,40,A,24,false
A,3,17,0,P1,0w0c3b,1w1c2b,42,40,A,41,false
A,3,17,1,P2,0w0c3b,1w1c2b,42,40,A,28,false
A,3,18,0,P1,0w0c3b,1w1c2b,42,40,B,18,false
A,3,18,1,P2,0w0c3b,1w1c2b,42,40,B,19,false
A,3,19,0,P1,0w0c3b,1w1c2b,42,40,B,24,false
A,3,19,1,P2,0w0c3b,1w1c2b,42,40,B,23,false
A,3,20,0,P1,0w0c3b,1w1c2b,42,40,A,29,false
A,3,20,1,P2,0w0c3b,1w1c2b,42,40,A,33,false
A,4,1,0,P1,0w0c3b,1w3c1b,42,40,B,20,false
A,4,1,1,P2,0w0c3b,1w3c1b,42,40,A,30,false
A,4,2,0,P1,0w0c3b,1w3c1b,42,40,B,30,false
A,4,2,1,P2,0w0c3b,1w3c1b,42,40,A,28,false
A,4,3,0,P1,0w0c3b,1w3c1b,42,40,B,26,false
A,4,3,1,P2,0w0c3b,1w3c1b,42,40,A,27,false
A,4,4,0,P1,0w0c3b,1w3c1b,42,40,B,20,false
A,4,4,1,P2,0w0c3b,1w3c1b,42,40,B,25,false
A,4,5,0,P1,0w0c3b,1w3c1b,42,40,A,25,false
A,4,5,1,P2,0w0c3b,1w3c1b,42,40,B,37,false
A,4,6,0,P1,0w0c3b,1w3c1b,42,40,B,16,false
A,4,6,1,P2,0w0c3b,1w3c1b,42,40,B,17,false
A,4,7,0,P1,0w0c3b,1w3c1b,42,40,B,18,false
A,4,7,1,P2,0w0c3b,1w3c1b,42,40,A,25,false
A,4,8,0,P1,0w0c3b,1w3c1b,42,40,B,34,false
A,4,8,1,P2,0w0c3b,1w3c1b,42,40,B,19,false
A,4,9,0,P1,0w0c3b,1w3c1b,42,40,B,24,false
A,4,9,1,P2,0w0c3b,1w3c1b,42,40,B,35,false
A,4,10,0,P1,0w0c3b,1w3c1b,42,40,B,22,false
A,4,10,1,P2,0w0c3b,1w3c1b,42,40,B,23,false
A,4,11,0,P1,0w0c3b,1w3c1b,42,40,A,17,false
A,4,11,1,P2,0w0c3b,1w3c1b,42,40,B,21,false
A,4,12,0,P1,0w0c3b,1w3c1b,42,40,B,36,false
A,4,12,1,P2,0w0c3b,1w3c1b,42,40,B,21,false
A,4,13,0,P1,0w0c3b,1w3c1b,42,40,B,26,false
A,4,13,1,P2,0w0c3b,1w3c1b,42,40,B,21,false
A,4,14,0,P1,0w0c3b,1w3c1b,42,40,B,34,false
A,4,14,1,P2,0w0c3b,1w3c1b,42,40,B,19,false
A,4,15,0,P1,0w0c3b,1w3c1b,42,40,A,33,false
A,4,15,1,P2,0w0c3b,1w3c1b,42,40,A,29,false
A,4,16,0,P1,0w0c3b,1w3c1b,42,40,A,21,false
A,4,16,1,P2,0w0c3b,1w3c1b,42,40,B,25,false
A,4,17,0,P1,0w0c3b,1w3c1b,42,40,B,36,false
A,4,17,1,P2,0w0c3b,1w3c1b,42,40,A,34,false
A,4,18,0,P1,0w0c3b,1w3c1b,42,40,B,16,false
A,4,18,1,P2,0w0c3b,1w3c1b,42,40,B,19,false
A,4,19,0,P1,0w0c3b,1w3c1b,42,40,B,32,false
A,4,19,1,P2,0w0c3b,1w3c1b,42,40,B,23,false
A,4,20,0,P1,0w0c3b,1w3c1b,42,40,B,24,false
A,4,20,1,P2,0w0c3b,1w3c1b,42,40,B,29,false
A,5,1,0,P1,0w0c3b,1w5c0b,42,40,B,20,false
A,5,1,1,P2,0w0c3b,1w5c0b,42,40,B,15,false
A,5,2,0,P1,0w0c3b,1w5c0b,42,40,B,24,false
A,5,2,1,P2,0w0c3b,1w5c0b,42,40,B,21,false
A,5,3,0,P1,0w0c3b,1w5c0b,42,40,B,18,false
A,5,3,1,P2,0w0c3b,1w5c0b,42,40,B,13,false
A,5,4,0,P1,0w0c3b,1w5c0b,42,40,B,24,false
A,5,4,1,P2,0w0c3b,1w5c0b,42,40,A,25,false
A,5,5,0,P1,0w0c3b,1w5c0b,42,40,B,24,false
A,5,5,1,P2,0w0c3b,1w5c0b,42,40,A,25,false
A,5,6,0,P1,0w0c3b,1w5c0b,42,40,B,18,false
A,5,6,1,P2,0w0c3b,1w5c0b,42,40,B,15,false
A,5,7,0,P1,0w0c3b,1w5c0b,42,40,B,16,false
A,5,7,1,P2,0w0c3b,1w5c0b,42,40,B,21,false
A,5,8,0,P1,0w0c3b,1w5c0b,42,40,B,24,false
A,5,8,1,P2,0w0c3b,1w5c0b,42,40,B,17,false
A,5,9,0,P1,0w0c3b,1w5c0b,42,40,A,24,false
A,5,9,1,P2,0w0c3b,1w5c0b,42,40,B,19,false
A,5,10,0,P1,0w0c3b,1w5c0b,42,40,B,22,false
A,5,10,1,P2,0w0c3b,1w5c0b,42,40,B,19,false
A,5,11,0,P1,0w0c3b,1w5c0b,42,40,B,12,false
A,5,11,1,P2,0w0c3b,1w5c0b,42,40,B,17,false
A,5,12,0,P1,0w0c3b,1w5c0b,42,40,B,18,false
A,5,12,1,P2,0w0c3b,1w5c0b,42,40,B,17,false
A,5,13,0,P1,0w0c3b,1w5c0b,42,40,B,18,false
A,5,13,1,P2,0w0c3b,1w5c0b,42,40,B,15,false
A,5,14,0,P1,0w0c3b,1w5c0b,42,40,B,18,false
A,5,14,1,P2,0w0c3b,1w5c0b,42,40,B,19,false
A,5,15,0,P1,0w0c3b,1w5c0b,42,40,A,21,false
A,5,15,1,P2,0w0c3b,1w5c0b,42,40,A,25,false
A,5,16,0,P1,0w0c3b,1w5c0b,42,40,B,16,false
A,5,16,1,P2,0w0c3b,1w5c0b,42,40,B,19,false
A,5,17,0,P1,0w0c3b,1w5c0b,42,40,B,22,false
A,5,17,1,P2,0w0c3b,1w5c0b,42,40,B,31,false
A,5,18,0,P1,0w0c3b,1w5c0b,42,40,B,16,false
A,5,18,1,P2,0w0c3b,1w5c0b,42,40,B,15,false
A,5,19,0,P1,0w0c3b,1w5c0b,42,40,B,22,false
A,5,19,1,P2,0w0c3b,1w5c0b,42,40,B,17,false
A,5,20,0,P1,0w0c3b,1w5c0b,42,40,B,18,false
A,5,20,1,P2,0w0c3b,1w5c0b,42,40,B,21,false
A,6,1,0,P1,0w0c3b,2w0c2b,42,38,B,28,false
A,6,1,1,P2,0w0c3b,2w0c2b,42,38,A,26,false
A,6,2,0,P1,0w0c3b,2w0c2b,42,38,A,35,false
A,6,2,1,P2,0w0c3b,2w0c2b,42,38,A,24,false
A,6,3,0,P1,0w0c3b,2w0c2b,42,38,A,20,false
A,6,3,1,P2,0w0c3b,2w0c2b,42,38,A,28,false
A,6,4,0,P1,0w0c3b,2w0c2b,42,38,A,43,false
A,6,4,1,P2,0w0c3b,2w0c2b,42,38,A,34,false
A,6,5,0,P1,0w0c3b,2w0c2b,42,38,A,27,false
A,6,5,1,P2,0w0c3b,2w0c2b,42,38,A,30,false
A,6,6,0,P1,0w0c3b,2w0c2b,42,38,A,23,false
A,6,6,1,P2,0w0c3b,2w0c2b,42,38,A,28,false
A,6,7,0,P1,0w0c3b,2w0c2b,42,38,A,37,false
A,6,7,1,P2,0w0c3b,2w0c2b,42,38,A,22,false
A,6,8,0,P1,0w0c3b,2w0c2b,42,38,A,35,false
A,6,8,1,P2,0w0c3b,2w0c2b,42,38,A,32,false
A,6,9,0,P1,0w0c3b,2w0c2b,42,38,A,21,false
A,6,9,1,P2,0w0c3b,2w0c2b,42,38,A,30,false
A,6,10,0,P1,0w0c3b,2w0c2b,42,38,A,57,false
A,6,10,1,P2,0w0c3b,2w0c2b,42,38,A,26,false
A,6,11,0,P1,0w0c3b,2w0c2b,42,38,A,31,false
A,6,11,1,P2,0w0c3b,2w0c2b,42,38,A,28,false
A,6,12,0,P1,0w0c3b,2w0c2b,42,38,A,29,false
A,6,12,1,P2,0w0c3b,2w0c2b,42,38,A,25,false
A,6,13,0,P1,0w0c3b,2w0c2b,42,38,A,23,false
A,6,13,1,P2,0w0c3b,2w0c2b,42,38,A,38,false
A,6,14,0,P1,0w0c3b,2w0c2b,42,38,A,27,false
A,6,14,1,P2,0w0c3b,2w0c2b,42,38,A,24,false
A,6,15,0,P1,0w0c3b,2w0c2b,42,38,A,59,false
A,6,15,1,P2,0w0c3b,2w0c2b,42,38,A,31,false
A,6,16,0,P1,0w0c3b,2w0c2b,42,38,B,26,false
A,6,16,1,P2,0w0c3b,2w0c2b,42,38,A,30,false
A,6,17,0,P1,0w0c3b,2w0c2b,42,38,A,57,false
A,6,17,1,P2,0w0c3b,2w0c2b,42,38,A,32,false
A,6,18,0,P1,0w0c3b,2w0c2b,42,38,B,20,false
A,6,18,1,P2,0w0c3b,2w0c2b,42,38,B,21,false
A,6,19,0,P1,0w0c3b,2w0c2b,42,38,A,29,false
A,6,19,1,P2,0w0c3b,2w0c2b,42,38,A,28,false
A,6,20,0,P1,0w0c3b,2w0c2b,42,38,A,31,false
A,6,20,1,P2,0w0c3b,2w0c2b,42,38,A,34,false
A,7,1,0,P1,0w0c3b,2w2c1b,42,38,B,28,false
A,7,1,1,P2,0w0c3b,2w2c1b,42,38,A,20,false
A,7,2,0,P1,0w0c3b,2w2c1b,42,38,B,30,false
A,7,2,1,P2,0w0c3b,2w2c1b,42,38,A,36,false
A,7,3,0,P1,0w0c3b,2w2c1b,42,38,B,24,false
A,7,3,1,P2,0w0c3b,2w2c1b,42,38,A,23,false
A,7,4,0,P1,0w0c3b,2w2c1b,42,38,A,30,false
A,7,4,1,P2,0w0c3b,2w2c1b,42,38,A,37,false
A,7,5,0,P1,0w0c3b,2w2c1b,42,38,A,25,false
A,7,5,1,P2,0w0c3b,2w2c1b,42,38,A,26,false
A,7,6,0,P1,0w0c3b,2w2c1b,42,38,B,18,false
A,7,6,1,P2,0w0c3b,2w2c1b,42,38,A,19,false
A,7,7,0,P1,0w0c3b,2w2c1b,42,38,B,36,false
A,7,7,1,P2,0w0c3b,2w2c1b,42,38,A,25,false
A,7,8,0,P1,0w0c3b,2w2c1b,42,38,A,25,false
A,7,8,1,P2,0w0c3b,2w2c1b,42,38,A,44,false
A,7,9,0,P1,0w0c3b,2w2c1b,42,38,A,37,false
A,7,9,1,P2,0w0c3b,2w2c1b,42,38,B,27,false
A,7,10,0,P1,0w0c3b,2w2c1b,42,38,B,22,false
A,7,10,1,P2,0w0c3b,2w2c1b,42,38,B,29,false
A,7,11,0,P1,0w0c3b,2w2c1b,42,38,A,20,false
A,7,11,1,P2,0w0c3b,2w2c1b,42,38,B,23,false
A,7,12,0,P1,0w0c3b,2w2c1b,42,38,B,26,false
A,7,12,1,P2,0w0c3b,2w2c1b,42,38,A,22,false
A,7,13,0,P1,0w0c3b,2w2c1b,42,38,A,21,false
A,7,13,1,P2,0w0c3b,2w2c1b,42,38,A,21,false
A,7,14,0,P1,0w0c3b,2w2c1b,42,38,A,22,false
A,7,14,1,P2,0w0c3b,2w2c1b,42,38,B,21,false
A,7,15,0,P1,0w0c3b,2w2c1b,42,38,B,32,false
A,7,15,1,P2,0w0c3b,2w2c1b,42,38,A,26,false
A,7,16,0,P1,0w0c3b,2w2c1b,42,38,A,22,false
A,7,16,1,P2,0w0c3b,2w2c1b,42,38,B,23,false
A,7,17,0,P1,0w0c3b,2w2c1b,42,38,A,35,false
A,7,17,1,P2,0w0c3b,2w2c1b,42,38,A,29,false
A,7,18,0,P1,0w0c3b,2w2c1b,42,38,B,18,false
A,7,18,1,P2,0w0c3b,2w2c1b,42,38,B,23,false
A,7,19,0,P1,0w0c3b,2w2c1b,42,38,A,31,false
A,7,19,1,P2,0w0c3b,2w2c1b,42,38,B,23,false
A,7,20,0,P1,0w0c3b,2w2c1b,42,38,B,24,false
A,7,20,1,P2,0w0c3b,2w2c1b,42,38,B,29,false
A,8,1,0,P1,0w0c3b,2w4c0b,42,38,A,24,false
A,8,1,1,P2,0w0c3b,2w4c0b,42,38,B,17,false
A,8,2,0,P1,0w0c3b,2w4c0b,42,38,B,24,false
A,8,2,1,P2,0w0c3b,2w4c0b,42,38,B,21,false
A,8,3,0,P1,0w0c3b,2w4c0b,42,38,A,24,false
A,8,3,1,P2,0w0c3b,2w4c0b,42,38,B,17,false
A,8,4,0,P1,0w0c3b,2w4c0b,42,38,B,26,false
A,8,4,1,P2,0w0c3b,2w4c0b,42,38,A,33,false
A,8,5,0,P1,0w0c3b,2w4c0b,42,38,B,26,false
A,8,5,1,P2,0w0c3b,2w4c0b,42,38,A,23,false
A,8,6,0,P1,0w0c3b,2w4c0b,42,38,B,18,false
A,8,6,1,P2,0w0c3b,2w4c0b,42,38,B,27,false
A,8,7,0,P1,0w0c3b,2w4c0b,42,38,B,28,false
A,8,7,1,P2,0w0c3b,2w4c0b,42,38,B,17,false
A,8,8,0,P1,0w0c3b,2w4c0b,42,38,B,24,false
A,8,8,1,P2,0w0c3b,2w4c0b,42,38,B,23,false
A,8,9,0,P1,0w0c3b,2w4c0b,42,38,A,26,false
A,8,9,1,P2,0w0c3b,2w4c0b,42,38,B,21,false
A,8,10,0,P1,0w0c3b,2w4c0b,42,38,A,17,false
A,8,10,1,P2,0w0c3b,2w4c0b,42,38,B,19,false
A,8,11,0,P1,0w0c3b,2w4c0b,42,38,B,20,false
A,8,11,1,P2,0w0c3b,2w4c0b,42,38,B,17,false
A,8,12,0,P1,0w0c3b,2w4c0b,42,38,B,18,false
A,8,12,1,P2,0w0c3b,2w4c0b,42,38,B,23,false
A,8,13,0,P1,0w0c3b,2w4c0b,42,38,B,24,false
A,8,13,1,P2,0w0c3b,2w4c0b,42,38,B,17,false
A,8,14,0,P1,0w0c3b,2w4c0b,42,38,B,20,false
A,8,14,1,P2,0w0c3b,2w4c0b,42,38,B,21,false
A,8,15,0,P1,0w0c3b,2w4c0b,42,38,A,20,false
A,8,15,1,P2,0w0c3b,2w4c0b,42,38,A,30,false
A,8,16,0,P1,0w0c3b,2w4c0b,42,38,A,22,false
A,8,16,1,P2,0w0c3b,2w4c0b,42,38,B,23,false
A,8,17,0,P1,0w0c3b,2w4c0b,42,38,B,30,false
A,8,17,1,P2,0w0c3b,2w4c0b,42,38,A,31,false
A,8,18,0,P1,0w0c3b,2w4c0b,42,38,B,16,false
A,8,18,1,P2,0w0c3b,2w4c0b,42,38,B,19,false
A,8,19,0,P1,0w0c3b,2w4c0b,42,38,B,24,false
A,8,19,1,P2,0w0c3b,2w4c0b,42,38,B,17,false
A,8,20,0,P1,0w0c3b,2w4c0b,42,38,B,18,false
A,8,20,1,P2,0w0c3b,2w4c0b,42,38,B,23,false
A,9,1,0,P1,0w0c3b,4w1c1b,42,41,B,26,false
A,9,1,1,P2,0w0c3b,4w1c1b,42,41,A,21,false
A,9,2,0,P1,0w0c3b,4w1c1b,42,41,B,26,false
A,9,2,1,P2,0w0c3b,4w1c1b,42,41,A,28,false
A,9,3,0,P1,0w0c3b,4w1c1b,42,41,B,22,false
A,9,3,1,P2,0w0c3b,4w1c1b,42,41,B,19,false
A,9,4,0,P1,0w0c3b,4w1c1b,42,41,A,27,false
A,9,4,1,P2,0w0c3b,4w1c1b,42,41,B,29,false
A,9,5,0,P1,0w0c3b,4w1c1b,42,41,A,27,false
A,9,5,1,P2,0w0c3b,4w1c1b,42,41,A,26,false
A,9,6,0,P1,0w0c3b,4w1c1b,42,41,B,16,false
A,9,6,1,P2,0w0c3b,4w1c1b,42,41,A,20,false
A,9,7,0,P1,0w0c3b,4w1c1b,42,41,B,16,false
A,9,7,1,P2,0w0c3b,4w1c1b,42,41,A,23,false
A,9,8,0,P1,0w0c3b,4w1c1b,42,41,B,26,false
A,9,8,1,P2,0w0c3b,4w1c1b,42,41,B,27,false
A,9,9,0,P1,0w0c3b,4w1c1b,42,41,A,33,false
A,9,9,1,P2,0w0c3b,4w1c1b,42,41,A,25,false
A,9,10,0,P1,0w0c3b,4w1c1b,42,41,B,24,false
A,9,10,1,P2,0w0c3b,4w1c1b,42,41,B,23,false
A,9,11,0,P1,0w0c3b,4w1c1b,42,41,B,20,false
A,9,11,1,P2,0w0c3b,4w1c1b,42,41,A,34,false
A,9,12,0,P1,0w0c3b,4w1c1b,42,41,B,22,false
A,9,12,1,P2,0w0c3b,4w1c1b,42,41,B,21,false
A,9,13,0,P1,0w0c3b,4w1c1b,42,41,A,29,false
A,9,13,1,P2,0w0c3b,4w1c1b,42,41,A,25,false
A,9,14,0,P1,0w0c3b,4w1c1b,42,41,B,22,false
A,9,14,1,P2,0w0c3b,4w1c1b,42,41,B,23,false
A,9,15,0,P1,0w0c3b,4w1c1b,42,41,B,24,false
A,9,15,1,P2,0w0c3b,4w1c1b,42,41,A,27,false
A,9,16,0,P1,0w0c3b,4w1c1b,42,41,B,34,false
A,9,16,1,P2,0w0c3b,4w1c1b,42,41,A,24,false
A,9,17,0,P1,0w0c3b,4w1c1b,42,41,B,32,false
A,9,17,1,P2,0w0c3b,4w1c1b,42,41,A,33,false
A,9,18,0,P1,0w0c3b,4w1c1b,42,41,B,20,false
A,9,18,1,P2,0w0c3b,4w1c1b,42,41,B,15,false
A,9,19,0,P1,0w0c3b,4w1c1b,42,41,A,35,false
A,9,19,1,P2,0w0c3b,4w1c1b,42,41,A,27,false
A,9,20,0,P1,0w0c3b,4w1c1b,42,41,B,28,false
A,9,20,1,P2,0w0c3b,4w1c1b,42,41,A,28,false
A,10,1,0,P1,0w0c3b,4w3c0b,42,41,B,24,false
A,10,1,1,P2,0w0c3b,4w3c0b,42,41,B,17,false
A,10,2,0,P1,0w0c3b,4w3c0b,42,41,B,26,false
A,10,2,1,P2,0w0c3b,4w3c0b,42,41,B,19,false
A,10,3,0,P1,0w0c3b,4w3c0b,42,41,B,18,false
A,10,3,1,P2,0w0c3b,4w3c0b,42,41,B,19,false
A,10,4,0,P1,0w0c3b,4w3c0b,42,41,B,24,false
A,10,4,1,P2,0w0c3b,4w3c0b,42,41,A,31,false
A,10,5,0,P1,0w0c3b,4w3c0b,42,41,B,22,false
A,10,5,1,P2,0w0c3b,4w3c0b,42,41,B,23,false
A,10,6,0,P1,0w0c3b,4w3c0b,42,41,B,22,false
A,10,6,1,P2,0w0c3b,4w3c0b,42,41,B,21,false
A,10,7,0,P1,0w0c3b,4w3c0b,42,41,B,16,false
A,10,7,1,P2,0w0c3b,4w3c0b,42,41,B,17,false
A,10,8,0,P1,0w0c3b,4w3c0b,42,41,B,26,false
A,10,8,1,P2,0w0c3b,4w3c0b,42,41,B,27,false
A,10,9,0,P1,0w0c3b,4w3c0b,42,41,B,20,false
A,10,9,1,P2,0w0c3b,4w3c0b,42,41,A,31,false
A,10,10,0,P1,0w0c3b,4w3c0b,42,41,B,16,false
A,10,10,1,P2,0w0c3b,4w3c0b,42,41,A,25,false
A,10,11,0,P1,0w0c3b,4w3c0b,42,41,B,16,false
A,10,11,1,P2,0w0c3b,4w3c0b,42,41,B,17,false
A,10,12,0,P1,0w0c3b,4w3c0b,42,41,B,20,false
A,10,12,1,P2,0w0c3b,4w3c0b,42,41,B,17,false
A,10,13,0,P1,0w0c3b,4w3c0b,42,41,B,22,false
A,10,13,1,P2,0w0c3b,4w3c0b,42,41,B,15,false
A,10,14,0,P1,0w0c3b,4w3c0b,42,41,B,26,false
A,10,14,1,P2,0w0c3b,4w3c0b,42,41,A,27,false
A,10,15,0,P1,0w0c3b,4w3c0b,42,41,A,20,false
A,10,15,1,P2,0w0c3b,4w3c0b,42,41,A,25,false
A,10,16,0,P1,0w0c3b,4w3c0b,42,41,draw,100,true
A,10,16,1,P2,0w0c3b,4w3c0b,42,41,B,19,false
A,10,17,0,P1,0w0c3b,4w3c0b,42,41,B,26,false
A,10,17,1,P2,0w0c3b,4w3c0b,42,41,A,33,false
A,10,18,0,P1,0w0c3b,4w3c0b,42,41,B,18,false
A,10,18,1,P2,0w0c3b,4w3c0b,42,41,B,15,false
A,10,19,0,P1,0w0c3b,4w3c0b,42,41,B,22,false
A,10,19,1,P2,0w0c3b,4w3c0b,42,41,B,25,false
A,10,20,0,P1,0w0c3b,4w3c0b,42,41,B,24,false
A,10,20,1,P2,0w0c3b,4w3c0b,42,41,B,25,false
A,11,1,0,P1,0w0c3b,5w0c1b,42,39,A,26,false
A,11,1,1,P2,0w0c3b,5w0c1b,42,39,A,35,false
A,11,2,0,P1,0w0c3b,5w0c1b,42,39,A,30,false
A,11,2,1,P2,0w0c3b,5w0c1b,42,39,A,33,false
A,11,3,0,P1,0w0c3b,5w0c1b,42,39,A,24,false
A,11,3,1,P2,0w0c3b,5w0c1b,42,39,A,20,false
A,11,4,0,P1,0w0c3b,5w0c1b,42,39,A,27,false
A,11,4,1,P2,0w0c3b,5w0c1b,42,39,A,31,false
A,11,5,0,P1,0w0c3b,5w0c1b,42,39,A,29,false
A,11,5,1,P2,0w0c3b,5w0c1b,42,39,A,36,false
A,11,6,0,P1,0w0c3b,5w0c1b,42,39,A,19,false
A,11,6,1,P2,0w0c3b,5w0c1b,42,39,A,31,false
A,11,7,0,P1,0w0c3b,5w0c1b,42,39,A,21,false
A,11,7,1,P2,0w0c3b,5w0c1b,42,39,A,26,false
A,11,8,0,P1,0w0c3b,5w0c1b,42,39,A,26,false
A,11,8,1,P2,0w0c3b,5w0c1b,42,39,draw,100,true
A,11,9,0,P1,0w0c3b,5w0c1b,42,39,A,31,false
A,11,9,1,P2,0w0c3b,5w0c1b,42,39,A,23,false
A,11,10,0,P1,0w0c3b,5w0c1b,42,39,B,26,false
A,11,10,1,P2,0w0c3b,5w0c1b,42,39,B,27,false
A,11,11,0,P1,0w0c3b,5w0c1b,42,39,A,25,false
A,11,11,1,P2,0w0c3b,5w0c1b,42,39,B,25,false
A,11,12,0,P1,0w0c3b,5w0c1b,42,39,A,31,false
A,11,12,1,P2,0w0c3b,5w0c1b,42,39,A,24,false
A,11,13,0,P1,0w0c3b,5w0c1b,42,39,A,23,false
A,11,13,1,P2,0w0c3b,5w0c1b,42,39,A,32,false
A,11,14,0,P1,0w0c3b,5w0c1b,42,39,A,24,false
A,11,14,1,P2,0w0c3b,5w0c1b,42,39,A,24,false
A,11,15,0,P1,0w0c3b,5w0c1b,42,39,A,24,false
A,11,15,1,P2,0w0c3b,5w0c1b,42,39,A,27,false
A,11,16,0,P1,0w0c3b,5w0c1b,42,39,A,34,false
A,11,16,1,P2,0w0c3b,5w0c1b,42,39,A,60,false
A,11,17,0,P1,0w0c3b,5w0c1b,42,39,A,39,false
A,11,17,1,P2,0w0c3b,5w0c1b,42,39,A,35,false
A,11,18,0,P1,0w0c3b,5w0c1b,42,39,B,20,false
A,11,18,1,P2,0w0c3b,5w0c1b,42,39,B,17,false
A,11,19,0,P1,0w0c3b,5w0c1b,42,39,A,31,false
A,11,19,1,P2,0w0c3b,5w0c1b,42,39,A,27,false
A,11,20,0,P1,0w0c3b,5w0c1b,42,39,B,32,false
A,11,20,1,P2,0w0c3b,5w0c1b,42,39,B,27,false
A,12,1,0,P1,0w0c3b,5w2c0b,42,39,B,22,false
A,12,1,1,P2,0w0c3b,5w2c0b,42,39,A,23,false
A,12,2,0,P1,0w0c3b,5w2c0b,42,39,A,38,false
A,12,2,1,P2,0w0c3b,5w2c0b,42,39,draw,100,true
A,12,3,0,P1,0w0c3b,5w2c0b,42,39,B,18,false
A,12,3,1,P2,0w0c3b,5w2c0b,42,39,A,21,false
A,12,4,0,P1,0w0c3b,5w2c0b,42,39,B,26,false
A,12,4,1,P2,0w0c3b,5w2c0b,42,39,A,27,false
A,12,5,0,P1,0w0c3b,5w2c0b,42,39,B,20,false
A,12,5,1,P2,0w0c3b,5w2c0b,42,39,A,29,false
A,12,6,0,P1,0w0c3b,5w2c0b,42,39,A,22,false
A,12,6,1,P2,0w0c3b,5w2c0b,42,39,B,19,false
A,12,7,0,P1,0w0c3b,5w2c0b,42,39,A,26,false
A,12,7,1,P2,0w0c3b,5w2c0b,42,39,A,25,false
A,12,8,0,P1,0w0c3b,5w2c0b,42,39,B,24,false
A,12,8,1,P2,0w0c3b,5w2c0b,42,39,A,21,false
A,12,9,0,P1,0w0c3b,5w2c0b,42,39,B,22,false
A,12,9,1,P2,0w0c3b,5w2c0b,42,39,A,27,false
A,12,10,0,P1,0w0c3b,5w2c0b,42,39,A,26,false
A,12,10,1,P2,0w0c3b,5w2c0b,42,39,B,23,false
A,12,11,0,P1,0w0c3b,5w2c0b,42,39,B,22,false
A,12,11,1,P2,0w0c3b,5w2c0b,42,39,B,19,false
A,12,12,0,P1,0w0c3b,5w2c0b,42,39,B,26,false
A,12,12,1,P2,0w0c3b,5w2c0b,42,39,B,19,false
A,12,13,0,P1,0w0c3b,5w2c0b,42,39,B,22,false
A,12,13,1,P2,0w0c3b,5w2c0b,42,39,A,23,false
A,12,14,0,P1,0w0c3b,5w2c0b,42,39,B,26,false
A,12,14,1,P2,0w0c3b,5w2c0b,42,39,B,23,false
A,12,15,0,P1,0w0c3b,5w2c0b,42,39,A,28,false
A,12,15,1,P2,0w0c3b,5w2c0b,42,39,draw,100,true
A,12,16,0,P1,0w0c3b,5w2c0b,42,39,A,26,false
A,12,16,1,P2,0w0c3b,5w2c0b,42,39,A,27,false
A,12,17,0,P1,0w0c3b,5w2c0b,42,39,A,28,false
A,12,17,1,P2,0w0c3b,5w2c0b,42,39,B,29,false
A,12,18,0,P1,0w0c3b,5w2c0b,42,39,draw,100,true
A,12,18,1,P2,0w0c3b,5w2c0b,42,39,B,19,false
A,12,19,0,P1,0w0c3b,5w2c0b,42,39,B,24,false
A,12,19,1,P2,0w0c3b,5w2c0b,42,39,B,29,false
A,12,20,0,P1,0w0c3b,5w2c0b,42,39,A,26,false
A,12,20,1,P2,0w0c3b,5w2c0b,42,39,B,25,false
A,13,1,0,P1,0w0c3b,7w1c0b,42,42,B,20,false
A,13,1,1,P2,0w0c3b,7w1c0b,42,42,B,19,false
A,13,2,0,P1,0w0c3b,7w1c0b,42,42,B,24,false
A,13,2,1,P2,0w0c3b,7w1c0b,42,42,B,21,false
A,13,3,0,P1,0w0c3b,7w1c0b,42,42,A,18,false
A,13,3,1,P2,0w0c3b,7w1c0b,42,42,A,23,false
A,13,4,0,P1,0w0c3b,7w1c0b,42,42,B,26,false
A,13,4,1,P2,0w0c3b,7w1c0b,42,42,A,29,false
A,13,5,0,P1,0w0c3b,7w1c0b,42,42,draw,100,true
A,13,5,1,P2,0w0c3b,7w1c0b,42,42,B,21,false
A,13,6,0,P1,0w0c3b,7w1c0b,42,42,A,30,false
A,13,6,1,P2,0w0c3b,7w1c0b,42,42,B,29,false
A,13,7,0,P1,0w0c3b,7w1c0b,42,42,B,16,false
A,13,7,1,P2,0w0c3b,7w1c0b,42,42,B,23,false
A,13,8,0,P1,0w0c3b,7w1c0b,42,42,B,24,false
A,13,8,1,P2,0w0c3b,7w1c0b,42,42,draw,100,true
A,13,9,0,P1,0w0c3b,7w1c0b,42,42,B,26,false
A,13,9,1,P2,0w0c3b,7w1c0b,42,42,B,23,false
A,13,10,0,P1,0w0c3b,7w1c0b,42,42,B,24,false
A,13,10,1,P2,0w0c3b,7w1c0b,42,42,B,23,false
A,13,11,0,P1,0w0c3b,7w1c0b,42,42,B,18,false
A,13,11,1,P2,0w0c3b,7w1c0b,42,42,draw,100,true
A,13,12,0,P1,0w0c3b,7w1c0b,42,42,B,24,false
A,13,12,1,P2,0w0c3b,7w1c0b,42,42,B,17,false
A,13,13,0,P1,0w0c3b,7w1c0b,42,42,B,24,false
A,13,13,1,P2,0w0c3b,7w1c0b,42,42,A,37,false
A,13,14,0,P1,0w0c3b,7w1c0b,42,42,B,24,false
A,13,14,1,P2,0w0c3b,7w1c0b,42,42,draw,100,true
A,13,15,0,P1,0w0c3b,7w1c0b,42,42,B,20,false
A,13,15,1,P2,0w0c3b,7w1c0b,42,42,A,23,false
A,13,16,0,P1,0w0c3b,7w1c0b,42,42,A,24,false
A,13,16,1,P2,0w0c3b,7w1c0b,42,42,B,19,false
A,13,17,0,P1,0w0c3b,7w1c0b,42,42,A,32,false
A,13,17,1,P2,0w0c3b,7w1c0b,42,42,A,31,false
A,13,18,0,P1,0w0c3b,7w1c0b,42,42,B,24,false
A,13,18,1,P2,0w0c3b,7w1c0b,42,42,B,17,false
A,13,19,0,P1,0w0c3b,7w1c0b,42,42,A,22,false
A,13,19,1,P2,0w0c3b,7w1c0b,42,42,A,31,false
A,13,20,0,P1,0w0c3b,7w1c0b,42,42,B,22,false
A,13,20,1,P2,0w0c3b,7w1c0b,42,42,B,35,false
A,14,1,0,P1,0w0c3b,8w0c0b,42,40,A,24,false
A,14,1,1,P2,0w0c3b,8w0c0b,42,40,A,19,false
A,14,2,0,P1,0w0c3b,8w0c0b,42,40,A,30,false
A,14,2,1,P2,0w0c3b,8w0c0b,42,40,A,27,false
A,14,3,0,P1,0w0c3b,8w0c0b,42,40,draw,100,true
A,14,3,1,P2,0w0c3b,8w0c0b,42,40,A,23,false
A,14,4,0,P1,0w0c3b,8w0c0b,42,40,A,36,false
A,14,4,1,P2,0w0c3b,8w0c0b,42,40,B,35,false
A,14,5,0,P1,0w0c3b,8w0c0b,42,40,A,32,false
A,14,5,1,P2,0w0c3b,8w0c0b,42,40,A,35,false
A,14,6,0,P1,0w0c3b,8w0c0b,42,40,draw,100,true
A,14,6,1,P2,0w0c3b,8w0c0b,42,40,A,35,false
A,14,7,0,P1,0w0c3b,8w0c0b,42,40,A,20,false
A,14,7,1,P2,0w0c3b,8w0c0b,42,40,A,23,false
A,14,8,0,P1,0w0c3b,8w0c0b,42,40,A,24,false
A,14,8,1,P2,0w0c3b,8w0c0b,42,40,A,23,false
A,14,9,0,P1,0w0c3b,8w0c0b,42,40,A,22,false
A,14,9,1,P2,0w0c3b,8w0c0b,42,40,A,23,false
A,14,10,0,P1,0w0c3b,8w0c0b,42,40,A,30,false
A,14,10,1,P2,0w0c3b,8w0c0b,42,40,B,27,false
A,14,11,0,P1,0w0c3b,8w0c0b,42,40,A,36,false
A,14,11,1,P2,0w0c3b,8w0c0b,42,40,A,27,false
A,14,12,0,P1,0w0c3b,8w0c0b,42,40,A,36,false
A,14,12,1,P2,0w0c3b,8w0c0b,42,40,A,27,false
A,14,13,0,P1,0w0c3b,8w0c0b,42,40,A,27,false
A,14,13,1,P2,0w0c3b,8w0c0b,42,40,A,21,false
A,14,14,0,P1,0w0c3b,8w0c0b,42,40,A,32,false
A,14,14,1,P2,0w0c3b,8w0c0b,42,40,A,23,false
A,14,15,0,P1,0w0c3b,8w0c0b,42,40,A,38,false
A,14,15,1,P2,0w0c3b,8w0c0b,42,40,B,25,false
A,14,16,0,P1,0w0c3b,8w0c0b,42,40,A,26,false
A,14,16,1,P2,0w0c3b,8w0c0b,42,40,A,25,false
A,14,17,0,P1,0w0c3b,8w0c0b,42,40,B,36,false
A,14,17,1,P2,0w0c3b,8w0c0b,42,40,A,35,false
A,14,18,0,P1,0w0c3b,8w0c0b,42,40,A,28,false
A,14,18,1,P2,0w0c3b,8w0c0b,42,40,A,21,false
A,14,19,0,P1,0w0c3b,8w0c0b,42,40,B,20,false
A,14,19,1,P2,0w0c3b,8w0c0b,42,40,draw,100,true
A,14,20,0,P1,0w0c3b,8w0c0b,42,40,B,24,false
A,14,20,1,P2,0w0c3b,8w0c0b,42,40,A,31,false
A,15,1,0,P1,0w2c2b,0w4c1b,42,42,B,16,false
A,15,1,1,P2,0w2c2b,0w4c1b,42,42,B,19,false
A,15,2,0,P1,0w2c2b,0w4c1b,42,42,B,20,false
A,15,2,1,P2,0w2c2b,0w4c1b,42,42,B,17,false
A,15,3,0,P1,0w2c2b,0w4c1b,42,42,A,24,false
A,15,3,1,P2,0w2c2b,0w4c1b,42,42,B,19,false
A,15,4,0,P1,0w2c2b,0w4c1b,42,42,A,19,false
A,15,4,1,P2,0w2c2b,0w4c1b,42,42,B,21,false
A,15,5,0,P1,0w2c2b,0w4c1b,42,42,B,22,false
A,15,5,1,P2,0w2c2b,0w4c1b,42,42,B,33,false
A,15,6,0,P1,0w2c2b,0w4c1b,42,42,A,17,false
A,15,6,1,P2,0w2c2b,0w4c1b,42,42,B,17,false
A,15,7,0,P1,0w2c2b,0w4c1b,42,42,B,20,false
A,15,7,1,P2,0w2c2b,0w4c1b,42,42,A,22,false
A,15,8,0,P1,0w2c2b,0w4c1b,42,42,A,43,false
A,15,8,1,P2,0w2c2b,0w4c1b,42,42,B,23,false
A,15,9,0,P1,0w2c2b,0w4c1b,42,42,B,30,false
A,15,9,1,P2,0w2c2b,0w4c1b,42,42,A,29,false
A,15,10,0,P1,0w2c2b,0w4c1b,42,42,B,26,false
A,15,10,1,P2,0w2c2b,0w4c1b,42,42,A,38,false
A,15,11,0,P1,0w2c2b,0w4c1b,42,42,B,22,false
A,15,11,1,P2,0w2c2b,0w4c1b,42,42,B,31,false
A,15,12,0,P1,0w2c2b,0w4c1b,42,42,B,28,false
A,15,12,1,P2,0w2c2b,0w4c1b,42,42,B,21,false
A,15,13,0,P1,0w2c2b,0w4c1b,42,42,A,25,false
A,15,13,1,P2,0w2c2b,0w4c1b,42,42,A,18,false
A,15,14,0,P1,0w2c2b,0w4c1b,42,42,B,42,false
A,15,14,1,P2,0w2c2b,0w4c1b,42,42,B,19,false
A,15,15,0,P1,0w2c2b,0w4c1b,42,42,A,21,false
A,15,15,1,P2,0w2c2b,0w4c1b,42,42,B,23,false
A,15,16,0,P1,0w2c2b,0w4c1b,42,42,B,18,false
A,15,16,1,P2,0w2c2b,0w4c1b,42,42,B,25,false
A,15,17,0,P1,0w2c2b,0w4c1b,42,42,B,24,false
A,15,17,1,P2,0w2c2b,0w4c1b,42,42,A,28,false
A,15,18,0,P1,0w2c2b,0w4c1b,42,42,A,23,false
A,15,18,1,P2,0w2c2b,0w4c1b,42,42,B,21,false
A,15,19,0,P1,0w2c2b,0w4c1b,42,42,B,22,false
A,15,19,1,P2,0w2c2b,0w4c1b,42,42,B,27,false
A,15,20,0,P1,0w2c2b,0w4c1b,42,42,B,28,false
A,15,20,1,P2,0w2c2b,0w4c1b,42,42,A,26,false
A,16,1,0,P1,0w2c2b,0w6c0b,42,42,B,18,false
A,16,1,1,P2,0w2c2b,0w6c0b,42,42,A,16,false
A,16,2,0,P1,0w2c2b,0w6c0b,42,42,B,18,false
A,16,2,1,P2,0w2c2b,0w6c0b,42,42,B,17,false
A,16,3,0,P1,0w2c2b,0w6c0b,42,42,B,18,false
A,16,3,1,P2,0w2c2b,0w6c0b,42,42,B,17,false
A,16,4,0,P1,0w2c2b,0w6c0b,42,42,B,16,false
A,16,4,1,P2,0w2c2b,0w6c0b,42,42,B,27,false
A,16,5,0,P1,0w2c2b,0w6c0b,42,42,B,20,false
A,16,5,1,P2,0w2c2b,0w6c0b,42,42,B,15,false
A,16,6,0,P1,0w2c2b,0w6c0b,42,42,A,17,false
A,16,6,1,P2,0w2c2b,0w6c0b,42,42,A,21,false
A,16,7,0,P1,0w2c2b,0w6c0b,42,42,B,16,false
A,16,7,1,P2,0w2c2b,0w6c0b,42,42,A,18,false
A,16,8,0,P1,0w2c2b,0w6c0b,42,42,B,20,false
A,16,8,1,P2,0w2c2b,0w6c0b,42,42,B,17,false
A,16,9,0,P1,0w2c2b,0w6c0b,42,42,B,14,false
A,16,9,1,P2,0w2c2b,0w6c0b,42,42,B,23,false
A,16,10,0,P1,0w2c2b,0w6c0b,42,42,B,20,false
A,16,10,1,P2,0w2c2b,0w6c0b,42,42,B,25,false
A,16,11,0,P1,0w2c2b,0w6c0b,42,42,B,14,false
A,16,11,1,P2,0w2c2b,0w6c0b,42,42,B,17,false
A,16,12,0,P1,0w2c2b,0w6c0b,42,42,B,20,false
A,16,12,1,P2,0w2c2b,0w6c0b,42,42,B,19,false
A,16,13,0,P1,0w2c2b,0w6c0b,42,42,B,16,false
A,16,13,1,P2,0w2c2b,0w6c0b,42,42,B,19,false
A,16,14,0,P1,0w2c2b,0w6c0b,42,42,A,30,false
A,16,14,1,P2,0w2c2b,0w6c0b,42,42,B,19,false
A,16,15,0,P1,0w2c2b,0w6c0b,42,42,B,18,false
A,16,15,1,P2,0w2c2b,0w6c0b,42,42,B,27,false
A,16,16,0,P1,0w2c2b,0w6c0b,42,42,A,22,false
A,16,16,1,P2,0w2c2b,0w6c0b,42,42,A,20,false
A,16,17,0,P1,0w2c2b,0w6c0b,42,42,B,22,false
A,16,17,1,P2,0w2c2b,0w6c0b,42,42,B,25,false
A,16,18,0,P1,0w2c2b,0w6c0b,42,42,B,14,false
A,16,18,1,P2,0w2c2b,0w6c0b,42,42,B,13,false
A,16,19,0,P1,0w2c2b,0w6c0b,42,42,B,24,false
A,16,19,1,P2,0w2c2b,0w6c0b,42,42,B,19,false
A,16,20,0,P1,0w2c2b,0w6c0b,42,42,A,19,false
A,16,20,1,P2,0w2c2b,0w6c0b,42,42,B,17,false
A,17,1,0,P1,0w2c2b,1w1c2b,42,40,A,29,false
A,17,1,1,P2,0w2c2b,1w1c2b,42,40,A,28,false
A,17,2,0,P1,0w2c2b,1w1c2b,42,40,B,26,false
A,17,2,1,P2,0w2c2b,1w1c2b,42,40,B,29,false
A,17,3,0,P1,0w2c2b,1w1c2b,42,40,A,25,false
A,17,3,1,P2,0w2c2b,1w1c2b,42,40,A,20,false
A,17,4,0,P1,0w2c2b,1w1c2b,42,40,A,31,false
A,17,4,1,P2,0w2c2b,1w1c2b,42,40,B,27,false
A,17,5,0,P1,0w2c2b,1w1c2b,42,40,B,34,false
A,17,5,1,P2,0w2c2b,1w1c2b,42,40,B,25,false
A,17,6,0,P1,0w2c2b,1w1c2b,42,40,A,15,false
A,17,6,1,P2,0w2c2b,1w1c2b,42,40,B,19,false
A,17,7,0,P1,0w2c2b,1w1c2b,42,40,A,27,false
A,17,7,1,P2,0w2c2b,1w1c2b,42,40,A,32,false
A,17,8,0,P1,0w2c2b,1w1c2b,42,40,A,31,false
A,17,8,1,P2,0w2c2b,1w1c2b,42,40,A,26,false
A,17,9,0,P1,0w2c2b,1w1c2b,42,40,A,77,false
A,17,9,1,P2,0w2c2b,1w1c2b,42,40,A,24,false
A,17,10,0,P1,0w2c2b,1w1c2b,42,40,B,28,false
A,17,10,1,P2,0w2c2b,1w1c2b,42,40,A,22,false
A,17,11,0,P1,0w2c2b,1w1c2b,42,40,B,20,false
A,17,11,1,P2,0w2c2b,1w1c2b,42,40,B,23,false
A,17,12,0,P1,0w2c2b,1w1c2b,42,40,B,24,false
A,17,12,1,P2,0w2c2b,1w1c2b,42,40,A,32,false
A,17,13,0,P1,0w2c2b,1w1c2b,42,40,A,31,false
A,17,13,1,P2,0w2c2b,1w1c2b,42,40,draw,100,true
A,17,14,0,P1,0w2c2b,1w1c2b,42,40,B,30,false
A,17,14,1,P2,0w2c2b,1w1c2b,42,40,B,43,false
A,17,15,0,P1,0w2c2b,1w1c2b,42,40,A,19,false
A,17,15,1,P2,0w2c2b,1w1c2b,42,40,A,20,false
A,17,16,0,P1,0w2c2b,1w1c2b,42,40,B,22,false
A,17,16,1,P2,0w2c2b,1w1c2b,42,40,A,36,false
A,17,17,0,P1,0w2c2b,1w1c2b,42,40,A,33,false
A,17,17,1,P2,0w2c2b,1w1c2b,42,40,B,29,false
A,17,18,0,P1,0w2c2b,1w1c2b,42,40,A,21,false
A,17,18,1,P2,0w2c2b,1w1c2b,42,40,A,16,false
A,17,19,0,P1,0w2c2b,1w1c2b,42,40,A,35,false
A,17,19,1,P2,0w2c2b,1w1c2b,42,40,B,23,false
A,17,20,0,P1,0w2c2b,1w1c2b,42,40,A,21,false
A,17,20,1,P2,0w2c2b,1w1c2b,42,40,A,20,false
A,18,1,0,P1,0w2c2b,1w3c1b,42,40,B,16,false
A,18,1,1,P2,0w2c2b,1w3c1b,42,40,B,19,false
A,18,2,0,P1,0w2c2b,1w3c1b,42,40,B,24,false
A,18,2,1,P2,0w2c2b,1w3c1b,42,40,A,30,false
A,18,3,0,P1,0w2c2b,1w3c1b,42,40,B,18,false
A,18,3,1,P2,0w2c2b,1w3c1b,42,40,A,23,false
A,18,4,0,P1,0w2c2b,1w3c1b,42,40,A,19,false
A,18,4,1,P2,0w2c2b,1w3c1b,42,40,B,23,false
A,18,5,0,P1,0w2c2b,1w3c1b,42,40,B,28,false
A,18,5,1,P2,0w2c2b,1w3c1b,42,40,A,32,false
A,18,6,0,P1,0w2c2b,1w3c1b,42,40,B,24,false
A,18,6,1,P2,0w2c2b,1w3c1b,42,40,B,21,false
A,18,7,0,P1,0w2c2b,1w3c1b,42,40,B,14,false
A,18,7,1,P2,0w2c2b,1w3c1b,42,40,B,19,false
A,18,8,0,P1,0w2c2b,1w3c1b,42,40,A,32,false
A,18,8,1,P2,0w2c2b,1w3c1b,42,40,B,21,false
A,18,9,0,P1,0w2c2b,1w3c1b,42,40,B,18,false
A,18,9,1,P2,0w2c2b,1w3c1b,42,40,A,23,false
A,18,10,0,P1,0w2c2b,1w3c1b,42,40,A,26,false
A,18,10,1,P2,0w2c2b,1w3c1b,42,40,A,24,false
A,18,11,0,P1,0w2c2b,1w3c1b,42,40,B,20,false
A,18,11,1,P2,0w2c2b,1w3c1b,42,40,B,35,false
A,18,12,0,P1,0w2c2b,1w3c1b,42,40,B,36,false
A,18,12,1,P2,0w2c2b,1w3c1b,42,40,A,23,false
A,18,13,0,P1,0w2c2b,1w3c1b,42,40,A,26,false
A,18,13,1,P2,0w2c2b,1w3c1b,42,40,A,25,false
A,18,14,0,P1,0w2c2b,1w3c1b,42,40,A,51,false
A,18,14,1,P2,0w2c2b,1w3c1b,42,40,B,21,false
A,18,15,0,P1,0w2c2b,1w3c1b,42,40,A,21,false
A,18,15,1,P2,0w2c2b,1w3c1b,42,40,A,22,false
A,18,16,0,P1,0w2c2b,1w3c1b,42,40,B,20,false
A,18,16,1,P2,0w2c2b,1w3c1b,42,40,B,23,false
A,18,17,0,P1,0w2c2b,1w3c1b,42,40,A,30,false
A,18,17,1,P2,0w2c2b,1w3c1b,42,40,B,29,false
A,18,18,0,P1,0w2c2b,1w3c1b,42,40,A,22,false
A,18,18,1,P2,0w2c2b,1w3c1b,42,40,B,23,false
A,18,19,0,P1,0w2c2b,1w3c1b,42,40,B,24,false
A,18,19,1,P2,0w2c2b,1w3c1b,42,40,B,33,false
A,18,20,0,P1,0w2c2b,1w3c1b,42,40,A,25,false
A,18,20,1,P2,0w2c2b,1w3c1b,42,40,A,27,false
A,19,1,0,P1,0w2c2b,1w5c0b,42,40,B,16,false
A,19,1,1,P2,0w2c2b,1w5c0b,42,40,A,17,false
A,19,2,0,P1,0w2c2b,1w5c0b,42,40,B,20,false
A,19,2,1,P2,0w2c2b,1w5c0b,42,40,B,17,false
A,19,3,0,P1,0w2c2b,1w5c0b,42,40,B,18,false
A,19,3,1,P2,0w2c2b,1w5c0b,42,40,B,15,false
A,19,4,0,P1,0w2c2b,1w5c0b,42,40,B,16,false
A,19,4,1,P2,0w2c2b,1w5c0b,42,40,A,27,false
A,19,5,0,P1,0w2c2b,1w5c0b,42,40,B,20,false
A,19,5,1,P2,0w2c2b,1w5c0b,42,40,B,23,false
A,19,6,0,P1,0w2c2b,1w5c0b,42,40,B,14,false
A,19,6,1,P2,0w2c2b,1w5c0b,42,40,B,13,false
A,19,7,0,P1,0w2c2b,1w5c0b,42,40,B,16,false
A,19,7,1,P2,0w2c2b,1w5c0b,42,40,B,17,false
A,19,8,0,P1,0w2c2b,1w5c0b,42,40,B,30,false
A,19,8,1,P2,0w2c2b,1w5c0b,42,40,B,19,false
A,19,9,0,P1,0w2c2b,1w5c0b,42,40,B,14,false
A,19,9,1,P2,0w2c2b,1w5c0b,42,40,B,29,false
A,19,10,0,P1,0w2c2b,1w5c0b,42,40,B,22,false
A,19,10,1,P2,0w2c2b,1w5c0b,42,40,B,21,false
A,19,11,0,P1,0w2c2b,1w5c0b,42,40,B,16,false
A,19,11,1,P2,0w2c2b,1w5c0b,42,40,B,17,false
A,19,12,0,P1,0w2c2b,1w5c0b,42,40,B,22,false
A,19,12,1,P2,0w2c2b,1w5c0b,42,40,B,19,false
A,19,13,0,P1,0w2c2b,1w5c0b,42,40,B,18,false
A,19,13,1,P2,0w2c2b,1w5c0b,42,40,B,15,false
A,19,14,0,P1,0w2c2b,1w5c0b,42,40,A,28,false
A,19,14,1,P2,0w2c2b,1w5c0b,42,40,B,21,false
A,19,15,0,P1,0w2c2b,1w5c0b,42,40,B,19,false
A,19,15,1,P2,0w2c2b,1w5c0b,42,40,B,17,false
A,19,16,0,P1,0w2c2b,1w5c0b,42,40,B,18,false
A,19,16,1,P2,0w2c2b,1w5c0b,42,40,B,19,false
A,19,17,0,P1,0w2c2b,1w5c0b,42,40,B,26,false
A,19,17,1,P2,0w2c2b,1w5c0b,42,40,B,25,false
A,19,18,0,P1,0w2c2b,1w5c0b,42,40,B,14,false
A,19,18,1,P2,0w2c2b,1w5c0b,42,40,B,15,false
A,19,19,0,P1,0w2c2b,1w5c0b,42,40,B,24,false
A,19,19,1,P2,0w2c2b,1w5c0b,42,40,B,19,false
A,19,20,0,P1,0w2c2b,1w5c0b,42,40,A,32,false
A,19,20,1,P2,0w2c2b,1w5c0b,42,40,A,18,false
A,20,1,0,P1,0w2c2b,2w0c2b,42,38,B,26,false
A,20,1,1,P2,0w2c2b,2w0c2b,42,38,A,24,false
A,20,2,0,P1,0w2c2b,2w0c2b,42,38,A,23,false
A,20,2,1,P2,0w2c2b,2w0c2b,42,38,A,25,false
A,20,3,0,P1,0w2c2b,2w0c2b,42,38,A,43,false
A,20,3,1,P2,0w2c2b,2w0c2b,42,38,B,21,false
A,20,4,0,P1,0w2c2b,2w0c2b,42,38,A,31,false
A,20,4,1,P2,0w2c2b,2w0c2b,42,38,A,32,false
A,20,5,0,P1,0w2c2b,2w0c2b,42,38,A,27,false
A,20,5,1,P2,0w2c2b,2w0c2b,42,38,A,34,false
A,20,6,0,P1,0w2c2b,2w0c2b,42,38,draw,100,true
A,20,6,1,P2,0w2c2b,2w0c2b,42,38,A,19,false
A,20,7,0,P1,0w2c2b,2w0c2b,42,38,A,27,false
A,20,7,1,P2,0w2c2b,2w0c2b,42,38,A,27,false
A,20,8,0,P1,0w2c2b,2w0c2b,42,38,A,41,false
A,20,8,1,P2,0w2c2b,2w0c2b,42,38,B,27,false
A,20,9,0,P1,0w2c2b,2w0c2b,42,38,A,21,false
A,20,9,1,P2,0w2c2b,2w0c2b,42,38,A,24,false
A,20,10,0,P1,0w2c2b,2w0c2b,42,38,A,31,false
A,20,10,1,P2,0w2c2b,2w0c2b,42,38,B,21,false
A,20,11,0,P1,0w2c2b,2w0c2b,42,38,A,21,false
A,20,11,1,P2,0w2c2b,2w0c2b,42,38,B,19,false
A,20,12,0,P1,0w2c2b,2w0c2b,42,38,A,25,false
A,20,12,1,P2,0w2c2b,2w0c2b,42,38,A,22,false
A,20,13,0,P1,0w2c2b,2w0c2b,42,38,A,30,false
A,20,13,1,P2,0w2c2b,2w0c2b,42,38,A,25,false
A,20,14,0,P1,0w2c2b,2w0c2b,42,38,B,24,false
A,20,14,1,P2,0w2c2b,2w0c2b,42,38,A,31,false
A,20,15,0,P1,0w2c2b,2w0c2b,42,38,A,21,false
A,20,15,1,P2,0w2c2b,2w0c2b,42,38,B,25,false
A,20,16,0,P1,0w2c2b,2w0c2b,42,38,B,20,false
A,20,16,1,P2,0w2c2b,2w0c2b,42,38,B,27,false
A,20,17,0,P1,0w2c2b,2w0c2b,42,38,A,31,false
A,20,17,1,P2,0w2c2b,2w0c2b,42,38,A,40,false
A,20,18,0,P1,0w2c2b,2w0c2b,42,38,A,24,false
A,20,18,1,P2,0w2c2b,2w0c2b,42,38,A,20,false
A,20,19,0,P1,0w2c2b,2w0c2b,42,38,B,26,false
A,20,19,1,P2,0w2c2b,2w0c2b,42,38,A,28,false
A,20,20,0,P1,0w2c2b,2w0c2b,42,38,A,23,false
A,20,20,1,P2,0w2c2b,2w0c2b,42,38,A,25,false
A,21,1,0,P1,0w2c2b,2w2c1b,42,38,B,18,false
A,21,1,1,P2,0w2c2b,2w2c1b,42,38,A,24,false
A,21,2,0,P1,0w2c2b,2w2c1b,42,38,A,35,false
A,21,2,1,P2,0w2c2b,2w2c1b,42,38,A,24,false
A,21,3,0,P1,0w2c2b,2w2c1b,42,38,B,18,false
A,21,3,1,P2,0w2c2b,2w2c1b,42,38,B,27,false
A,21,4,0,P1,0w2c2b,2w2c1b,42,38,A,19,false
A,21,4,1,P2,0w2c2b,2w2c1b,42,38,A,23,false
A,21,5,0,P1,0w2c2b,2w2c1b,42,38,B,30,false
A,21,5,1,P2,0w2c2b,2w2c1b,42,38,A,32,false
A,21,6,0,P1,0w2c2b,2w2c1b,42,38,A,26,false
A,21,6,1,P2,0w2c2b,2w2c1b,42,38,B,17,false
A,21,7,0,P1,0w2c2b,2w2c1b,42,38,B,20,false
A,21,7,1,P2,0w2c2b,2w2c1b,42,38,B,27,false
A,21,8,0,P1,0w2c2b,2w2c1b,42,38,A,27,false
A,21,8,1,P2,0w2c2b,2w2c1b,42,38,B,33,false
A,21,9,0,P1,0w2c2b,2w2c1b,42,38,A,21,false
A,21,9,1,P2,0w2c2b,2w2c1b,42,38,A,31,false
A,21,10,0,P1,0w2c2b,2w2c1b,42,38,A,26,false
A,21,10,1,P2,0w2c2b,2w2c1b,42,38,A,30,false
A,21,11,0,P1,0w2c2b,2w2c1b,42,38,B,18,false
A,21,11,1,P2,0w2c2b,2w2c1b,42,38,B,51,false
A,21,12,0,P1,0w2c2b,2w2c1b,42,38,B,26,false
A,21,12,1,P2,0w2c2b,2w2c1b,42,38,A,20,false
A,21,13,0,P1,0w2c2b,2w2c1b,42,38,A,25,false
A,21,13,1,P2,0w2c2b,2w2c1b,42,38,A,19,false
A,21,14,0,P1,0w2c2b,2w2c1b,42,38,A,32,false
A,21,14,1,P2,0w2c2b,2w2c1b,42,38,B,21,false
A,21,15,0,P1,0w2c2b,2w2c1b,42,38,A,32,false
A,21,15,1,P2,0w2c2b,2w2c1b,42,38,A,23,false
A,21,16,0,P1,0w2c2b,2w2c1b,42,38,A,20,false
A,21,16,1,P2,0w2c2b,2w2c1b,42,38,A,22,false
A,21,17,0,P1,0w2c2b,2w2c1b,42,38,A,27,false
A,21,17,1,P2,0w2c2b,2w2c1b,42,38,B,31,false
A,21,18,0,P1,0w2c2b,2w2c1b,42,38,A,20,false
A,21,18,1,P2,0w2c2b,2w2c1b,42,38,B,19,false
A,21,19,0,P1,0w2c2b,2w2c1b,42,38,A,34,false
A,21,19,1,P2,0w2c2b,2w2c1b,42,38,A,48,false
A,21,20,0,P1,0w2c2b,2w2c1b,42,38,A,29,false
A,21,20,1,P2,0w2c2b,2w2c1b,42,38,A,20,false
A,22,1,0,P1,0w2c2b,2w4c0b,42,38,A,23,false
A,22,1,1,P2,0w2c2b,2w4c0b,42,38,A,25,false
A,22,2,0,P1,0w2c2b,2w4c0b,42,38,B,20,false
A,22,2,1,P2,0w2c2b,2w4c0b,42,38,A,21,false
A,22,3,0,P1,0w2c2b,2w4c0b,42,38,B,18,false
A,22,3,1,P2,0w2c2b,2w4c0b,42,38,B,15,false
A,22,4,0,P1,0w2c2b,2w4c0b,42,38,B,16,false
A,22,4,1,P2,0w2c2b,2w4c0b,42,38,A,35,false
A,22,5,0,P1,0w2c2b,2w4c0b,42,38,B,22,false
A,22,5,1,P2,0w2c2b,2w4c0b,42,38,B,17,false
A,22,6,0,P1,0w2c2b,2w4c0b,42,38,B,20,false
A,22,6,1,P2,0w2c2b,2w4c0b,42,38,A,23,false
A,22,7,0,P1,0w2c2b,2w4c0b,42,38,A,19,false
A,22,7,1,P2,0w2c2b,2w4c0b,42,38,A,21,false
A,22,8,0,P1,0w2c2b,2w4c0b,42,38,A,23,false
A,22,8,1,P2,0w2c2b,2w4c0b,42,38,A,19,false
A,22,9,0,P1,0w2c2b,2w4c0b,42,38,B,16,false
A,22,9,1,P2,0w2c2b,2w4c0b,42,38,B,23,false
A,22,10,0,P1,0w2c2b,2w4c0b,42,38,B,24,false
A,22,10,1,P2,0w2c2b,2w4c0b,42,38,A,25,false
A,22,11,0,P1,0w2c2b,2w4c0b,42,38,B,18,false
A,22,11,1,P2,0w2c2b,2w4c0b,42,38,B,17,false
A,22,12,0,P1,0w2c2b,2w4c0b,42,38,B,18,false
A,22,12,1,P2,0w2c2b,2w4c0b,42,38,B,17,false
A,22,13,0,P1,0w2c2b,2w4c0b,42,38,B,26,false
A,22,13,1,P2,0w2c2b,2w4c0b,42,38,B,17,false
A,22,14,0,P1,0w2c2b,2w4c0b,42,38,A,36,false
A,22,14,1,P2,0w2c2b,2w4c0b,42,38,B,21,false
A,22,15,0,P1,0w2c2b,2w4c0b,42,38,A,17,false
A,22,15,1,P2,0w2c2b,2w4c0b,42,38,B,17,false
A,22,16,0,P1,0w2c2b,2w4c0b,42,38,B,22,false
A,22,16,1,P2,0w2c2b,2w4c0b,42,38,A,18,false
A,22,17,0,P1,0w2c2b,2w4c0b,42,38,B,23,false
A,22,17,1,P2,0w2c2b,2w4c0b,42,38,A,27,false
A,22,18,0,P1,0w2c2b,2w4c0b,42,38,B,14,false
A,22,18,1,P2,0w2c2b,2w4c0b,42,38,B,15,false
A,22,19,0,P1,0w2c2b,2w4c0b,42,38,B,18,false
A,22,19,1,P2,0w2c2b,2w4c0b,42,38,B,19,false
A,22,20,0,P1,0w2c2b,2w4c0b,42,38,A,22,false
A,22,20,1,P2,0w2c2b,2w4c0b,42,38,B,19,false
A,23,1,0,P1,0w2c2b,4w1c1b,42,41,A,19,false
A,23,1,1,P2,0w2c2b,4w1c1b,42,41,A,27,false
A,23,2,0,P1,0w2c2b,4w1c1b,42,41,B,30,false
A,23,2,1,P2,0w2c2b,4w1c1b,42,41,A,24,false
A,23,3,0,P1,0w2c2b,4w1c1b,42,41,B,20,false
A,23,3,1,P2,0w2c2b,4w1c1b,42,41,B,21,false
A,23,4,0,P1,0w2c2b,4w1c1b,42,41,A,18,false
A,23,4,1,P2,0w2c2b,4w1c1b,42,41,A,35,false
A,23,5,0,P1,0w2c2b,4w1c1b,42,41,B,26,false
A,23,5,1,P2,0w2c2b,4w1c1b,42,41,A,32,false
A,23,6,0,P1,0w2c2b,4w1c1b,42,41,B,18,false
A,23,6,1,P2,0w2c2b,4w1c1b,42,41,A,18,false
A,23,7,0,P1,0w2c2b,4w1c1b,42,41,A,20,false
A,23,7,1,P2,0w2c2b,4w1c1b,42,41,B,17,false
A,23,8,0,P1,0w2c2b,4w1c1b,42,41,B,24,false
A,23,8,1,P2,0w2c2b,4w1c1b,42,41,B,27,false
A,23,9,0,P1,0w2c2b,4w1c1b,42,41,A,22,false
A,23,9,1,P2,0w2c2b,4w1c1b,42,41,B,27,false
A,23,10,0,P1,0w2c2b,4w1c1b,42,41,B,38,false
A,23,10,1,P2,0w2c2b,4w1c1b,42,41,A,24,false
A,23,11,0,P1,0w2c2b,4w1c1b,42,41,B,18,false
A,23,11,1,P2,0w2c2b,4w1c1b,42,41,B,45,false
A,23,12,0,P1,0w2c2b,4w1c1b,42,41,B,44,false
A,23,12,1,P2,0w2c2b,4w1c1b,42,41,A,21,false
A,23,13,0,P1,0w2c2b,4w1c1b,42,41,A,26,false
A,23,13,1,P2,0w2c2b,4w1c1b,42,41,A,23,false
A,23,14,0,P1,0w2c2b,4w1c1b,42,41,A,35,false
A,23,14,1,P2,0w2c2b,4w1c1b,42,41,B,19,false
A,23,15,0,P1,0w2c2b,4w1c1b,42,41,B,26,false
A,23,15,1,P2,0w2c2b,4w1c1b,42,41,A,21,false
A,23,16,0,P1,0w2c2b,4w1c1b,42,41,B,26,false
A,23,16,1,P2,0w2c2b,4w1c1b,42,41,A,20,false
A,23,17,0,P1,0w2c2b,4w1c1b,42,41,A,31,false
A,23,17,1,P2,0w2c2b,4w1c1b,42,41,B,29,false
A,23,18,0,P1,0w2c2b,4w1c1b,42,41,B,20,false
A,23,18,1,P2,0w2c2b,4w1c1b,42,41,A,23,false
A,23,19,0,P1,0w2c2b,4w1c1b,42,41,B,26,false
A,23,19,1,P2,0w2c2b,4w1c1b,42,41,B,19,false
A,23,20,0,P1,0w2c2b,4w1c1b,42,41,B,22,false
A,23,20,1,P2,0w2c2b,4w1c1b,42,41,B,23,false
A,24,1,0,P1,0w2c2b,4w3c0b,42,41,A,25,false
A,24,1,1,P2,0w2c2b,4w3c0b,42,41,B,21,false
A,24,2,0,P1,0w2c2b,4w3c0b,42,41,B,22,false
A,24,2,1,P2,0w2c2b,4w3c0b,42,41,A,31,false
A,24,3,0,P1,0w2c2b,4w3c0b,42,41,B,20,false
A,24,3,1,P2,0w2c2b,4w3c0b,42,41,A,23,false
A,24,4,0,P1,0w2c2b,4w3c0b,42,41,B,18,false
A,24,4,1,P2,0w2c2b,4w3c0b,42,41,B,27,false
A,24,5,0,P1,0w2c2b,4w3c0b,42,41,B,22,false
A,24,5,1,P2,0w2c2b,4w3c0b,42,41,B,23,false
A,24,6,0,P1,0w2c2b,4w3c0b,42,41,A,22,false
A,24,6,1,P2,0w2c2b,4w3c0b,42,41,A,22,false
A,24,7,0,P1,0w2c2b,4w3c0b,42,41,A,16,false
A,24,7,1,P2,0w2c2b,4w3c0b,42,41,B,17,false
A,24,8,0,P1,0w2c2b,4w3c0b,42,41,A,22,false
A,24,8,1,P2,0w2c2b,4w3c0b,42,41,B,19,false
A,24,9,0,P1,0w2c2b,4w3c0b,42,41,B,16,false
A,24,9,1,P2,0w2c2b,4w3c0b,42,41,B,15,false
A,24,10,0,P1,0w2c2b,4w3c0b,42,41,B,20,false
A,24,10,1,P2,0w2c2b,4w3c0b,42,41,B,21,false
A,24,11,0,P1,0w2c2b,4w3c0b,42,41,B,22,false
A,24,11,1,P2,0w2c2b,4w3c0b,42,41,B,17,false
A,24,12,0,P1,0w2c2b,4w3c0b,42,41,B,18,false
A,24,12,1,P2,0w2c2b,4w3c0b,42,41,A,27,false
A,24,13,0,P1,0w2c2b,4w3c0b,42,41,A,26,false
A,24,13,1,P2,0w2c2b,4w3c0b,42,41,B,17,false
A,24,14,0,P1,0w2c2b,4w3c0b,42,41,B,22,false
A,24,14,1,P2,0w2c2b,4w3c0b,42,41,B,23,false
A,24,15,0,P1,0w2c2b,4w3c0b,42,41,B,20,false
A,24,15,1,P2,0w2c2b,4w3c0b,42,41,B,17,false
A,24,16,0,P1,0w2c2b,4w3c0b,42,41,A,26,false
A,24,16,1,P2,0w2c2b,4w3c0b,42,41,B,17,false
A,24,17,0,P1,0w2c2b,4w3c0b,42,41,A,28,false
A,24,17,1,P2,0w2c2b,4w3c0b,42,41,A,35,false
A,24,18,0,P1,0w2c2b,4w3c0b,42,41,A,22,false
A,24,18,1,P2,0w2c2b,4w3c0b,42,41,B,17,false
A,24,19,0,P1,0w2c2b,4w3c0b,42,41,B,20,false
A,24,19,1,P2,0w2c2b,4w3c0b,42,41,A,27,false
A,24,20,0,P1,0w2c2b,4w3c0b,42,41,B,18,false
A,24,20,1,P2,0w2c2b,4w3c0b,42,41,B,21,false
A,25,1,0,P1,0w2c2b,5w0c1b,42,39,B,22,false
A,25,1,1,P2,0w2c2b,5w0c1b,42,39,B,23,false
A,25,2,0,P1,0w2c2b,5w0c1b,42,39,B,26,false
A,25,2,1,P2,0w2c2b,5w0c1b,42,39,A,23,false
A,25,3,0,P1,0w2c2b,5w0c1b,42,39,A,23,false
A,25,3,1,P2,0w2c2b,5w0c1b,42,39,A,21,false
A,25,4,0,P1,0w2c2b,5w0c1b,42,39,A,22,false
A,25,4,1,P2,0w2c2b,5w0c1b,42,39,A,33,false
A,25,5,0,P1,0w2c2b,5w0c1b,42,39,B,32,false
A,25,5,1,P2,0w2c2b,5w0c1b,42,39,A,30,false
A,25,6,0,P1,0w2c2b,5w0c1b,42,39,A,15,false
A,25,6,1,P2,0w2c2b,5w0c1b,42,39,A,19,false
A,25,7,0,P1,0w2c2b,5w0c1b,42,39,B,20,false
A,25,7,1,P2,0w2c2b,5w0c1b,42,39,B,21,false
A,25,8,0,P1,0w2c2b,5w0c1b,42,39,A,30,false
A,25,8,1,P2,0w2c2b,5w0c1b,42,39,B,25,false
A,25,9,0,P1,0w2c2b,5w0c1b,42,39,A,23,false
A,25,9,1,P2,0w2c2b,5w0c1b,42,39,B,31,false
A,25,10,0,P1,0w2c2b,5w0c1b,42,39,B,26,false
A,25,10,1,P2,0w2c2b,5w0c1b,42,39,A,32,false
A,25,11,0,P1,0w2c2b,5w0c1b,42,39,B,26,false
A,25,11,1,P2,0w2c2b,5w0c1b,42,39,B,17,false
A,25,12,0,P1,0w2c2b,5w0c1b,42,39,B,26,false
A,25,12,1,P2,0w2c2b,5w0c1b,42,39,B,21,false
A,25,13,0,P1,0w2c2b,5w0c1b,42,39,B,22,false
A,25,13,1,P2,0w2c2b,5w0c1b,42,39,A,19,false
A,25,14,0,P1,0w2c2b,5w0c1b,42,39,A,38,false
A,25,14,1,P2,0w2c2b,5w0c1b,42,39,A,25,false
A,25,15,0,P1,0w2c2b,5w0c1b,42,39,A,23,false
A,25,15,1,P2,0w2c2b,5w0c1b,42,39,A,25,false
A,25,16,0,P1,0w2c2b,5w0c1b,42,39,A,27,false
A,25,16,1,P2,0w2c2b,5w0c1b,42,39,A,20,false
A,25,17,0,P1,0w2c2b,5w0c1b,42,39,A,35,false
A,25,17,1,P2,0w2c2b,5w0c1b,42,39,B,27,false
A,25,18,0,P1,0w2c2b,5w0c1b,42,39,B,20,false
A,25,18,1,P2,0w2c2b,5w0c1b,42,39,B,15,false
A,25,19,0,P1,0w2c2b,5w0c1b,42,39,A,26,false
A,25,19,1,P2,0w2c2b,5w0c1b,42,39,A,29,false
A,25,20,0,P1,0w2c2b,5w0c1b,42,39,B,20,false
A,25,20,1,P2,0w2c2b,5w0c1b,42,39,B,27,false
A,26,1,0,P1,0w2c2b,5w2c0b,42,39,A,24,false
A,26,1,1,P2,0w2c2b,5w2c0b,42,39,B,17,false
A,26,2,0,P1,0w2c2b,5w2c0b,42,39,B,20,false
A,26,2,1,P2,0w2c2b,5w2c0b,42,39,A,24,false
A,26,3,0,P1,0w2c2b,5w2c0b,42,39,B,20,false
A,26,3,1,P2,0w2c2b,5w2c0b,42,39,B,21,false
A,26,4,0,P1,0w2c2b,5w2c0b,42,39,B,18,false
A,26,4,1,P2,0w2c2b,5w2c0b,42,39,A,27,false
A,26,5,0,P1,0w2c2b,5w2c0b,42,39,A,24,false
A,26,5,1,P2,0w2c2b,5w2c0b,42,39,B,21,false
A,26,6,0,P1,0w2c2b,5w2c0b,42,39,A,26,false
A,26,6,1,P2,0w2c2b,5w2c0b,42,39,A,18,false
A,26,7,0,P1,0w2c2b,5w2c0b,42,39,A,26,false
A,26,7,1,P2,0w2c2b,5w2c0b,42,39,B,19,false
A,26,8,0,P1,0w2c2b,5w2c0b,42,39,A,25,false
A,26,8,1,P2,0w2c2b,5w2c0b,42,39,A,27,false
A,26,9,0,P1,0w2c2b,5w2c0b,42,39,B,18,false
A,26,9,1,P2,0w2c2b,5w2c0b,42,39,B,15,false
A,26,10,0,P1,0w2c2b,5w2c0b,42,39,B,26,false
A,26,10,1,P2,0w2c2b,5w2c0b,42,39,B,27,false
A,26,11,0,P1,0w2c2b,5w2c0b,42,39,B,18,false
A,26,11,1,P2,0w2c2b,5w2c0b,42,39,B,19,false
A,26,12,0,P1,0w2c2b,5w2c0b,42,39,B,20,false
A,26,12,1,P2,0w2c2b,5w2c0b,42,39,B,21,false
A,26,13,0,P1,0w2c2b,5w2c0b,42,39,B,20,false
A,26,13,1,P2,0w2c2b,5w2c0b,42,39,B,17,false
A,26,14,0,P1,0w2c2b,5w2c0b,42,39,A,34,false
A,26,14,1,P2,0w2c2b,5w2c0b,42,39,B,21,false
A,26,15,0,P1,0w2c2b,5w2c0b,42,39,A,18,false
A,26,15,1,P2,0w2c2b,5w2c0b,42,39,B,21,false
A,26,16,0,P1,0w2c2b,5w2c0b,42,39,A,28,false
A,26,16,1,P2,0w2c2b,5w2c0b,42,39,B,21,false
A,26,17,0,P1,0w2c2b,5w2c0b,42,39,B,24,false
A,26,17,1,P2,0w2c2b,5w2c0b,42,39,B,31,false
A,26,18,0,P1,0w2c2b,5w2c0b,42,39,B,22,false
A,26,18,1,P2,0w2c2b,5w2c0b,42,39,B,25,false
A,26,19,0,P1,0w2c2b,5w2c0b,42,39,B,28,false
A,26,19,1,P2,0w2c2b,5w2c0b,42,39,A,29,false
A,26,20,0,P1,0w2c2b,5w2c0b,42,39,A,22,false
A,26,20,1,P2,0w2c2b,5w2c0b,42,39,B,23,false
A,27,1,0,P1,0w2c2b,7w1c0b,42,42,A,28,false
A,27,1,1,P2,0w2c2b,7w1c0b,42,42,B,23,false
A,27,2,0,P1,0w2c2b,7w1c0b,42,42,B,22,false
A,27,2,1,P2,0w2c2b,7w1c0b,42,42,draw,100,true
A,27,3,0,P1,0w2c2b,7w1c0b,42,42,B,18,false
A,27,3,1,P2,0w2c2b,7w1c0b,42,42,B,19,false
A,27,4,0,P1,0w2c2b,7w1c0b,42,42,A,25,false
A,27,4,1,P2,0w2c2b,7w1c0b,42,42,B,23,false
A,27,5,0,P1,0w2c2b,7w1c0b,42,42,B,22,false
A,27,5,1,P2,0w2c2b,7w1c0b,42,42,B,27,false
A,27,6,0,P1,0w2c2b,7w1c0b,42,42,B,18,false
A,27,6,1,P2,0w2c2b,7w1c0b,42,42,A,25,false
A,27,7,0,P1,0w2c2b,7w1c0b,42,42,B,22,false
A,27,7,1,P2,0w2c2b,7w1c0b,42,42,B,19,false
A,27,8,0,P1,0w2c2b,7w1c0b,42,42,A,31,false
A,27,8,1,P2,0w2c2b,7w1c0b,42,42,B,23,false
A,27,9,0,P1,0w2c2b,7w1c0b,42,42,B,20,false
A,27,9,1,P2,0w2c2b,7w1c0b,42,42,A,27,false
A,27,10,0,P1,0w2c2b,7w1c0b,42,42,B,22,false
A,27,10,1,P2,0w2c2b,7w1c0b,42,42,B,17,false
A,27,11,0,P1,0w2c2b,7w1c0b,42,42,A,24,false
A,27,11,1,P2,0w2c2b,7w1c0b,42,42,A,21,false
A,27,12,0,P1,0w2c2b,7w1c0b,42,42,B,20,false
A,27,12,1,P2,0w2c2b,7w1c0b,42,42,B,21,false
A,27,13,0,P1,0w2c2b,7w1c0b,42,42,B,24,false
A,27,13,1,P2,0w2c2b,7w1c0b,42,42,B,21,false
A,27,14,0,P1,0w2c2b,7w1c0b,42,42,B,28,false
A,27,14,1,P2,0w2c2b,7w1c0b,42,42,B,21,false
A,27,15,0,P1,0w2c2b,7w1c0b,42,42,B,18,false
A,27,15,1,P2,0w2c2b,7w1c0b,42,42,A,22,false
A,27,16,0,P1,0w2c2b,7w1c0b,42,42,B,20,false
A,27,16,1,P2,0w2c2b,7w1c0b,42,42,A,37,false
A,27,17,0,P1,0w2c2b,7w1c0b,42,42,A,32,false
A,27,17,1,P2,0w2c2b,7w1c0b,42,42,B,27,false
A,27,18,0,P1,0w2c2b,7w1c0b,42,42,A,26,false
A,27,18,1,P2,0w2c2b,7w1c0b,42,42,A,22,false
A,27,19,0,P1,0w2c2b,7w1c0b,42,42,draw,100,true
A,27,19,1,P2,0w2c2b,7w1c0b,42,42,B,27,false
A,27,20,0,P1,0w2c2b,7w1c0b,42,42,A,29,false
A,27,20,1,P2,0w2c2b,7w1c0b,42,42,B,23,false
A,28,1,0,P1,0w2c2b,8w0c0b,42,40,A,24,false
A,28,1,1,P2,0w2c2b,8w0c0b,42,40,A,33,false
A,28,2,0,P1,0w2c2b,8w0c0b,42,40,B,32,false
A,28,2,1,P2,0w2c2b,8w0c0b,42,40,B,21,false
A,28,3,0,P1,0w2c2b,8w0c0b,42,40,B,18,false
A,28,3,1,P2,0w2c2b,8w0c0b,42,40,B,23,false
A,28,4,0,P1,0w2c2b,8w0c0b,42,40,A,25,false
A,28,4,1,P2,0w2c2b,8w0c0b,42,40,draw,100,true
A,28,5,0,P1,0w2c2b,8w0c0b,42,40,B,24,false
A,28,5,1,P2,0w2c2b,8w0c0b,42,40,B,29,false
A,28,6,0,P1,0w2c2b,8w0c0b,42,40,B,18,false
A,28,6,1,P2,0w2c2b,8w0c0b,42,40,B,19,false
A,28,7,0,P1,0w2c2b,8w0c0b,42,40,A,24,false
A,28,7,1,P2,0w2c2b,8w0c0b,42,40,B,21,false
A,28,8,0,P1,0w2c2b,8w0c0b,42,40,A,19,false
A,28,8,1,P2,0w2c2b,8w0c0b,42,40,B,21,false
A,28,9,0,P1,0w2c2b,8w0c0b,42,40,B,22,false
A,28,9,1,P2,0w2c2b,8w0c0b,42,40,A,31,false
A,28,10,0,P1,0w2c2b,8w0c0b,42,40,B,24,false
A,28,10,1,P2,0w2c2b,8w0c0b,42,40,B,19,false
A,28,11,0,P1,0w2c2b,8w0c0b,42,40,B,20,false
A,28,11,1,P2,0w2c2b,8w0c0b,42,40,B,13,false
A,28,12,0,P1,0w2c2b,8w0c0b,42,40,B,22,false
A,28,12,1,P2,0w2c2b,8w0c0b,42,40,A,19,false
A,28,13,0,P1,0w2c2b,8w0c0b,42,40,A,28,false
A,28,13,1,P2,0w2c2b,8w0c0b,42,40,B,21,false
A,28,14,0,P1,0w2c2b,8w0c0b,42,40,A,30,false
A,28,14,1,P2,0w2c2b,8w0c0b,42,40,B,21,false
A,28,15,0,P1,0w2c2b,8w0c0b,42,40,A,28,false
A,28,15,1,P2,0w2c2b,8w0c0b,42,40,A,22,false
A,28,16,0,P1,0w2c2b,8w0c0b,42,40,B,18,false
A,28,16,1,P2,0w2c2b,8w0c0b,42,40,A,29,false
A,28,17,0,P1,0w2c2b,8w0c0b,42,40,A,28,false
A,28,17,1,P2,0w2c2b,8w0c0b,42,40,A,33,false
A,28,18,0,P1,0w2c2b,8w0c0b,42,40,B,28,false
A,28,18,1,P2,0w2c2b,8w0c0b,42,40,B,23,false
A,28,19,0,P1,0w2c2b,8w0c0b,42,40,A,24,false
A,28,19,1,P2,0w2c2b,8w0c0b,42,40,A,31,false
A,28,20,0,P1,0w2c2b,8w0c0b,42,40,A,32,false
A,28,20,1,P2,0w2c2b,8w0c0b,42,40,B,21,false
A,29,1,0,P1,0w4c1b,0w6c0b,42,42,A,19,false
A,29,1,1,P2,0w4c1b,0w6c0b,42,42,B,16,false
A,29,2,0,P1,0w4c1b,0w6c0b,42,42,A,24,false
A,29,2,1,P2,0w4c1b,0w6c0b,42,42,A,26,false
A,29,3,0,P1,0w4c1b,0w6c0b,42,42,B,14,false
A,29,3,1,P2,0w4c1b,0w6c0b,42,42,B,17,false
A,29,4,0,P1,0w4c1b,0w6c0b,42,42,A,19,false
A,29,4,1,P2,0w4c1b,0w6c0b,42,42,B,21,false
A,29,5,0,P1,0w4c1b,0w6c0b,42,42,A,27,false
A,29,5,1,P2,0w4c1b,0w6c0b,42,42,B,19,false
A,29,6,0,P1,0w4c1b,0w6c0b,42,42,B,12,false
A,29,6,1,P2,0w4c1b,0w6c0b,42,42,A,20,false
A,29,7,0,P1,0w4c1b,0w6c0b,42,42,B,16,false
A,29,7,1,P2,0w4c1b,0w6c0b,42,42,A,17,false
A,29,8,0,P1,0w4c1b,0w6c0b,42,42,A,17,false
A,29,8,1,P2,0w4c1b,0w6c0b,42,42,B,19,false
A,29,9,0,P1,0w4c1b,0w6c0b,42,42,B,14,false
A,29,9,1,P2,0w4c1b,0w6c0b,42,42,B,17,false
A,29,10,0,P1,0w4c1b,0w6c0b,42,42,B,22,false
A,29,10,1,P2,0w4c1b,0w6c0b,42,42,A,17,false
A,29,11,0,P1,0w4c1b,0w6c0b,42,42,B,16,false
A,29,11,1,P2,0w4c1b,0w6c0b,42,42,B,15,false
A,29,12,0,P1,0w4c1b,0w6c0b,42,42,A,23,false
A,29,12,1,P2,0w4c1b,0w6c0b,42,42,B,19,false
A,29,13,0,P1,0w4c1b,0w6c0b,42,42,A,21,false
A,29,13,1,P2,0w4c1b,0w6c0b,42,42,B,17,false
A,29,14,0,P1,0w4c1b,0w6c0b,42,42,A,16,false
A,29,14,1,P2,0w4c1b,0w6c0b,42,42,B,17,false
A,29,15,0,P1,0w4c1b,0w6c0b,42,42,B,18,false
A,29,15,1,P2,0w4c1b,0w6c0b,42,42,B,25,false
A,29,16,0,P1,0w4c1b,0w6c0b,42,42,B,20,false
A,29,16,1,P2,0w4c1b,0w6c0b,42,42,B,21,false
A,29,17,0,P1,0w4c1b,0w6c0b,42,42,A,21,false
A,29,17,1,P2,0w4c1b,0w6c0b,42,42,B,19,false
A,29,18,0,P1,0w4c1b,0w6c0b,42,42,A,16,false
A,29,18,1,P2,0w4c1b,0w6c0b,42,42,B,17,false
A,29,19,0,P1,0w4c1b,0w6c0b,42,42,B,22,false
A,29,19,1,P2,0w4c1b,0w6c0b,42,42,B,23,false
A,29,20,0,P1,0w4c1b,0w6c0b,42,42,B,20,false
A,29,20,1,P2,0w4c1b,0w6c0b,42,42,A,24,false
A,30,1,0,P1,0w4c1b,1w1c2b,42,40,A,25,false
A,30,1,1,P2,0w4c1b,1w1c2b,42,40,A,26,false
A,30,2,0,P1,0w4c1b,1w1c2b,42,40,A,25,false
A,30,2,1,P2,0w4c1b,1w1c2b,42,40,A,25,false
A,30,3,0,P1,0w4c1b,1w1c2b,42,40,A,29,false
A,30,3,1,P2,0w4c1b,1w1c2b,42,40,A,28,false
A,30,4,0,P1,0w4c1b,1w1c2b,42,40,A,31,false
A,30,4,1,P2,0w4c1b,1w1c2b,42,40,A,20,false
A,30,5,0,P1,0w4c1b,1w1c2b,42,40,A,27,false
A,30,5,1,P2,0w4c1b,1w1c2b,42,40,B,31,false
A,30,6,0,P1,0w4c1b,1w1c2b,42,40,B,34,false
A,30,6,1,P2,0w4c1b,1w1c2b,42,40,B,25,false
A,30,7,0,P1,0w4c1b,1w1c2b,42,40,A,25,false
A,30,7,1,P2,0w4c1b,1w1c2b,42,40,A,18,false
A,30,8,0,P1,0w4c1b,1w1c2b,42,40,A,19,false
A,30,8,1,P2,0w4c1b,1w1c2b,42,40,A,22,false
A,30,9,0,P1,0w4c1b,1w1c2b,42,40,A,21,false
A,30,9,1,P2,0w4c1b,1w1c2b,42,40,A,24,false
A,30,10,0,P1,0w4c1b,1w1c2b,42,40,A,21,false
A,30,10,1,P2,0w4c1b,1w1c2b,42,40,A,23,false
A,30,11,0,P1,0w4c1b,1w1c2b,42,40,A,17,false
A,30,11,1,P2,0w4c1b,1w1c2b,42,40,A,20,false
A,30,12,0,P1,0w4c1b,1w1c2b,42,40,A,23,false
A,30,12,1,P2,0w4c1b,1w1c2b,42,40,A,22,false
A,30,13,0,P1,0w4c1b,1w1c2b,42,40,A,15,false
A,30,13,1,P2,0w4c1b,1w1c2b,42,40,A,20,false
A,30,14,0,P1,0w4c1b,1w1c2b,42,40,A,21,false
A,30,14,1,P2,0w4c1b,1w1c2b,42,40,B,35,false
A,30,15,0,P1,0w4c1b,1w1c2b,42,40,A,39,false
A,30,15,1,P2,0w4c1b,1w1c2b,42,40,B,23,false
A,30,16,0,P1,0w4c1b,1w1c2b,42,40,A,19,false
A,30,16,1,P2,0w4c1b,1w1c2b,42,40,A,16,false
A,30,17,0,P1,0w4c1b,1w1c2b,42,40,A,27,false
A,30,17,1,P2,0w4c1b,1w1c2b,42,40,A,46,false
A,30,18,0,P1,0w4c1b,1w1c2b,42,40,A,23,false
A,30,18,1,P2,0w4c1b,1w1c2b,42,40,B,17,false
A,30,19,0,P1,0w4c1b,1w1c2b,42,40,A,19,false
A,30,19,1,P2,0w4c1b,1w1c2b,42,40,B,21,false
A,30,20,0,P1,0w4c1b,1w1c2b,42,40,A,23,false
A,30,20,1,P2,0w4c1b,1w1c2b,42,40,A,24,false
A,31,1,0,P1,0w4c1b,1w3c1b,42,40,B,22,false
A,31,1,1,P2,0w4c1b,1w3c1b,42,40,A,18,false
A,31,2,0,P1,0w4c1b,1w3c1b,42,40,A,43,false
A,31,2,1,P2,0w4c1b,1w3c1b,42,40,A,24,false
A,31,3,0,P1,0w4c1b,1w3c1b,42,40,A,21,false
A,31,3,1,P2,0w4c1b,1w3c1b,42,40,A,36,false
A,31,4,0,P1,0w4c1b,1w3c1b,42,40,A,21,false
A,31,4,1,P2,0w4c1b,1w3c1b,42,40,A,33,false
A,31,5,0,P1,0w4c1b,1w3c1b,42,40,A,29,false
A,31,5,1,P2,0w4c1b,1w3c1b,42,40,B,19,false
A,31,6,0,P1,0w4c1b,1w3c1b,42,40,B,24,false
A,31,6,1,P2,0w4c1b,1w3c1b,42,40,B,15,false
A,31,7,0,P1,0w4c1b,1w3c1b,42,40,A,28,false
A,31,7,1,P2,0w4c1b,1w3c1b,42,40,A,16,false
A,31,8,0,P1,0w4c1b,1w3c1b,42,40,A,21,false
A,31,8,1,P2,0w4c1b,1w3c1b,42,40,B,19,false
A,31,9,0,P1,0w4c1b,1w3c1b,42,40,A,27,false
A,31,9,1,P2,0w4c1b,1w3c1b,42,40,A,25,false
A,31,10,0,P1,0w4c1b,1w3c1b,42,40,B,24,false
A,31,10,1,P2,0w4c1b,1w3c1b,42,40,A,20,false
A,31,11,0,P1,0w4c1b,1w3c1b,42,40,A,17,false
A,31,11,1,P2,0w4c1b,1w3c1b,42,40,A,22,false
A,31,12,0,P1,0w4c1b,1w3c1b,42,40,draw,100,true
A,31,12,1,P2,0w4c1b,1w3c1b,42,40,A,32,false
A,31,13,0,P1,0w4c1b,1w3c1b,42,40,A,15,false
A,31,13,1,P2,0w4c1b,1w3c1b,42,40,A,23,false
A,31,14,0,P1,0w4c1b,1w3c1b,42,40,A,23,false
A,31,14,1,P2,0w4c1b,1w3c1b,42,40,B,21,false
A,31,15,0,P1,0w4c1b,1w3c1b,42,40,B,22,false
A,31,15,1,P2,0w4c1b,1w3c1b,42,40,A,24,false
A,31,16,0,P1,0w4c1b,1w3c1b,42,40,A,17,false
A,31,16,1,P2,0w4c1b,1w3c1b,42,40,A,18,false
A,31,17,0,P1,0w4c1b,1w3c1b,42,40,A,39,false
A,31,17,1,P2,0w4c1b,1w3c1b,42,40,B,27,false
A,31,18,0,P1,0w4c1b,1w3c1b,42,40,A,19,false
A,31,18,1,P2,0w4c1b,1w3c1b,42,40,A,16,false
A,31,19,0,P1,0w4c1b,1w3c1b,42,40,A,31,false
A,31,19,1,P2,0w4c1b,1w3c1b,42,40,B,23,false
A,31,20,0,P1,0w4c1b,1w3c1b,42,40,B,20,false
A,31,20,1,P2,0w4c1b,1w3c1b,42,40,A,42,false
A,32,1,0,P1,0w4c1b,1w5c0b,42,40,A,26,false
A,32,1,1,P2,0w4c1b,1w5c0b,42,40,B,17,false
A,32,2,0,P1,0w4c1b,1w5c0b,42,40,A,28,false
A,32,2,1,P2,0w4c1b,1w5c0b,42,40,B,25,false
A,32,3,0,P1,0w4c1b,1w5c0b,42,40,B,16,false
A,32,3,1,P2,0w4c1b,1w5c0b,42,40,B,15,false
A,32,4,0,P1,0w4c1b,1w5c0b,42,40,A,19,false
A,32,4,1,P2,0w4c1b,1w5c0b,42,40,A,20,false
A,32,5,0,P1,0w4c1b,1w5c0b,42,40,B,18,false
A,32,5,1,P2,0w4c1b,1w5c0b,42,40,B,21,false
A,32,6,0,P1,0w4c1b,1w5c0b,42,40,B,12,false
A,32,6,1,P2,0w4c1b,1w5c0b,42,40,B,13,false
A,32,7,0,P1,0w4c1b,1w5c0b,42,40,B,16,false
A,32,7,1,P2,0w4c1b,1w5c0b,42,40,B,17,false
A,32,8,0,P1,0w4c1b,1w5c0b,42,40,B,24,false
A,32,8,1,P2,0w4c1b,1w5c0b,42,40,A,18,false
A,32,9,0,P1,0w4c1b,1w5c0b,42,40,B,14,false
A,32,9,1,P2,0w4c1b,1w5c0b,42,40,A,20,false
A,32,10,0,P1,0w4c1b,1w5c0b,42,40,B,28,false
A,32,10,1,P2,0w4c1b,1w5c0b,42,40,A,23,false
A,32,11,0,P1,0w4c1b,1w5c0b,42,40,A,15,false
A,32,11,1,P2,0w4c1b,1w5c0b,42,40,B,15,false
A,32,12,0,P1,0w4c1b,1w5c0b,42,40,B,16,false
A,32,12,1,P2,0w4c1b,1w5c0b,42,40,A,24,false
A,32,13,0,P1,0w4c1b,1w5c0b,42,40,A,17,false
A,32,13,1,P2,0w4c1b,1w5c0b,42,40,A,29,false
A,32,14,0,P1,0w4c1b,1w5c0b,42,40,A,30,false
A,32,14,1,P2,0w4c1b,1w5c0b,42,40,B,19,false
A,32,15,0,P1,0w4c1b,1w5c0b,42,40,B,20,false
A,32,15,1,P2,0w4c1b,1w5c0b,42,40,B,15,false
A,32,16,0,P1,0w4c1b,1w5c0b,42,40,B,22,false
A,32,16,1,P2,0w4c1b,1w5c0b,42,40,A,20,false
A,32,17,0,P1,0w4c1b,1w5c0b,42,40,A,28,false
A,32,17,1,P2,0w4c1b,1w5c0b,42,40,B,19,false
A,32,18,0,P1,0w4c1b,1w5c0b,42,40,A,16,false
A,32,18,1,P2,0w4c1b,1w5c0b,42,40,B,15,false
A,32,19,0,P1,0w4c1b,1w5c0b,42,40,A,22,false
A,32,19,1,P2,0w4c1b,1w5c0b,42,40,B,21,false
A,32,20,0,P1,0w4c1b,1w5c0b,42,40,A,21,false
A,32,20,1,P2,0w4c1b,1w5c0b,42,40,A,21,false
A,33,1,0,P1,0w4c1b,2w0c2b,42,38,A,29,false
A,33,1,1,P2,0w4c1b,2w0c2b,42,38,A,24,false
A,33,2,0,P1,0w4c1b,2w0c2b,42,38,A,25,false
A,33,2,1,P2,0w4c1b,2w0c2b,42,38,A,20,false
A,33,3,0,P1,0w4c1b,2w0c2b,42,38,A,26,false
A,33,3,1,P2,0w4c1b,2w0c2b,42,38,B,23,false
A,33,4,0,P1,0w4c1b,2w0c2b,42,38,A,31,false
A,33,4,1,P2,0w4c1b,2w0c2b,42,38,A,20,false
A,33,5,0,P1,0w4c1b,2w0c2b,42,38,A,25,false
A,33,5,1,P2,0w4c1b,2w0c2b,42,38,A,34,false
A,33,6,0,P1,0w4c1b,2w0c2b,42,38,B,18,false
A,33,6,1,P2,0w4c1b,2w0c2b,42,38,A,24,false
A,33,7,0,P1,0w4c1b,2w0c2b,42,38,A,25,false
A,33,7,1,P2,0w4c1b,2w0c2b,42,38,A,16,false
A,33,8,0,P1,0w4c1b,2w0c2b,42,38,A,22,false
A,33,8,1,P2,0w4c1b,2w0c2b,42,38,A,22,false
A,33,9,0,P1,0w4c1b,2w0c2b,42,38,A,21,false
A,33,9,1,P2,0w4c1b,2w0c2b,42,38,A,38,false
A,33,10,0,P1,0w4c1b,2w0c2b,42,38,A,19,false
A,33,10,1,P2,0w4c1b,2w0c2b,42,38,B,21,false
A,33,11,0,P1,0w4c1b,2w0c2b,42,38,A,19,false
A,33,11,1,P2,0w4c1b,2w0c2b,42,38,A,18,false
A,33,12,0,P1,0w4c1b,2w0c2b,42,38,A,25,false
A,33,12,1,P2,0w4c1b,2w0c2b,42,38,A,26,false
A,33,13,0,P1,0w4c1b,2w0c2b,42,38,A,17,false
A,33,13,1,P2,0w4c1b,2w0c2b,42,38,A,23,false
A,33,14,0,P1,0w4c1b,2w0c2b,42,38,A,21,false
A,33,14,1,P2,0w4c1b,2w0c2b,42,38,A,23,false
A,33,15,0,P1,0w4c1b,2w0c2b,42,38,A,17,false
A,33,15,1,P2,0w4c1b,2w0c2b,42,38,B,31,false
A,33,16,0,P1,0w4c1b,2w0c2b,42,38,A,28,false
A,33,16,1,P2,0w4c1b,2w0c2b,42,38,A,20,false
A,33,17,0,P1,0w4c1b,2w0c2b,42,38,A,27,false
A,33,17,1,P2,0w4c1b,2w0c2b,42,38,draw,100,true
A,33,18,0,P1,0w4c1b,2w0c2b,42,38,A,23,false
A,33,18,1,P2,0w4c1b,2w0c2b,42,38,A,24,false
A,33,19,0,P1,0w4c1b,2w0c2b,42,38,A,41,false
A,33,19,1,P2,0w4c1b,2w0c2b,42,38,B,23,false
A,33,20,0,P1,0w4c1b,2w0c2b,42,38,A,23,false
A,33,20,1,P2,0w4c1b,2w0c2b,42,38,A,24,false
A,34,1,0,P1,0w4c1b,2w2c1b,42,38,B,30,false
A,34,1,1,P2,0w4c1b,2w2c1b,42,38,A,22,false
A,34,2,0,P1,0w4c1b,2w2c1b,42,38,A,29,false
A,34,2,1,P2,0w4c1b,2w2c1b,42,38,A,24,false
A,34,3,0,P1,0w4c1b,2w2c1b,42,38,A,31,false
A,34,3,1,P2,0w4c1b,2w2c1b,42,38,A,44,false
A,34,4,0,P1,0w4c1b,2w2c1b,42,38,A,21,false
A,34,4,1,P2,0w4c1b,2w2c1b,42,38,A,26,false
A,34,5,0,P1,0w4c1b,2w2c1b,42,38,A,23,false
A,34,5,1,P2,0w4c1b,2w2c1b,42,38,A,26,false
A,34,6,0,P1,0w4c1b,2w2c1b,42,38,A,19,false
A,34,6,1,P2,0w4c1b,2w2c1b,42,38,B,19,false
A,34,7,0,P1,0w4c1b,2w2c1b,42,38,A,19,false
A,34,7,1,P2,0w4c1b,2w2c1b,42,38,B,17,false
A,34,8,0,P1,0w4c1b,2w2c1b,42,38,A,23,false
A,34,8,1,P2,0w4c1b,2w2c1b,42,38,B,41,false
A,34,9,0,P1,0w4c1b,2w2c1b,42,38,A,26,false
A,34,9,1,P2,0w4c1b,2w2c1b,42,38,B,25,false
A,34,10,0,P1,0w4c1b,2w2c1b,42,38,A,19,false
A,34,10,1,P2,0w4c1b,2w2c1b,42,38,A,23,false
A,34,11,0,P1,0w4c1b,2w2c1b,42,38,A,20,false
A,34,11,1,P2,0w4c1b,2w2c1b,42,38,A,24,false
A,34,12,0,P1,0w4c1b,2w2c1b,42,38,A,24,false
A,34,12,1,P2,0w4c1b,2w2c1b,42,38,A,17,false
A,34,13,0,P1,0w4c1b,2w2c1b,42,38,A,22,false
A,34,13,1,P2,0w4c1b,2w2c1b,42,38,A,22,false
A,34,14,0,P1,0w4c1b,2w2c1b,42,38,A,25,false
A,34,14,1,P2,0w4c1b,2w2c1b,42,38,B,21,false
A,34,15,0,P1,0w4c1b,2w2c1b,42,38,A,25,false
A,34,15,1,P2,0w4c1b,2w2c1b,42,38,B,25,false
A,34,16,0,P1,0w4c1b,2w2c1b,42,38,A,28,false
A,34,16,1,P2,0w4c1b,2w2c1b,42,38,A,24,false
A,34,17,0,P1,0w4c1b,2w2c1b,42,38,A,27,false
A,34,17,1,P2,0w4c1b,2w2c1b,42,38,B,25,false
A,34,18,0,P1,0w4c1b,2w2c1b,42,38,A,17,false
A,34,18,1,P2,0w4c1b,2w2c1b,42,38,A,24,false
A,34,19,0,P1,0w4c1b,2w2c1b,42,38,A,19,false
A,34,19,1,P2,0w4c1b,2w2c1b,42,38,A,22,false
A,34,20,0,P1,0w4c1b,2w2c1b,42,38,B,20,false
A,34,20,1,P2,0w4c1b,2w2c1b,42,38,A,24,false
A,35,1,0,P1,0w4c1b,2w4c0b,42,38,B,24,false
A,35,1,1,P2,0w4c1b,2w4c0b,42,38,A,22,false
A,35,2,0,P1,0w4c1b,2w4c0b,42,38,B,22,false
A,35,2,1,P2,0w4c1b,2w4c0b,42,38,B,21,false
A,35,3,0,P1,0w4c1b,2w4c0b,42,38,B,18,false
A,35,3,1,P2,0w4c1b,2w4c0b,42,38,A,20,false
A,35,4,0,P1,0w4c1b,2w4c0b,42,38,A,24,false
A,35,4,1,P2,0w4c1b,2w4c0b,42,38,A,23,false
A,35,5,0,P1,0w4c1b,2w4c0b,42,38,A,26,false
A,35,5,1,P2,0w4c1b,2w4c0b,42,38,B,19,false
A,35,6,0,P1,0w4c1b,2w4c0b,42,38,B,14,false
A,35,6,1,P2,0w4c1b,2w4c0b,42,38,B,14,false
A,35,7,0,P1,0w4c1b,2w4c0b,42,38,B,18,false
A,35,7,1,P2,0w4c1b,2w4c0b,42,38,A,20,false
A,35,8,0,P1,0w4c1b,2w4c0b,42,38,A,26,false
A,35,8,1,P2,0w4c1b,2w4c0b,42,38,A,20,false
A,35,9,0,P1,0w4c1b,2w4c0b,42,38,A,15,false
A,35,9,1,P2,0w4c1b,2w4c0b,42,38,A,21,false
A,35,10,0,P1,0w4c1b,2w4c0b,42,38,B,24,false
A,35,10,1,P2,0w4c1b,2w4c0b,42,38,A,30,false
A,35,11,0,P1,0w4c1b,2w4c0b,42,38,A,19,false
A,35,11,1,P2,0w4c1b,2w4c0b,42,38,B,19,false
A,35,12,0,P1,0w4c1b,2w4c0b,42,38,B,24,false
A,35,12,1,P2,0w4c1b,2w4c0b,42,38,A,24,false
A,35,13,0,P1,0w4c1b,2w4c0b,42,38,B,18,false
A,35,13,1,P2,0w4c1b,2w4c0b,42,38,A,20,false
A,35,14,0,P1,0w4c1b,2w4c0b,42,38,A,19,false
A,35,14,1,P2,0w4c1b,2w4c0b,42,38,A,23,false
A,35,15,0,P1,0w4c1b,2w4c0b,42,38,B,20,false
A,35,15,1,P2,0w4c1b,2w4c0b,42,38,A,23,false
A,35,16,0,P1,0w4c1b,2w4c0b,42,38,B,22,false
A,35,16,1,P2,0w4c1b,2w4c0b,42,38,B,17,false
A,35,17,0,P1,0w4c1b,2w4c0b,42,38,A,20,false
A,35,17,1,P2,0w4c1b,2w4c0b,42,38,A,22,false
A,35,18,0,P1,0w4c1b,2w4c0b,42,38,A,15,false
A,35,18,1,P2,0w4c1b,2w4c0b,42,38,A,18,false
A,35,19,0,P1,0w4c1b,2w4c0b,42,38,A,30,false
A,35,19,1,P2,0w4c1b,2w4c0b,42,38,A,27,false
A,35,20,0,P1,0w4c1b,2w4c0b,42,38,A,21,false
A,35,20,1,P2,0w4c1b,2w4c0b,42,38,B,23,false
A,36,1,0,P1,0w4c1b,4w1c1b,42,41,draw,100,true
A,36,1,1,P2,0w4c1b,4w1c1b,42,41,A,28,false
A,36,2,0,P1,0w4c1b,4w1c1b,42,41,B,24,false
A,36,2,1,P2,0w4c1b,4w1c1b,42,41,A,25,false
A,36,3,0,P1,0w4c1b,4w1c1b,42,41,A,22,false
A,36,3,1,P2,0w4c1b,4w1c1b,42,41,A,22,false
A,36,4,0,P1,0w4c1b,4w1c1b,42,41,A,21,false
A,36,4,1,P2,0w4c1b,4w1c1b,42,41,A,20,false
A,36,5,0,P1,0w4c1b,4w1c1b,42,41,A,22,false
A,36,5,1,P2,0w4c1b,4w1c1b,42,41,B,29,false
A,36,6,0,P1,0w4c1b,4w1c1b,42,41,A,15,false
A,36,6,1,P2,0w4c1b,4w1c1b,42,41,A,18,false
A,36,7,0,P1,0w4c1b,4w1c1b,42,41,A,24,false
A,36,7,1,P2,0w4c1b,4w1c1b,42,41,B,21,false
A,36,8,0,P1,0w4c1b,4w1c1b,42,41,A,32,false
A,36,8,1,P2,0w4c1b,4w1c1b,42,41,B,21,false
A,36,9,0,P1,0w4c1b,4w1c1b,42,41,A,20,false
A,36,9,1,P2,0w4c1b,4w1c1b,42,41,A,26,false
A,36,10,0,P1,0w4c1b,4w1c1b,42,41,A,23,false
A,36,10,1,P2,0w4c1b,4w1c1b,42,41,A,31,false
A,36,11,0,P1,0w4c1b,4w1c1b,42,41,B,20,false
A,36,11,1,P2,0w4c1b,4w1c1b,42,41,A,20,false
A,36,12,0,P1,0w4c1b,4w1c1b,42,41,A,26,false
A,36,12,1,P2,0w4c1b,4w1c1b,42,41,A,25,false
A,36,13,0,P1,0w4c1b,4w1c1b,42,41,A,22,false
A,36,13,1,P2,0w4c1b,4w1c1b,42,41,A,29,false
A,36,14,0,P1,0w4c1b,4w1c1b,42,41,A,27,false
A,36,14,1,P2,0w4c1b,4w1c1b,42,41,A,27,false
A,36,15,0,P1,0w4c1b,4w1c1b,42,41,A,24,false
A,36,15,1,P2,0w4c1b,4w1c1b,42,41,A,21,false
A,36,16,0,P1,0w4c1b,4w1c1b,42,41,A,17,false
A,36,16,1,P2,0w4c1b,4w1c1b,42,41,B,21,false
A,36,17,0,P1,0w4c1b,4w1c1b,42,41,A,31,false
A,36,17,1,P2,0w4c1b,4w1c1b,42,41,A,28,false
A,36,18,0,P1,0w4c1b,4w1c1b,42,41,B,22,false
A,36,18,1,P2,0w4c1b,4w1c1b,42,41,B,22,false
A,36,19,0,P1,0w4c1b,4w1c1b,42,41,B,36,false
A,36,19,1,P2,0w4c1b,4w1c1b,42,41,A,22,false
A,36,20,0,P1,0w4c1b,4w1c1b,42,41,A,33,false
A,36,20,1,P2,0w4c1b,4w1c1b,42,41,B,21,false
A,37,1,0,P1,0w4c1b,4w3c0b,42,41,B,22,false
A,37,1,1,P2,0w4c1b,4w3c0b,42,41,B,15,false
A,37,2,0,P1,0w4c1b,4w3c0b,42,41,B,20,false
A,37,2,1,P2,0w4c1b,4w3c0b,42,41,B,21,false
A,37,3,0,P1,0w4c1b,4w3c0b,42,41,A,28,false
A,37,3,1,P2,0w4c1b,4w3c0b,42,41,A,25,false
A,37,4,0,P1,0w4c1b,4w3c0b,42,41,A,21,false
A,37,4,1,P2,0w4c1b,4w3c0b,42,41,B,19,false
A,37,5,0,P1,0w4c1b,4w3c0b,42,41,A,24,false
A,37,5,1,P2,0w4c1b,4w3c0b,42,41,B,19,false
A,37,6,0,P1,0w4c1b,4w3c0b,42,41,B,14,false
A,37,6,1,P2,0w4c1b,4w3c0b,42,41,B,22,false
A,37,7,0,P1,0w4c1b,4w3c0b,42,41,B,22,false
A,37,7,1,P2,0w4c1b,4w3c0b,42,41,B,17,false
A,37,8,0,P1,0w4c1b,4w3c0b,42,41,A,26,false
A,37,8,1,P2,0w4c1b,4w3c0b,42,41,B,19,false
A,37,9,0,P1,0w4c1b,4w3c0b,42,41,B,16,false
A,37,9,1,P2,0w4c1b,4w3c0b,42,41,B,19,false
A,37,10,0,P1,0w4c1b,4w3c0b,42,41,B,18,false
A,37,10,1,P2,0w4c1b,4w3c0b,42,41,A,29,false
A,37,11,0,P1,0w4c1b,4w3c0b,42,41,B,20,false
A,37,11,1,P2,0w4c1b,4w3c0b,42,41,B,17,false
A,37,12,0,P1,0w4c1b,4w3c0b,42,41,B,18,false
A,37,12,1,P2,0w4c1b,4w3c0b,42,41,A,35,false
A,37,13,0,P1,0w4c1b,4w3c0b,42,41,A,19,false
A,37,13,1,P2,0w4c1b,4w3c0b,42,41,B,21,false
A,37,14,0,P1,0w4c1b,4w3c0b,42,41,B,20,false
A,37,14,1,P2,0w4c1b,4w3c0b,42,41,B,19,false
A,37,15,0,P1,0w4c1b,4w3c0b,42,41,B,20,false
A,37,15,1,P2,0w4c1b,4w3c0b,42,41,B,17,false
A,37,16,0,P1,0w4c1b,4w3c0b,42,41,B,20,false
A,37,16,1,P2,0w4c1b,4w3c0b,42,41,B,17,false
A,37,17,0,P1,0w4c1b,4w3c0b,42,41,B,23,false
A,37,17,1,P2,0w4c1b,4w3c0b,42,41,B,25,false
A,37,18,0,P1,0w4c1b,4w3c0b,42,41,A,19,false
A,37,18,1,P2,0w4c1b,4w3c0b,42,41,A,20,false
A,37,19,0,P1,0w4c1b,4w3c0b,42,41,B,26,false
A,37,19,1,P2,0w4c1b,4w3c0b,42,41,B,19,false
A,37,20,0,P1,0w4c1b,4w3c0b,42,41,B,16,false
A,37,20,1,P2,0w4c1b,4w3c0b,42,41,A,23,false
A,38,1,0,P1,0w4c1b,5w0c1b,42,39,B,22,false
A,38,1,1,P2,0w4c1b,5w0c1b,42,39,B,21,false
A,38,2,0,P1,0w4c1b,5w0c1b,42,39,B,20,false
A,38,2,1,P2,0w4c1b,5w0c1b,42,39,A,18,false
A,38,3,0,P1,0w4c1b,5w0c1b,42,39,A,21,false
A,38,3,1,P2,0w4c1b,5w0c1b,42,39,A,19,false
A,38,4,0,P1,0w4c1b,5w0c1b,42,39,A,21,false
A,38,4,1,P2,0w4c1b,5w0c1b,42,39,A,22,false
A,38,5,0,P1,0w4c1b,5w0c1b,42,39,A,21,false
A,38,5,1,P2,0w4c1b,5w0c1b,42,39,A,29,false
A,38,6,0,P1,0w4c1b,5w0c1b,42,39,B,22,false
A,38,6,1,P2,0w4c1b,5w0c1b,42,39,A,27,false
A,38,7,0,P1,0w4c1b,5w0c1b,42,39,A,20,false
A,38,7,1,P2,0w4c1b,5w0c1b,42,39,A,18,false
A,38,8,0,P1,0w4c1b,5w0c1b,42,39,A,26,false
A,38,8,1,P2,0w4c1b,5w0c1b,42,39,A,28,false
A,38,9,0,P1,0w4c1b,5w0c1b,42,39,A,24,false
A,38,9,1,P2,0w4c1b,5w0c1b,42,39,A,31,false
A,38,10,0,P1,0w4c1b,5w0c1b,42,39,A,24,false
A,38,10,1,P2,0w4c1b,5w0c1b,42,39,A,24,false
A,38,11,0,P1,0w4c1b,5w0c1b,42,39,B,34,false
A,38,11,1,P2,0w4c1b,5w0c1b,42,39,A,19,false
A,38,12,0,P1,0w4c1b,5w0c1b,42,39,B,32,false
A,38,12,1,P2,0w4c1b,5w0c1b,42,39,B,21,false
A,38,13,0,P1,0w4c1b,5w0c1b,42,39,B,18,false
A,38,13,1,P2,0w4c1b,5w0c1b,42,39,B,21,false
A,38,14,0,P1,0w4c1b,5w0c1b,42,39,A,25,false
A,38,14,1,P2,0w4c1b,5w0c1b,42,39,B,21,false
A,38,15,0,P1,0w4c1b,5w0c1b,42,39,A,24,false
A,38,15,1,P2,0w4c1b,5w0c1b,42,39,A,22,false
A,38,16,0,P1,0w4c1b,5w0c1b,42,39,B,18,false
A,38,16,1,P2,0w4c1b,5w0c1b,42,39,B,21,false
A,38,17,0,P1,0w4c1b,5w0c1b,42,39,B,34,false
A,38,17,1,P2,0w4c1b,5w0c1b,42,39,A,28,false
A,38,18,0,P1,0w4c1b,5w0c1b,42,39,B,22,false
A,38,18,1,P2,0w4c1b,5w0c1b,42,39,B,21,false
A,38,19,0,P1,0w4c1b,5w0c1b,42,39,A,30,false
A,38,19,1,P2,0w4c1b,5w0c1b,42,39,A,33,false
A,38,20,0,P1,0w4c1b,5w0c1b,42,39,A,27,false
A,38,20,1,P2,0w4c1b,5w0c1b,42,39,B,19,false
A,39,1,0,P1,0w4c1b,5w2c0b,42,39,B,16,false
A,39,1,1,P2,0w4c1b,5w2c0b,42,39,B,17,false
A,39,2,0,P1,0w4c1b,5w2c0b,42,39,B,20,false
A,39,2,1,P2,0w4c1b,5w2c0b,42,39,B,21,false
A,39,3,0,P1,0w4c1b,5w2c0b,42,39,B,18,false
A,39,3,1,P2,0w4c1b,5w2c0b,42,39,A,20,false
A,39,4,0,P1,0w4c1b,5w2c0b,42,39,B,22,false
A,39,4,1,P2,0w4c1b,5w2c0b,42,39,A,29,false
A,39,5,0,P1,0w4c1b,5w2c0b,42,39,A,30,false
A,39,5,1,P2,0w4c1b,5w2c0b,42,39,A,23,false
A,39,6,0,P1,0w4c1b,5w2c0b,42,39,A,31,false
A,39,6,1,P2,0w4c1b,5w2c0b,42,39,A,24,false
A,39,7,0,P1,0w4c1b,5w2c0b,42,39,A,24,false
A,39,7,1,P2,0w4c1b,5w2c0b,42,39,A,23,false
A,39,8,0,P1,0w4c1b,5w2c0b,42,39,A,30,false
A,39,8,1,P2,0w4c1b,5w2c0b,42,39,A,16,false
A,39,9,0,P1,0w4c1b,5w2c0b,42,39,B,16,false
A,39,9,1,P2,0w4c1b,5w2c0b,42,39,B,19,false
A,39,10,0,P1,0w4c1b,5w2c0b,42,39,B,18,false
A,39,10,1,P2,0w4c1b,5w2c0b,42,39,B,21,false
A,39,11,0,P1,0w4c1b,5w2c0b,42,39,B,20,false
A,39,11,1,P2,0w4c1b,5w2c0b,42,39,A,18,false
A,39,12,0,P1,0w4c1b,5w2c0b,42,39,A,26,false
A,39,12,1,P2,0w4c1b,5w2c0b,42,39,B,21,false
A,39,13,0,P1,0w4c1b,5w2c0b,42,39,A,15,false
A,39,13,1,P2,0w4c1b,5w2c0b,42,39,B,19,false
A,39,14,0,P1,0w4c1b,5w2c0b,42,39,B,24,false
A,39,14,1,P2,0w4c1b,5w2c0b,42,39,B,21,false
A,39,15,0,P1,0w4c1b,5w2c0b,42,39,B,22,false
A,39,15,1,P2,0w4c1b,5w2c0b,42,39,B,17,false
A,39,16,0,P1,0w4c1b,5w2c0b,42,39,B,14,false
A,39,16,1,P2,0w4c1b,5w2c0b,42,39,B,17,false
A,39,17,0,P1,0w4c1b,5w2c0b,42,39,A,25,false
A,39,17,1,P2,0w4c1b,5w2c0b,42,39,B,29,false
A,39,18,0,P1,0w4c1b,5w2c0b,42,39,B,20,false
A,39,18,1,P2,0w4c1b,5w2c0b,42,39,A,23,false
A,39,19,0,P1,0w4c1b,5w2c0b,42,39,B,26,false
A,39,19,1,P2,0w4c1b,5w2c0b,42,39,B,21,false
A,39,20,0,P1,0w4c1b,5w2c0b,42,39,B,26,false
A,39,20,1,P2,0w4c1b,5w2c0b,42,39,A,25,false
A,40,1,0,P1,0w4c1b,7w1c0b,42,42,A,26,false
A,40,1,1,P2,0w4c1b,7w1c0b,42,42,B,31,false
A,40,2,0,P1,0w4c1b,7w1c0b,42,42,B,20,false
A,40,2,1,P2,0w4c1b,7w1c0b,42,42,A,25,false
A,40,3,0,P1,0w4c1b,7w1c0b,42,42,B,18,false
A,40,3,1,P2,0w4c1b,7w1c0b,42,42,A,18,false
A,40,4,0,P1,0w4c1b,7w1c0b,42,42,B,16,false
A,40,4,1,P2,0w4c1b,7w1c0b,42,42,B,21,false
A,40,5,0,P1,0w4c1b,7w1c0b,42,42,A,21,false
A,40,5,1,P2,0w4c1b,7w1c0b,42,42,B,23,false
A,40,6,0,P1,0w4c1b,7w1c0b,42,42,B,16,false
A,40,6,1,P2,0w4c1b,7w1c0b,42,42,A,23,false
A,40,7,0,P1,0w4c1b,7w1c0b,42,42,B,16,false
A,40,7,1,P2,0w4c1b,7w1c0b,42,42,B,21,false
A,40,8,0,P1,0w4c1b,7w1c0b,42,42,A,23,false
A,40,8,1,P2,0w4c1b,7w1c0b,42,42,B,21,false
A,40,9,0,P1,0w4c1b,7w1c0b,42,42,A,19,false
A,40,9,1,P2,0w4c1b,7w1c0b,42,42,B,19,false
A,40,10,0,P1,0w4c1b,7w1c0b,42,42,B,20,false
A,40,10,1,P2,0w4c1b,7w1c0b,42,42,B,17,false
A,40,11,0,P1,0w4c1b,7w1c0b,42,42,B,14,false
A,40,11,1,P2,0w4c1b,7w1c0b,42,42,B,19,false
A,40,12,0,P1,0w4c1b,7w1c0b,42,42,A,23,false
A,40,12,1,P2,0w4c1b,7w1c0b,42,42,B,19,false
A,40,13,0,P1,0w4c1b,7w1c0b,42,42,B,20,false
A,40,13,1,P2,0w4c1b,7w1c0b,42,42,A,24,false
A,40,14,0,P1,0w4c1b,7w1c0b,42,42,A,19,false
A,40,14,1,P2,0w4c1b,7w1c0b,42,42,B,23,false
A,40,15,0,P1,0w4c1b,7w1c0b,42,42,B,18,false
A,40,15,1,P2,0w4c1b,7w1c0b,42,42,A,28,false
A,40,16,0,P1,0w4c1b,7w1c0b,42,42,B,14,false
A,40,16,1,P2,0w4c1b,7w1c0b,42,42,B,21,false
A,40,17,0,P1,0w4c1b,7w1c0b,42,42,A,24,false
A,40,17,1,P2,0w4c1b,7w1c0b,42,42,B,27,false
A,40,18,0,P1,0w4c1b,7w1c0b,42,42,A,26,false
A,40,18,1,P2,0w4c1b,7w1c0b,42,42,B,19,false
A,40,19,0,P1,0w4c1b,7w1c0b,42,42,B,26,false
A,40,19,1,P2,0w4c1b,7w1c0b,42,42,A,20,false
A,40,20,0,P1,0w4c1b,7w1c0b,42,42,B,18,false
A,40,20,1,P2,0w4c1b,7w1c0b,42,42,B,24,false
A,41,1,0,P1,0w4c1b,8w0c0b,42,40,A,21,false
A,41,1,1,P2,0w4c1b,8w0c0b,42,40,B,19,false
A,41,2,0,P1,0w4c1b,8w0c0b,42,40,B,20,false
A,41,2,1,P2,0w4c1b,8w0c0b,42,40,B,23,false
A,41,3,0,P1,0w4c1b,8w0c0b,42,40,A,19,false
A,41,3,1,P2,0w4c1b,8w0c0b,42,40,B,25,false
A,41,4,0,P1,0w4c1b,8w0c0b,42,40,B,20,false
A,41,4,1,P2,0w4c1b,8w0c0b,42,40,A,29,false
A,41,5,0,P1,0w4c1b,8w0c0b,42,40,A,21,false
A,41,5,1,P2,0w4c1b,8w0c0b,42,40,A,26,false
A,41,6,0,P1,0w4c1b,8w0c0b,42,40,B,17,false
A,41,6,1,P2,0w4c1b,8w0c0b,42,40,B,17,false
A,41,7,0,P1,0w4c1b,8w0c0b,42,40,B,18,false
A,41,7,1,P2,0w4c1b,8w0c0b,42,40,B,19,false
A,41,8,0,P1,0w4c1b,8w0c0b,42,40,A,28,false
A,41,8,1,P2,0w4c1b,8w0c0b,42,40,A,22,false
A,41,9,0,P1,0w4c1b,8w0c0b,42,40,A,28,false
A,41,9,1,P2,0w4c1b,8w0c0b,42,40,B,19,false
A,41,10,0,P1,0w4c1b,8w0c0b,42,40,B,20,false
A,41,10,1,P2,0w4c1b,8w0c0b,42,40,B,25,false
A,41,11,0,P1,0w4c1b,8w0c0b,42,40,B,15,false
A,41,11,1,P2,0w4c1b,8w0c0b,42,40,A,22,false
A,41,12,0,P1,0w4c1b,8w0c0b,42,40,A,28,false
A,41,12,1,P2,0w4c1b,8w0c0b,42,40,B,23,false
A,41,13,0,P1,0w4c1b,8w0c0b,42,40,B,18,false
A,41,13,1,P2,0w4c1b,8w0c0b,42,40,B,21,false
A,41,14,0,P1,0w4c1b,8w0c0b,42,40,A,23,false
A,41,14,1,P2,0w4c1b,8w0c0b,42,40,B,19,false
A,41,15,0,P1,0w4c1b,8w0c0b,42,40,B,22,false
A,41,15,1,P2,0w4c1b,8w0c0b,42,40,B,25,false
A,41,16,0,P1,0w4c1b,8w0c0b,42,40,B,14,false
A,41,16,1,P2,0w4c1b,8w0c0b,42,40,A,24,false
A,41,17,0,P1,0w4c1b,8w0c0b,42,40,A,28,false
A,41,17,1,P2,0w4c1b,8w0c0b,42,40,B,23,false
A,41,18,0,P1,0w4c1b,8w0c0b,42,40,B,18,false
A,41,18,1,P2,0w4c1b,8w0c0b,42,40,B,17,false
A,41,19,0,P1,0w4c1b,8w0c0b,42,40,B,28,false
A,41,19,1,P2,0w4c1b,8w0c0b,42,40,A,20,false
A,41,20,0,P1,0w4c1b,8w0c0b,42,40,B,18,false
A,41,20,1,P2,0w4c1b,8w0c0b,42,40,B,25,false
A,42,1,0,P1,0w6c0b,1w1c2b,42,40,A,17,false
A,42,1,1,P2,0w6c0b,1w1c2b,42,40,A,18,false
A,42,2,0,P1,0w6c0b,1w1c2b,42,40,A,17,false
A,42,2,1,P2,0w6c0b,1w1c2b,42,40,A,16,false
A,42,3,0,P1,0w6c0b,1w1c2b,42,40,A,15,false
A,42,3,1,P2,0w6c0b,1w1c2b,42,40,A,18,false
A,42,4,0,P1,0w6c0b,1w1c2b,42,40,A,29,false
A,42,4,1,P2,0w6c0b,1w1c2b,42,40,A,18,false
A,42,5,0,P1,0w6c0b,1w1c2b,42,40,A,17,false
A,42,5,1,P2,0w6c0b,1w1c2b,42,40,A,18,false
A,42,6,0,P1,0w6c0b,1w1c2b,42,40,A,19,false
A,42,6,1,P2,0w6c0b,1w1c2b,42,40,A,16,false
A,42,7,0,P1,0w6c0b,1w1c2b,42,40,A,19,false
A,42,7,1,P2,0w6c0b,1w1c2b,42,40,A,33,false
A,42,8,0,P1,0w6c0b,1w1c2b,42,40,A,21,false
A,42,8,1,P2,0w6c0b,1w1c2b,42,40,A,18,false
A,42,9,0,P1,0w6c0b,1w1c2b,42,40,B,20,false
A,42,9,1,P2,0w6c0b,1w1c2b,42,40,A,20,false
A,42,10,0,P1,0w6c0b,1w1c2b,42,40,A,15,false
A,42,10,1,P2,0w6c0b,1w1c2b,42,40,A,22,false
A,42,11,0,P1,0w6c0b,1w1c2b,42,40,A,21,false
A,42,11,1,P2,0w6c0b,1w1c2b,42,40,B,17,false
A,42,12,0,P1,0w6c0b,1w1c2b,42,40,A,17,false
A,42,12,1,P2,0w6c0b,1w1c2b,42,40,A,18,false
A,42,13,0,P1,0w6c0b,1w1c2b,42,40,A,19,false
A,42,13,1,P2,0w6c0b,1w1c2b,42,40,A,16,false
A,42,14,0,P1,0w6c0b,1w1c2b,42,40,A,21,false
A,42,14,1,P2,0w6c0b,1w1c2b,42,40,A,20,false
A,42,15,0,P1,0w6c0b,1w1c2b,42,40,A,22,false
A,42,15,1,P2,0w6c0b,1w1c2b,42,40,A,18,false
A,42,16,0,P1,0w6c0b,1w1c2b,42,40,A,19,false
A,42,16,1,P2,0w6c0b,1w1c2b,42,40,A,20,false
A,42,17,0,P1,0w6c0b,1w1c2b,42,40,A,25,false
A,42,17,1,P2,0w6c0b,1w1c2b,42,40,B,23,false
A,42,18,0,P1,0w6c0b,1w1c2b,42,40,A,13,false
A,42,18,1,P2,0w6c0b,1w1c2b,42,40,A,14,false
A,42,19,0,P1,0w6c0b,1w1c2b,42,40,A,19,false
A,42,19,1,P2,0w6c0b,1w1c2b,42,40,A,14,false
A,42,20,0,P1,0w6c0b,1w1c2b,42,40,A,17,false
A,42,20,1,P2,0w6c0b,1w1c2b,42,40,A,18,false
A,43,1,0,P1,0w6c0b,1w3c1b,42,40,A,15,false
A,43,1,1,P2,0w6c0b,1w3c1b,42,40,A,20,false
A,43,2,0,P1,0w6c0b,1w3c1b,42,40,A,21,false
A,43,2,1,P2,0w6c0b,1w3c1b,42,40,A,20,false
A,43,3,0,P1,0w6c0b,1w3c1b,42,40,B,28,false
A,43,3,1,P2,0w6c0b,1w3c1b,42,40,A,20,false
A,43,4,0,P1,0w6c0b,1w3c1b,42,40,B,24,false
A,43,4,1,P2,0w6c0b,1w3c1b,42,40,B,21,false
A,43,5,0,P1,0w6c0b,1w3c1b,42,40,A,19,false
A,43,5,1,P2,0w6c0b,1w3c1b,42,40,A,24,false
A,43,6,0,P1,0w6c0b,1w3c1b,42,40,B,17,false
A,43,6,1,P2,0w6c0b,1w3c1b,42,40,A,26,false
A,43,7,0,P1,0w6c0b,1w3c1b,42,40,A,19,false
A,43,7,1,P2,0w6c0b,1w3c1b,42,40,A,17,false
A,43,8,0,P1,0w6c0b,1w3c1b,42,40,A,23,false
A,43,8,1,P2,0w6c0b,1w3c1b,42,40,A,21,false
A,43,9,0,P1,0w6c0b,1w3c1b,42,40,B,23,false
A,43,9,1,P2,0w6c0b,1w3c1b,42,40,A,34,false
A,43,10,0,P1,0w6c0b,1w3c1b,42,40,A,17,false
A,43,10,1,P2,0w6c0b,1w3c1b,42,40,B,22,false
A,43,11,0,P1,0w6c0b,1w3c1b,42,40,A,15,false
A,43,11,1,P2,0w6c0b,1w3c1b,42,40,B,26,false
A,43,12,0,P1,0w6c0b,1w3c1b,42,40,B,16,false
A,43,12,1,P2,0w6c0b,1w3c1b,42,40,A,14,false
A,43,13,0,P1,0w6c0b,1w3c1b,42,40,A,32,false
A,43,13,1,P2,0w6c0b,1w3c1b,42,40,A,14,false
A,43,14,0,P1,0w6c0b,1w3c1b,42,40,A,19,false
A,43,14,1,P2,0w6c0b,1w3c1b,42,40,A,20,false
A,43,15,0,P1,0w6c0b,1w3c1b,42,40,A,19,false
A,43,15,1,P2,0w6c0b,1w3c1b,42,40,A,18,false
A,43,16,0,P1,0w6c0b,1w3c1b,42,40,A,15,false
A,43,16,1,P2,0w6c0b,1w3c1b,42,40,A,18,false
A,43,17,0,P1,0w6c0b,1w3c1b,42,40,B,25,false
A,43,17,1,P2,0w6c0b,1w3c1b,42,40,B,25,false
A,43,18,0,P1,0w6c0b,1w3c1b,42,40,B,16,false
A,43,18,1,P2,0w6c0b,1w3c1b,42,40,B,19,false
A,43,19,0,P1,0w6c0b,1w3c1b,42,40,A,19,false
A,43,19,1,P2,0w6c0b,1w3c1b,42,40,A,18,false
A,43,20,0,P1,0w6c0b,1w3c1b,42,40,B,19,false
A,43,20,1,P2,0w6c0b,1w3c1b,42,40,A,22,false
A,44,1,0,P1,0w6c0b,1w5c0b,42,40,A,21,false
A,44,1,1,P2,0w6c0b,1w5c0b,42,40,A,26,false
A,44,2,0,P1,0w6c0b,1w5c0b,42,40,B,14,false
A,44,2,1,P2,0w6c0b,1w5c0b,42,40,A,21,false
A,44,3,0,P1,0w6c0b,1w5c0b,42,40,B,17,false
A,44,3,1,P2,0w6c0b,1w5c0b,42,40,B,21,false
A,44,4,0,P1,0w6c0b,1w5c0b,42,40,A,21,false
A,44,4,1,P2,0w6c0b,1w5c0b,42,40,A,21,false
A,44,5,0,P1,0w6c0b,1w5c0b,42,40,A,22,false
A,44,5,1,P2,0w6c0b,1w5c0b,42,40,A,16,false
A,44,6,0,P1,0w6c0b,1w5c0b,42,40,B,14,false
A,44,6,1,P2,0w6c0b,1w5c0b,42,40,A,21,false
A,44,7,0,P1,0w6c0b,1w5c0b,42,40,A,13,false
A,44,7,1,P2,0w6c0b,1w5c0b,42,40,A,26,false
A,44,8,0,P1,0w6c0b,1w5c0b,42,40,B,26,false
A,44,8,1,P2,0w6c0b,1w5c0b,42,40,A,18,false
A,44,9,0,P1,0w6c0b,1w5c0b,42,40,B,16,false
A,44,9,1,P2,0w6c0b,1w5c0b,42,40,A,18,false
A,44,10,0,P1,0w6c0b,1w5c0b,42,40,B,18,false
A,44,10,1,P2,0w6c0b,1w5c0b,42,40,A,20,false
A,44,11,0,P1,0w6c0b,1w5c0b,42,40,A,24,false
A,44,11,1,P2,0w6c0b,1w5c0b,42,40,B,15,false
A,44,12,0,P1,0w6c0b,1w5c0b,42,40,A,17,false
A,44,12,1,P2,0w6c0b,1w5c0b,42,40,B,15,false
A,44,13,0,P1,0w6c0b,1w5c0b,42,40,A,11,false
A,44,13,1,P2,0w6c0b,1w5c0b,42,40,B,15,false
A,44,14,0,P1,0w6c0b,1w5c0b,42,40,A,17,false
A,44,14,1,P2,0w6c0b,1w5c0b,42,40,A,25,false
A,44,15,0,P1,0w6c0b,1w5c0b,42,40,A,20,false
A,44,15,1,P2,0w6c0b,1w5c0b,42,40,A,14,false
A,44,16,0,P1,0w6c0b,1w5c0b,42,40,B,16,false
A,44,16,1,P2,0w6c0b,1w5c0b,42,40,A,18,false
A,44,17,0,P1,0w6c0b,1w5c0b,42,40,A,27,false
A,44,17,1,P2,0w6c0b,1w5c0b,42,40,A,24,false
A,44,18,0,P1,0w6c0b,1w5c0b,42,40,A,17,false
A,44,18,1,P2,0w6c0b,1w5c0b,42,40,A,20,false
A,44,19,0,P1,0w6c0b,1w5c0b,42,40,B,20,false
A,44,19,1,P2,0w6c0b,1w5c0b,42,40,A,16,false
A,44,20,0,P1,0w6c0b,1w5c0b,42,40,B,22,false
A,44,20,1,P2,0w6c0b,1w5c0b,42,40,B,21,false
A,45,1,0,P1,0w6c0b,2w0c2b,42,38,B,20,false
A,45,1,1,P2,0w6c0b,2w0c2b,42,38,A,18,false
A,45,2,0,P1,0w6c0b,2w0c2b,42,38,A,25,false
A,45,2,1,P2,0w6c0b,2w0c2b,42,38,A,18,false
A,45,3,0,P1,0w6c0b,2w0c2b,42,38,A,13,false
A,45,3,1,P2,0w6c0b,2w0c2b,42,38,A,18,false
A,45,4,0,P1,0w6c0b,2w0c2b,42,38,A,29,false
A,45,4,1,P2,0w6c0b,2w0c2b,42,38,A,20,false
A,45,5,0,P1,0w6c0b,2w0c2b,42,38,A,17,false
A,45,5,1,P2,0w6c0b,2w0c2b,42,38,A,16,false
A,45,6,0,P1,0w6c0b,2w0c2b,42,38,A,23,false
A,45,6,1,P2,0w6c0b,2w0c2b,42,38,A,21,false
A,45,7,0,P1,0w6c0b,2w0c2b,42,38,A,19,false
A,45,7,1,P2,0w6c0b,2w0c2b,42,38,A,16,false
A,45,8,0,P1,0w6c0b,2w0c2b,42,38,A,19,false
A,45,8,1,P2,0w6c0b,2w0c2b,42,38,A,18,false
A,45,9,0,P1,0w6c0b,2w0c2b,42,38,A,19,false
A,45,9,1,P2,0w6c0b,2w0c2b,42,38,A,18,false
A,45,10,0,P1,0w6c0b,2w0c2b,42,38,A,21,false
A,45,10,1,P2,0w6c0b,2w0c2b,42,38,A,22,false
A,45,11,0,P1,0w6c0b,2w0c2b,42,38,A,19,false
A,45,11,1,P2,0w6c0b,2w0c2b,42,38,A,12,false
A,45,12,0,P1,0w6c0b,2w0c2b,42,38,A,17,false
A,45,12,1,P2,0w6c0b,2w0c2b,42,38,A,22,false
A,45,13,0,P1,0w6c0b,2w0c2b,42,38,A,28,false
A,45,13,1,P2,0w6c0b,2w0c2b,42,38,A,16,false
A,45,14,0,P1,0w6c0b,2w0c2b,42,38,A,21,false
A,45,14,1,P2,0w6c0b,2w0c2b,42,38,A,20,false
A,45,15,0,P1,0w6c0b,2w0c2b,42,38,A,23,false
A,45,15,1,P2,0w6c0b,2w0c2b,42,38,A,26,false
A,45,16,0,P1,0w6c0b,2w0c2b,42,38,A,17,false
A,45,16,1,P2,0w6c0b,2w0c2b,42,38,A,22,false
A,45,17,0,P1,0w6c0b,2w0c2b,42,38,A,23,false
A,45,17,1,P2,0w6c0b,2w0c2b,42,38,A,26,false
A,45,18,0,P1,0w6c0b,2w0c2b,42,38,A,15,false
A,45,18,1,P2,0w6c0b,2w0c2b,42,38,A,16,false
A,45,19,0,P1,0w6c0b,2w0c2b,42,38,A,17,false
A,45,19,1,P2,0w6c0b,2w0c2b,42,38,A,18,false
A,45,20,0,P1,0w6c0b,2w0c2b,42,38,A,21,false
A,45,20,1,P2,0w6c0b,2w0c2b,42,38,A,18,false
A,46,1,0,P1,0w6c0b,2w2c1b,42,38,A,17,false
A,46,1,1,P2,0w6c0b,2w2c1b,42,38,A,16,false
A,46,2,0,P1,0w6c0b,2w2c1b,42,38,A,31,false
A,46,2,1,P2,0w6c0b,2w2c1b,42,38,A,20,false
A,46,3,0,P1,0w6c0b,2w2c1b,42,38,A,18,false
A,46,3,1,P2,0w6c0b,2w2c1b,42,38,A,20,false
A,46,4,0,P1,0w6c0b,2w2c1b,42,38,A,19,false
A,46,4,1,P2,0w6c0b,2w2c1b,42,38,A,22,false
A,46,5,0,P1,0w6c0b,2w2c1b,42,38,A,19,false
A,46,5,1,P2,0w6c0b,2w2c1b,42,38,A,16,false
A,46,6,0,P1,0w6c0b,2w2c1b,42,38,B,17,false
A,46,6,1,P2,0w6c0b,2w2c1b,42,38,A,31,false
A,46,7,0,P1,0w6c0b,2w2c1b,42,38,A,19,false
A,46,7,1,P2,0w6c0b,2w2c1b,42,38,A,17,false
A,46,8,0,P1,0w6c0b,2w2c1b,42,38,A,19,false
A,46,8,1,P2,0w6c0b,2w2c1b,42,38,A,22,false
A,46,9,0,P1,0w6c0b,2w2c1b,42,38,A,21,false
A,46,9,1,P2,0w6c0b,2w2c1b,42,38,A,16,false
A,46,10,0,P1,0w6c0b,2w2c1b,42,38,B,22,false
A,46,10,1,P2,0w6c0b,2w2c1b,42,38,A,21,false
A,46,11,0,P1,0w6c0b,2w2c1b,42,38,A,15,false
A,46,11,1,P2,0w6c0b,2w2c1b,42,38,A,22,false
A,46,12,0,P1,0w6c0b,2w2c1b,42,38,A,25,false
A,46,12,1,P2,0w6c0b,2w2c1b,42,38,A,20,false
A,46,13,0,P1,0w6c0b,2w2c1b,42,38,A,27,false
A,46,13,1,P2,0w6c0b,2w2c1b,42,38,A,14,false
A,46,14,0,P1,0w6c0b,2w2c1b,42,38,A,27,false
A,46,14,1,P2,0w6c0b,2w2c1b,42,38,A,22,false
A,46,15,0,P1,0w6c0b,2w2c1b,42,38,A,17,false
A,46,15,1,P2,0w6c0b,2w2c1b,42,38,A,18,false
A,46,16,0,P1,0w6c0b,2w2c1b,42,38,A,13,false
A,46,16,1,P2,0w6c0b,2w2c1b,42,38,A,26,false
A,46,17,0,P1,0w6c0b,2w2c1b,42,38,A,23,false
A,46,17,1,P2,0w6c0b,2w2c1b,42,38,A,24,false
A,46,18,0,P1,0w6c0b,2w2c1b,42,38,A,19,false
A,46,18,1,P2,0w6c0b,2w2c1b,42,38,A,24,false
A,46,19,0,P1,0w6c0b,2w2c1b,42,38,A,19,false
A,46,19,1,P2,0w6c0b,2w2c1b,42,38,A,16,false
A,46,20,0,P1,0w6c0b,2w2c1b,42,38,A,23,false
A,46,20,1,P2,0w6c0b,2w2c1b,42,38,B,30,false
A,47,1,0,P1,0w6c0b,2w4c0b,42,38,A,15,false
A,47,1,1,P2,0w6c0b,2w4c0b,42,38,A,14,false
A,47,2,0,P1,0w6c0b,2w4c0b,42,38,A,21,false
A,47,2,1,P2,0w6c0b,2w4c0b,42,38,A,23,false
A,47,3,0,P1,0w6c0b,2w4c0b,42,38,A,15,false
A,47,3,1,P2,0w6c0b,2w4c0b,42,38,A,18,false
A,47,4,0,P1,0w6c0b,2w4c0b,42,38,A,33,false
A,47,4,1,P2,0w6c0b,2w4c0b,42,38,A,19,false
A,47,5,0,P1,0w6c0b,2w4c0b,42,38,A,19,false
A,47,5,1,P2,0w6c0b,2w4c0b,42,38,A,30,false
A,47,6,0,P1,0w6c0b,2w4c0b,42,38,B,12,false
A,47,6,1,P2,0w6c0b,2w4c0b,42,38,A,18,false
A,47,7,0,P1,0w6c0b,2w4c0b,42,38,B,23,false
A,47,7,1,P2,0w6c0b,2w4c0b,42,38,A,18,false
A,47,8,0,P1,0w6c0b,2w4c0b,42,38,A,19,false
A,47,8,1,P2,0w6c0b,2w4c0b,42,38,A,14,false
A,47,9,0,P1,0w6c0b,2w4c0b,42,38,B,16,false
A,47,9,1,P2,0w6c0b,2w4c0b,42,38,A,22,false
A,47,10,0,P1,0w6c0b,2w4c0b,42,38,B,19,false
A,47,10,1,P2,0w6c0b,2w4c0b,42,38,A,26,false
A,47,11,0,P1,0w6c0b,2w4c0b,42,38,A,15,false
A,47,11,1,P2,0w6c0b,2w4c0b,42,38,B,15,false
A,47,12,0,P1,0w6c0b,2w4c0b,42,38,A,21,false
A,47,12,1,P2,0w6c0b,2w4c0b,42,38,B,17,false
A,47,13,0,P1,0w6c0b,2w4c0b,42,38,A,15,false
A,47,13,1,P2,0w6c0b,2w4c0b,42,38,B,21,false
A,47,14,0,P1,0w6c0b,2w4c0b,42,38,B,24,false
A,47,14,1,P2,0w6c0b,2w4c0b,42,38,A,16,false
A,47,15,0,P1,0w6c0b,2w4c0b,42,38,B,18,false
A,47,15,1,P2,0w6c0b,2w4c0b,42,38,A,14,false
A,47,16,0,P1,0w6c0b,2w4c0b,42,38,B,18,false
A,47,16,1,P2,0w6c0b,2w4c0b,42,38,A,16,false
A,47,17,0,P1,0w6c0b,2w4c0b,42,38,B,24,false
A,47,17,1,P2,0w6c0b,2w4c0b,42,38,B,23,false
A,47,18,0,P1,0w6c0b,2w4c0b,42,38,B,18,false
A,47,18,1,P2,0w6c0b,2w4c0b,42,38,A,27,false
A,47,19,0,P1,0w6c0b,2w4c0b,42,38,B,22,false
A,47,19,1,P2,0w6c0b,2w4c0b,42,38,A,18,false
A,47,20,0,P1,0w6c0b,2w4c0b,42,38,A,21,false
A,47,20,1,P2,0w6c0b,2w4c0b,42,38,B,21,false
A,48,1,0,P1,0w6c0b,4w1c1b,42,41,A,21,false
A,48,1,1,P2,0w6c0b,4w1c1b,42,41,A,20,false
A,48,2,0,P1,0w6c0b,4w1c1b,42,41,A,23,false
A,48,2,1,P2,0w6c0b,4w1c1b,42,41,A,18,false
A,48,3,0,P1,0w6c0b,4w1c1b,42,41,B,22,false
A,48,3,1,P2,0w6c0b,4w1c1b,42,41,B,22,false
A,48,4,0,P1,0w6c0b,4w1c1b,42,41,A,21,false
A,48,4,1,P2,0w6c0b,4w1c1b,42,41,A,22,false
A,48,5,0,P1,0w6c0b,4w1c1b,42,41,A,23,false
A,48,5,1,P2,0w6c0b,4w1c1b,42,41,A,18,false
A,48,6,0,P1,0w6c0b,4w1c1b,42,41,A,31,false
A,48,6,1,P2,0w6c0b,4w1c1b,42,41,A,28,false
A,48,7,0,P1,0w6c0b,4w1c1b,42,41,A,27,false
A,48,7,1,P2,0w6c0b,4w1c1b,42,41,A,20,false
A,48,8,0,P1,0w6c0b,4w1c1b,42,41,B,33,false
A,48,8,1,P2,0w6c0b,4w1c1b,42,41,B,18,false
A,48,9,0,P1,0w6c0b,4w1c1b,42,41,B,24,false
A,48,9,1,P2,0w6c0b,4w1c1b,42,41,B,21,false
A,48,10,0,P1,0w6c0b,4w1c1b,42,41,A,19,false
A,48,10,1,P2,0w6c0b,4w1c1b,42,41,A,20,false
A,48,11,0,P1,0w6c0b,4w1c1b,42,41,A,17,false
A,48,11,1,P2,0w6c0b,4w1c1b,42,41,A,22,false
A,48,12,0,P1,0w6c0b,4w1c1b,42,41,A,21,false
A,48,12,1,P2,0w6c0b,4w1c1b,42,41,A,26,false
A,48,13,0,P1,0w6c0b,4w1c1b,42,41,A,32,false
A,48,13,1,P2,0w6c0b,4w1c1b,42,41,A,18,false
A,48,14,0,P1,0w6c0b,4w1c1b,42,41,A,25,false
A,48,14,1,P2,0w6c0b,4w1c1b,42,41,A,20,false
A,48,15,0,P1,0w6c0b,4w1c1b,42,41,A,28,false
A,48,15,1,P2,0w6c0b,4w1c1b,42,41,B,29,false
A,48,16,0,P1,0w6c0b,4w1c1b,42,41,A,17,false
A,48,16,1,P2,0w6c0b,4w1c1b,42,41,B,21,false
A,48,17,0,P1,0w6c0b,4w1c1b,42,41,A,40,false
A,48,17,1,P2,0w6c0b,4w1c1b,42,41,A,27,false
A,48,18,0,P1,0w6c0b,4w1c1b,42,41,A,17,false
A,48,18,1,P2,0w6c0b,4w1c1b,42,41,B,19,false
A,48,19,0,P1,0w6c0b,4w1c1b,42,41,A,24,false
A,48,19,1,P2,0w6c0b,4w1c1b,42,41,A,29,false
A,48,20,0,P1,0w6c0b,4w1c1b,42,41,A,21,false
A,48,20,1,P2,0w6c0b,4w1c1b,42,41,B,21,false
A,49,1,0,P1,0w6c0b,4w3c0b,42,41,A,19,false
A,49,1,1,P2,0w6c0b,4w3c0b,42,41,A,14,false
A,49,2,0,P1,0w6c0b,4w3c0b,42,41,A,31,false
A,49,2,1,P2,0w6c0b,4w3c0b,42,41,A,24,false
A,49,3,0,P1,0w6c0b,4w3c0b,42,41,A,19,false
A,49,3,1,P2,0w6c0b,4w3c0b,42,41,B,19,false
A,49,4,0,P1,0w6c0b,4w3c0b,42,41,A,29,false
A,49,4,1,P2,0w6c0b,4w3c0b,42,41,B,19,false
A,49,5,0,P1,0w6c0b,4w3c0b,42,41,A,23,false
A,49,5,1,P2,0w6c0b,4w3c0b,42,41,A,24,false
A,49,6,0,P1,0w6c0b,4w3c0b,42,41,B,18,false
A,49,6,1,P2,0w6c0b,4w3c0b,42,41,A,20,false
A,49,7,0,P1,0w6c0b,4w3c0b,42,41,A,19,false
A,49,7,1,P2,0w6c0b,4w3c0b,42,41,A,20,false
A,49,8,0,P1,0w6c0b,4w3c0b,42,41,B,29,false
A,49,8,1,P2,0w6c0b,4w3c0b,42,41,A,20,false
A,49,9,0,P1,0w6c0b,4w3c0b,42,41,B,22,false
A,49,9,1,P2,0w6c0b,4w3c0b,42,41,B,19,false
A,49,10,0,P1,0w6c0b,4w3c0b,42,41,B,18,false
A,49,10,1,P2,0w6c0b,4w3c0b,42,41,A,14,false
A,49,11,0,P1,0w6c0b,4w3c0b,42,41,B,22,false
A,49,11,1,P2,0w6c0b,4w3c0b,42,41,B,21,false
A,49,12,0,P1,0w6c0b,4w3c0b,42,41,A,23,false
A,49,12,1,P2,0w6c0b,4w3c0b,42,41,A,18,false
A,49,13,0,P1,0w6c0b,4w3c0b,42,41,B,16,false
A,49,13,1,P2,0w6c0b,4w3c0b,42,41,B,15,false
A,49,14,0,P1,0w6c0b,4w3c0b,42,41,B,18,false
A,49,14,1,P2,0w6c0b,4w3c0b,42,41,A,26,false
A,49,15,0,P1,0w6c0b,4w3c0b,42,41,B,24,false
A,49,15,1,P2,0w6c0b,4w3c0b,42,41,A,18,false
A,49,16,0,P1,0w6c0b,4w3c0b,42,41,A,21,false
A,49,16,1,P2,0w6c0b,4w3c0b,42,41,B,22,false
A,49,17,0,P1,0w6c0b,4w3c0b,42,41,B,26,false
A,49,17,1,P2,0w6c0b,4w3c0b,42,41,B,27,false
A,49,18,0,P1,0w6c0b,4w3c0b,42,41,B,17,false
A,49,18,1,P2,0w6c0b,4w3c0b,42,41,A,20,false
A,49,19,0,P1,0w6c0b,4w3c0b,42,41,B,20,false
A,49,19,1,P2,0w6c0b,4w3c0b,42,41,B,27,false
A,49,20,0,P1,0w6c0b,4w3c0b,42,41,A,21,false
A,49,20,1,P2,0w6c0b,4w3c0b,42,41,B,19,false
A,50,1,0,P1,0w6c0b,5w0c1b,42,39,A,29,false
A,50,1,1,P2,0w6c0b,5w0c1b,42,39,A,18,false
A,50,2,0,P1,0w6c0b,5w0c1b,42,39,B,22,false
A,50,2,1,P2,0w6c0b,5w0c1b,42,39,A,22,false
A,50,3,0,P1,0w6c0b,5w0c1b,42,39,B,21,false
A,50,3,1,P2,0w6c0b,5w0c1b,42,39,A,19,false
A,50,4,0,P1,0w6c0b,5w0c1b,42,39,A,21,false
A,50,4,1,P2,0w6c0b,5w0c1b,42,39,B,21,false
A,50,5,0,P1,0w6c0b,5w0c1b,42,39,A,23,false
A,50,5,1,P2,0w6c0b,5w0c1b,42,39,A,16,false
A,50,6,0,P1,0w6c0b,5w0c1b,42,39,B,22,false
A,50,6,1,P2,0w6c0b,5w0c1b,42,39,A,16,false
A,50,7,0,P1,0w6c0b,5w0c1b,42,39,B,16,false
A,50,7,1,P2,0w6c0b,5w0c1b,42,39,A,20,false
A,50,8,0,P1,0w6c0b,5w0c1b,42,39,A,19,false
A,50,8,1,P2,0w6c0b,5w0c1b,42,39,B,19,false
A,50,9,0,P1,0w6c0b,5w0c1b,42,39,B,25,false
A,50,9,1,P2,0w6c0b,5w0c1b,42,39,A,24,false
A,50,10,0,P1,0w6c0b,5w0c1b,42,39,B,18,false
A,50,10,1,P2,0w6c0b,5w0c1b,42,39,A,22,false
A,50,11,0,P1,0w6c0b,5w0c1b,42,39,B,23,false
A,50,11,1,P2,0w6c0b,5w0c1b,42,39,A,22,false
A,50,12,0,P1,0w6c0b,5w0c1b,42,39,A,19,false
A,50,12,1,P2,0w6c0b,5w0c1b,42,39,A,18,false
A,50,13,0,P1,0w6c0b,5w0c1b,42,39,A,17,false
A,50,13,1,P2,0w6c0b,5w0c1b,42,39,A,25,false
A,50,14,0,P1,0w6c0b,5w0c1b,42,39,A,27,false
A,50,14,1,P2,0w6c0b,5w0c1b,42,39,B,25,false
A,50,15,0,P1,0w6c0b,5w0c1b,42,39,A,19,false
A,50,15,1,P2,0w6c0b,5w0c1b,42,39,B,29,false
A,50,16,0,P1,0w6c0b,5w0c1b,42,39,A,14,false
A,50,16,1,P2,0w6c0b,5w0c1b,42,39,B,23,false
A,50,17,0,P1,0w6c0b,5w0c1b,42,39,A,25,false
A,50,17,1,P2,0w6c0b,5w0c1b,42,39,B,33,false
A,50,18,0,P1,0w6c0b,5w0c1b,42,39,A,15,false
A,50,18,1,P2,0w6c0b,5w0c1b,42,39,B,21,false
A,50,19,0,P1,0w6c0b,5w0c1b,42,39,A,24,false
A,50,19,1,P2,0w6c0b,5w0c1b,42,39,A,20,false
A,50,20,0,P1,0w6c0b,5w0c1b,42,39,A,21,false
A,50,20,1,P2,0w6c0b,5w0c1b,42,39,B,25,false
A,51,1,0,P1,0w6c0b,5w2c0b,42,39,B,22,false
A,51,1,1,P2,0w6c0b,5w2c0b,42,39,A,22,false
A,51,2,0,P1,0w6c0b,5w2c0b,42,39,A,28,false
A,51,2,1,P2,0w6c0b,5w2c0b,42,39,A,20,false
A,51,3,0,P1,0w6c0b,5w2c0b,42,39,B,22,false
A,51,3,1,P2,0w6c0b,5w2c0b,42,39,A,20,false
A,51,4,0,P1,0w6c0b,5w2c0b,42,39,B,26,false
A,51,4,1,P2,0w6c0b,5w2c0b,42,39,A,25,false
A,51,5,0,P1,0w6c0b,5w2c0b,42,39,A,17,false
A,51,5,1,P2,0w6c0b,5w2c0b,42,39,B,21,false
A,51,6,0,P1,0w6c0b,5w2c0b,42,39,B,21,false
A,51,6,1,P2,0w6c0b,5w2c0b,42,39,A,28,false
A,51,7,0,P1,0w6c0b,5w2c0b,42,39,B,14,false
A,51,7,1,P2,0w6c0b,5w2c0b,42,39,A,20,false
A,51,8,0,P1,0w6c0b,5w2c0b,42,39,B,22,false
A,51,8,1,P2,0w6c0b,5w2c0b,42,39,A,22,false
A,51,9,0,P1,0w6c0b,5w2c0b,42,39,B,22,false
A,51,9,1,P2,0w6c0b,5w2c0b,42,39,A,29,false
A,51,10,0,P1,0w6c0b,5w2c0b,42,39,B,26,false
A,51,10,1,P2,0w6c0b,5w2c0b,42,39,A,35,false
A,51,11,0,P1,0w6c0b,5w2c0b,42,39,A,21,false
A,51,11,1,P2,0w6c0b,5w2c0b,42,39,B,17,false
A,51,12,0,P1,0w6c0b,5w2c0b,42,39,A,21,false
A,51,12,1,P2,0w6c0b,5w2c0b,42,39,B,23,false
A,51,13,0,P1,0w6c0b,5w2c0b,42,39,B,18,false
A,51,13,1,P2,0w6c0b,5w2c0b,42,39,B,19,false
A,51,14,0,P1,0w6c0b,5w2c0b,42,39,A,27,false
A,51,14,1,P2,0w6c0b,5w2c0b,42,39,A,24,false
A,51,15,0,P1,0w6c0b,5w2c0b,42,39,A,19,false
A,51,15,1,P2,0w6c0b,5w2c0b,42,39,A,18,false
A,51,16,0,P1,0w6c0b,5w2c0b,42,39,A,21,false
A,51,16,1,P2,0w6c0b,5w2c0b,42,39,B,21,false
A,51,17,0,P1,0w6c0b,5w2c0b,42,39,A,22,false
A,51,17,1,P2,0w6c0b,5w2c0b,42,39,A,26,false
A,51,18,0,P1,0w6c0b,5w2c0b,42,39,B,18,false
A,51,18,1,P2,0w6c0b,5w2c0b,42,39,A,24,false
A,51,19,0,P1,0w6c0b,5w2c0b,42,39,B,18,false
A,51,19,1,P2,0w6c0b,5w2c0b,42,39,A,22,false
A,51,20,0,P1,0w6c0b,5w2c0b,42,39,A,21,false
A,51,20,1,P2,0w6c0b,5w2c0b,42,39,A,20,false
A,52,1,0,P1,0w6c0b,7w1c0b,42,42,A,21,false
A,52,1,1,P2,0w6c0b,7w1c0b,42,42,B,25,false
A,52,2,0,P1,0w6c0b,7w1c0b,42,42,A,25,false
A,52,2,1,P2,0w6c0b,7w1c0b,42,42,A,28,false
A,52,3,0,P1,0w6c0b,7w1c0b,42,42,A,19,false
A,52,3,1,P2,0w6c0b,7w1c0b,42,42,B,19,false
A,52,4,0,P1,0w6c0b,7w1c0b,42,42,A,21,false
A,52,4,1,P2,0w6c0b,7w1c0b,42,42,B,19,false
A,52,5,0,P1,0w6c0b,7w1c0b,42,42,B,22,false
A,52,5,1,P2,0w6c0b,7w1c0b,42,42,B,21,false
A,52,6,0,P1,0w6c0b,7w1c0b,42,42,B,15,false
A,52,6,1,P2,0w6c0b,7w1c0b,42,42,B,17,false
A,52,7,0,P1,0w6c0b,7w1c0b,42,42,B,18,false
A,52,7,1,P2,0w6c0b,7w1c0b,42,42,B,17,false
A,52,8,0,P1,0w6c0b,7w1c0b,42,42,B,18,false
A,52,8,1,P2,0w6c0b,7w1c0b,42,42,A,24,false
A,52,9,0,P1,0w6c0b,7w1c0b,42,42,B,18,false
A,52,9,1,P2,0w6c0b,7w1c0b,42,42,B,19,false
A,52,10,0,P1,0w6c0b,7w1c0b,42,42,B,28,false
A,52,10,1,P2,0w6c0b,7w1c0b,42,42,A,20,false
A,52,11,0,P1,0w6c0b,7w1c0b,42,42,B,16,false
A,52,11,1,P2,0w6c0b,7w1c0b,42,42,B,17,false
A,52,12,0,P1,0w6c0b,7w1c0b,42,42,B,20,false
A,52,12,1,P2,0w6c0b,7w1c0b,42,42,A,21,false
A,52,13,0,P1,0w6c0b,7w1c0b,42,42,B,16,false
A,52,13,1,P2,0w6c0b,7w1c0b,42,42,B,17,false
A,52,14,0,P1,0w6c0b,7w1c0b,42,42,A,35,false
A,52,14,1,P2,0w6c0b,7w1c0b,42,42,A,16,false
A,52,15,0,P1,0w6c0b,7w1c0b,42,42,A,20,false
A,52,15,1,P2,0w6c0b,7w1c0b,42,42,A,22,false
A,52,16,0,P1,0w6c0b,7w1c0b,42,42,B,14,false
A,52,16,1,P2,0w6c0b,7w1c0b,42,42,B,15,false
A,52,17,0,P1,0w6c0b,7w1c0b,42,42,B,24,false
A,52,17,1,P2,0w6c0b,7w1c0b,42,42,A,30,false
A,52,18,0,P1,0w6c0b,7w1c0b,42,42,B,15,false
A,52,18,1,P2,0w6c0b,7w1c0b,42,42,A,18,false
A,52,19,0,P1,0w6c0b,7w1c0b,42,42,A,35,false
A,52,19,1,P2,0w6c0b,7w1c0b,42,42,B,21,false
A,52,20,0,P1,0w6c0b,7w1c0b,42,42,B,22,false
A,52,20,1,P2,0w6c0b,7w1c0b,42,42,B,29,false
A,53,1,0,P1,0w6c0b,8w0c0b,42,40,A,17,false
A,53,1,1,P2,0w6c0b,8w0c0b,42,40,A,28,false
A,53,2,0,P1,0w6c0b,8w0c0b,42,40,A,17,false
A,53,2,1,P2,0w6c0b,8w0c0b,42,40,A,20,false
A,53,3,0,P1,0w6c0b,8w0c0b,42,40,A,21,false
A,53,3,1,P2,0w6c0b,8w0c0b,42,40,B,23,false
A,53,4,0,P1,0w6c0b,8w0c0b,42,40,A,25,false
A,53,4,1,P2,0w6c0b,8w0c0b,42,40,B,21,false
A,53,5,0,P1,0w6c0b,8w0c0b,42,40,B,24,false
A,53,5,1,P2,0w6c0b,8w0c0b,42,40,B,21,false
A,53,6,0,P1,0w6c0b,8w0c0b,42,40,B,14,false
A,53,6,1,P2,0w6c0b,8w0c0b,42,40,B,21,false
A,53,7,0,P1,0w6c0b,8w0c0b,42,40,B,16,false
A,53,7,1,P2,0w6c0b,8w0c0b,42,40,B,17,false
A,53,8,0,P1,0w6c0b,8w0c0b,42,40,A,29,false
A,53,8,1,P2,0w6c0b,8w0c0b,42,40,A,16,false
A,53,9,0,P1,0w6c0b,8w0c0b,42,40,A,23,false
A,53,9,1,P2,0w6c0b,8w0c0b,42,40,A,28,false
A,53,10,0,P1,0w6c0b,8w0c0b,42,40,A,21,false
A,53,10,1,P2,0w6c0b,8w0c0b,42,40,A,18,false
A,53,11,0,P1,0w6c0b,8w0c0b,42,40,B,18,false
A,53,11,1,P2,0w6c0b,8w0c0b,42,40,A,28,false
A,53,12,0,P1,0w6c0b,8w0c0b,42,40,A,17,false
A,53,12,1,P2,0w6c0b,8w0c0b,42,40,A,25,false
A,53,13,0,P1,0w6c0b,8w0c0b,42,40,A,28,false
A,53,13,1,P2,0w6c0b,8w0c0b,42,40,A,22,false
A,53,14,0,P1,0w6c0b,8w0c0b,42,40,B,22,false
A,53,14,1,P2,0w6c0b,8w0c0b,42,40,B,21,false
A,53,15,0,P1,0w6c0b,8w0c0b,42,40,A,15,false
A,53,15,1,P2,0w6c0b,8w0c0b,42,40,A,26,false
A,53,16,0,P1,0w6c0b,8w0c0b,42,40,B,14,false
A,53,16,1,P2,0w6c0b,8w0c0b,42,40,A,22,false
A,53,17,0,P1,0w6c0b,8w0c0b,42,40,B,26,false
A,53,17,1,P2,0w6c0b,8w0c0b,42,40,A,20,false
A,53,18,0,P1,0w6c0b,8w0c0b,42,40,B,22,false
A,53,18,1,P2,0w6c0b,8w0c0b,42,40,A,21,false
A,53,19,0,P1,0w6c0b,8w0c0b,42,40,B,20,false
A,53,19,1,P2,0w6c0b,8w0c0b,42,40,A,32,false
A,53,20,0,P1,0w6c0b,8w0c0b,42,40,B,22,false
A,53,20,1,P2,0w6c0b,8w0c0b,42,40,B,23,false
A,54,1,0,P1,1w1c2b,1w3c1b,40,40,B,18,false
A,54,1,1,P2,1w1c2b,1w3c1b,40,40,B,30,false
A,54,2,0,P1,1w1c2b,1w3c1b,40,40,B,20,false
A,54,2,1,P2,1w1c2b,1w3c1b,40,40,B,35,false
A,54,3,0,P1,1w1c2b,1w3c1b,40,40,B,24,false
A,54,3,1,P2,1w1c2b,1w3c1b,40,40,B,19,false
A,54,4,0,P1,1w1c2b,1w3c1b,40,40,B,25,false
A,54,4,1,P2,1w1c2b,1w3c1b,40,40,B,23,false
A,54,5,0,P1,1w1c2b,1w3c1b,40,40,B,36,false
A,54,5,1,P2,1w1c2b,1w3c1b,40,40,A,28,false
A,54,6,0,P1,1w1c2b,1w3c1b,40,40,B,20,false
A,54,6,1,P2,1w1c2b,1w3c1b,40,40,B,17,false
A,54,7,0,P1,1w1c2b,1w3c1b,40,40,A,20,false
A,54,7,1,P2,1w1c2b,1w3c1b,40,40,B,19,false
A,54,8,0,P1,1w1c2b,1w3c1b,40,40,A,28,false
A,54,8,1,P2,1w1c2b,1w3c1b,40,40,B,32,false
A,54,9,0,P1,1w1c2b,1w3c1b,40,40,draw,100,true
A,54,9,1,P2,1w1c2b,1w3c1b,40,40,A,27,false
A,54,10,0,P1,1w1c2b,1w3c1b,40,40,A,18,false
A,54,10,1,P2,1w1c2b,1w3c1b,40,40,B,41,false
A,54,11,0,P1,1w1c2b,1w3c1b,40,40,A,21,false
A,54,11,1,P2,1w1c2b,1w3c1b,40,40,B,23,false
A,54,12,0,P1,1w1c2b,1w3c1b,40,40,B,24,false
A,54,12,1,P2,1w1c2b,1w3c1b,40,40,A,20,false
A,54,13,0,P1,1w1c2b,1w3c1b,40,40,B,16,false
A,54,13,1,P2,1w1c2b,1w3c1b,40,40,A,22,false
A,54,14,0,P1,1w1c2b,1w3c1b,40,40,A,33,false
A,54,14,1,P2,1w1c2b,1w3c1b,40,40,B,23,false
A,54,15,0,P1,1w1c2b,1w3c1b,40,40,A,45,false
A,54,15,1,P2,1w1c2b,1w3c1b,40,40,A,22,false
A,54,16,0,P1,1w1c2b,1w3c1b,40,40,A,25,false
A,54,16,1,P2,1w1c2b,1w3c1b,40,40,B,29,false
A,54,17,0,P1,1w1c2b,1w3c1b,40,40,B,36,false
A,54,17,1,P2,1w1c2b,1w3c1b,40,40,B,29,false
A,54,18,0,P1,1w1c2b,1w3c1b,40,40,B,19,false
A,54,18,1,P2,1w1c2b,1w3c1b,40,40,B,24,false
A,54,19,0,P1,1w1c2b,1w3c1b,40,40,B,27,false
A,54,19,1,P2,1w1c2b,1w3c1b,40,40,A,36,false
A,54,20,0,P1,1w1c2b,1w3c1b,40,40,B,32,false
A,54,20,1,P2,1w1c2b,1w3c1b,40,40,A,24,false
A,55,1,0,P1,1w1c2b,1w5c0b,40,40,B,16,false
A,55,1,1,P2,1w1c2b,1w5c0b,40,40,B,21,false
A,55,2,0,P1,1w1c2b,1w5c0b,40,40,B,20,false
A,55,2,1,P2,1w1c2b,1w5c0b,40,40,B,17,false
A,55,3,0,P1,1w1c2b,1w5c0b,40,40,B,16,false
A,55,3,1,P2,1w1c2b,1w5c0b,40,40,B,15,false
A,55,4,0,P1,1w1c2b,1w5c0b,40,40,B,22,false
A,55,4,1,P2,1w1c2b,1w5c0b,40,40,B,23,false
A,55,5,0,P1,1w1c2b,1w5c0b,40,40,B,22,false
A,55,5,1,P2,1w1c2b,1w5c0b,40,40,B,21,false
A,55,6,0,P1,1w1c2b,1w5c0b,40,40,B,18,false
A,55,6,1,P2,1w1c2b,1w5c0b,40,40,B,23,false
A,55,7,0,P1,1w1c2b,1w5c0b,40,40,B,16,false
A,55,7,1,P2,1w1c2b,1w5c0b,40,40,B,15,false
A,55,8,0,P1,1w1c2b,1w5c0b,40,40,B,24,false
A,55,8,1,P2,1w1c2b,1w5c0b,40,40,B,15,false
A,55,9,0,P1,1w1c2b,1w5c0b,40,40,B,16,false
A,55,9,1,P2,1w1c2b,1w5c0b,40,40,B,25,false
A,55,10,0,P1,1w1c2b,1w5c0b,40,40,B,18,false
A,55,10,1,P2,1w1c2b,1w5c0b,40,40,B,25,false
A,55,11,0,P1,1w1c2b,1w5c0b,40,40,A,22,false
A,55,11,1,P2,1w1c2b,1w5c0b,40,40,B,17,false
A,55,12,0,P1,1w1c2b,1w5c0b,40,40,B,18,false
A,55,12,1,P2,1w1c2b,1w5c0b,40,40,B,17,false
A,55,13,0,P1,1w1c2b,1w5c0b,40,40,B,27,false
A,55,13,1,P2,1w1c2b,1w5c0b,40,40,B,21,false
A,55,14,0,P1,1w1c2b,1w5c0b,40,40,A,28,false
A,55,14,1,P2,1w1c2b,1w5c0b,40,40,B,19,false
A,55,15,0,P1,1w1c2b,1w5c0b,40,40,B,16,false
A,55,15,1,P2,1w1c2b,1w5c0b,40,40,A,22,false
A,55,16,0,P1,1w1c2b,1w5c0b,40,40,B,28,false
A,55,16,1,P2,1w1c2b,1w5c0b,40,40,A,21,false
A,55,17,0,P1,1w1c2b,1w5c0b,40,40,B,26,false
A,55,17,1,P2,1w1c2b,1w5c0b,40,40,B,25,false
A,55,18,0,P1,1w1c2b,1w5c0b,40,40,B,27,false
A,55,18,1,P2,1w1c2b,1w5c0b,40,40,A,14,false
A,55,19,0,P1,1w1c2b,1w5c0b,40,40,B,26,false
A,55,19,1,P2,1w1c2b,1w5c0b,40,40,B,21,false
A,55,20,0,P1,1w1c2b,1w5c0b,40,40,A,24,false
A,55,20,1,P2,1w1c2b,1w5c0b,40,40,B,17,false
A,56,1,0,P1,1w1c2b,2w0c2b,40,38,A,25,false
A,56,1,1,P2,1w1c2b,2w0c2b,40,38,A,32,false
A,56,2,0,P1,1w1c2b,2w0c2b,40,38,B,28,false
A,56,2,1,P2,1w1c2b,2w0c2b,40,38,B,31,false
A,56,3,0,P1,1w1c2b,2w0c2b,40,38,A,37,false
A,56,3,1,P2,1w1c2b,2w0c2b,40,38,B,20,false
A,56,4,0,P1,1w1c2b,2w0c2b,40,38,A,27,false
A,56,4,1,P2,1w1c2b,2w0c2b,40,38,B,33,false
A,56,5,0,P1,1w1c2b,2w0c2b,40,38,B,30,false
A,56,5,1,P2,1w1c2b,2w0c2b,40,38,A,31,false
A,56,6,0,P1,1w1c2b,2w0c2b,40,38,B,24,false
A,56,6,1,P2,1w1c2b,2w0c2b,40,38,B,22,false
A,56,7,0,P1,1w1c2b,2w0c2b,40,38,B,26,false
A,56,7,1,P2,1w1c2b,2w0c2b,40,38,A,24,false
A,56,8,0,P1,1w1c2b,2w0c2b,40,38,B,30,false
A,56,8,1,P2,1w1c2b,2w0c2b,40,38,B,25,false
A,56,9,0,P1,1w1c2b,2w0c2b,40,38,A,27,false
A,56,9,1,P2,1w1c2b,2w0c2b,40,38,A,24,false
A,56,10,0,P1,1w1c2b,2w0c2b,40,38,B,22,false
A,56,10,1,P2,1w1c2b,2w0c2b,40,38,B,25,false
A,56,11,0,P1,1w1c2b,2w0c2b,40,38,A,19,false
A,56,11,1,P2,1w1c2b,2w0c2b,40,38,A,27,false
A,56,12,0,P1,1w1c2b,2w0c2b,40,38,B,26,false
A,56,12,1,P2,1w1c2b,2w0c2b,40,38,B,22,false
A,56,13,0,P1,1w1c2b,2w0c2b,40,38,A,24,false
A,56,13,1,P2,1w1c2b,2w0c2b,40,38,A,27,false
A,56,14,0,P1,1w1c2b,2w0c2b,40,38,A,34,false
A,56,14,1,P2,1w1c2b,2w0c2b,40,38,A,38,false
A,56,15,0,P1,1w1c2b,2w0c2b,40,38,A,35,false
A,56,15,1,P2,1w1c2b,2w0c2b,40,38,A,27,false
A,56,16,0,P1,1w1c2b,2w0c2b,40,38,A,25,false
A,56,16,1,P2,1w1c2b,2w0c2b,40,38,A,39,false
A,56,17,0,P1,1w1c2b,2w0c2b,40,38,B,40,false
A,56,17,1,P2,1w1c2b,2w0c2b,40,38,A,30,false
A,56,18,0,P1,1w1c2b,2w0c2b,40,38,B,26,false
A,56,18,1,P2,1w1c2b,2w0c2b,40,38,A,22,false
A,56,19,0,P1,1w1c2b,2w0c2b,40,38,B,22,false
A,56,19,1,P2,1w1c2b,2w0c2b,40,38,A,32,false
A,56,20,0,P1,1w1c2b,2w0c2b,40,38,A,27,false
A,56,20,1,P2,1w1c2b,2w0c2b,40,38,A,26,false
A,57,1,0,P1,1w1c2b,2w2c1b,40,38,B,24,false
A,57,1,1,P2,1w1c2b,2w2c1b,40,38,B,28,false
A,57,2,0,P1,1w1c2b,2w2c1b,40,38,B,38,false
A,57,2,1,P2,1w1c2b,2w2c1b,40,38,A,25,false
A,57,3,0,P1,1w1c2b,2w2c1b,40,38,B,36,false
A,57,3,1,P2,1w1c2b,2w2c1b,40,38,A,22,false
A,57,4,0,P1,1w1c2b,2w2c1b,40,38,A,21,false
A,57,4,1,P2,1w1c2b,2w2c1b,40,38,B,25,false
A,57,5,0,P1,1w1c2b,2w2c1b,40,38,A,31,false
A,57,5,1,P2,1w1c2b,2w2c1b,40,38,A,24,false
A,57,6,0,P1,1w1c2b,2w2c1b,40,38,A,23,false
A,57,6,1,P2,1w1c2b,2w2c1b,40,38,B,23,false
A,57,7,0,P1,1w1c2b,2w2c1b,40,38,A,25,false
A,57,7,1,P2,1w1c2b,2w2c1b,40,38,B,19,false
A,57,8,0,P1,1w1c2b,2w2c1b,40,38,B,36,false
A,57,8,1,P2,1w1c2b,2w2c1b,40,38,B,25,false
A,57,9,0,P1,1w1c2b,2w2c1b,40,38,A,21,false
A,57,9,1,P2,1w1c2b,2w2c1b,40,38,B,21,false
A,57,10,0,P1,1w1c2b,2w2c1b,40,38,A,19,false
A,57,10,1,P2,1w1c2b,2w2c1b,40,38,B,43,false
A,57,11,0,P1,1w1c2b,2w2c1b,40,38,A,23,false
A,57,11,1,P2,1w1c2b,2w2c1b,40,38,B,29,false
A,57,12,0,P1,1w1c2b,2w2c1b,40,38,B,28,false
A,57,12,1,P2,1w1c2b,2w2c1b,40,38,A,20,false
A,57,13,0,P1,1w1c2b,2w2c1b,40,38,B,30,false
A,57,13,1,P2,1w1c2b,2w2c1b,40,38,A,24,false
A,57,14,0,P1,1w1c2b,2w2c1b,40,38,B,32,false
A,57,14,1,P2,1w1c2b,2w2c1b,40,38,B,23,false
A,57,15,0,P1,1w1c2b,2w2c1b,40,38,B,22,false
A,57,15,1,P2,1w1c2b,2w2c1b,40,38,A,26,false
A,57,16,0,P1,1w1c2b,2w2c1b,40,38,A,26,false
A,57,16,1,P2,1w1c2b,2w2c1b,40,38,A,36,false
A,57,17,0,P1,1w1c2b,2w2c1b,40,38,A,31,false
A,57,17,1,P2,1w1c2b,2w2c1b,40,38,B,27,false
A,57,18,0,P1,1w1c2b,2w2c1b,40,38,A,22,false
A,57,18,1,P2,1w1c2b,2w2c1b,40,38,B,18,false
A,57,19,0,P1,1w1c2b,2w2c1b,40,38,B,24,false
A,57,19,1,P2,1w1c2b,2w2c1b,40,38,A,34,false
A,57,20,0,P1,1w1c2b,2w2c1b,40,38,A,26,false
A,57,20,1,P2,1w1c2b,2w2c1b,40,38,A,27,false
A,58,1,0,P1,1w1c2b,2w4c0b,40,38,B,18,false
A,58,1,1,P2,1w1c2b,2w4c0b,40,38,A,19,false
A,58,2,0,P1,1w1c2b,2w4c0b,40,38,B,24,false
A,58,2,1,P2,1w1c2b,2w4c0b,40,38,B,19,false
A,58,3,0,P1,1w1c2b,2w4c0b,40,38,B,18,false
A,58,3,1,P2,1w1c2b,2w4c0b,40,38,B,18,false
A,58,4,0,P1,1w1c2b,2w4c0b,40,38,A,22,false
A,58,4,1,P2,1w1c2b,2w4c0b,40,38,A,44,false
A,58,5,0,P1,1w1c2b,2w4c0b,40,38,B,22,false
A,58,5,1,P2,1w1c2b,2w4c0b,40,38,B,19,false
A,58,6,0,P1,1w1c2b,2w4c0b,40,38,B,16,false
A,58,6,1,P2,1w1c2b,2w4c0b,40,38,B,21,false
A,58,7,0,P1,1w1c2b,2w4c0b,40,38,B,16,false
A,58,7,1,P2,1w1c2b,2w4c0b,40,38,A,21,false
A,58,8,0,P1,1w1c2b,2w4c0b,40,38,A,28,false
A,58,8,1,P2,1w1c2b,2w4c0b,40,38,A,25,false
A,58,9,0,P1,1w1c2b,2w4c0b,40,38,B,14,false
A,58,9,1,P2,1w1c2b,2w4c0b,40,38,B,21,false
A,58,10,0,P1,1w1c2b,2w4c0b,40,38,B,16,false
A,58,10,1,P2,1w1c2b,2w4c0b,40,38,B,25,false
A,58,11,0,P1,1w1c2b,2w4c0b,40,38,B,22,false
A,58,11,1,P2,1w1c2b,2w4c0b,40,38,B,17,false
A,58,12,0,P1,1w1c2b,2w4c0b,40,38,A,22,false
A,58,12,1,P2,1w1c2b,2w4c0b,40,38,B,26,false
A,58,13,0,P1,1w1c2b,2w4c0b,40,38,B,20,false
A,58,13,1,P2,1w1c2b,2w4c0b,40,38,B,23,false
A,58,14,0,P1,1w1c2b,2w4c0b,40,38,A,30,false
A,58,14,1,P2,1w1c2b,2w4c0b,40,38,B,21,false
A,58,15,0,P1,1w1c2b,2w4c0b,40,38,B,22,false
A,58,15,1,P2,1w1c2b,2w4c0b,40,38,B,19,false
A,58,16,0,P1,1w1c2b,2w4c0b,40,38,A,25,false
A,58,16,1,P2,1w1c2b,2w4c0b,40,38,A,18,false
A,58,17,0,P1,1w1c2b,2w4c0b,40,38,B,26,false
A,58,17,1,P2,1w1c2b,2w4c0b,40,38,B,23,false
A,58,18,0,P1,1w1c2b,2w4c0b,40,38,B,27,false
A,58,18,1,P2,1w1c2b,2w4c0b,40,38,A,17,false
A,58,19,0,P1,1w1c2b,2w4c0b,40,38,B,20,false
A,58,19,1,P2,1w1c2b,2w4c0b,40,38,A,23,false
A,58,20,0,P1,1w1c2b,2w4c0b,40,38,A,28,false
A,58,20,1,P2,1w1c2b,2w4c0b,40,38,B,19,false
A,59,1,0,P1,1w1c2b,4w1c1b,40,41,B,24,false
A,59,1,1,P2,1w1c2b,4w1c1b,40,41,A,23,false
A,59,2,0,P1,1w1c2b,4w1c1b,40,41,B,26,false
A,59,2,1,P2,1w1c2b,4w1c1b,40,41,A,32,false
A,59,3,0,P1,1w1c2b,4w1c1b,40,41,B,20,false
A,59,3,1,P2,1w1c2b,4w1c1b,40,41,draw,100,true
A,59,4,0,P1,1w1c2b,4w1c1b,40,41,A,22,false
A,59,4,1,P2,1w1c2b,4w1c1b,40,41,B,31,false
A,59,5,0,P1,1w1c2b,4w1c1b,40,41,A,31,false
A,59,5,1,P2,1w1c2b,4w1c1b,40,41,A,26,false
A,59,6,0,P1,1w1c2b,4w1c1b,40,41,A,25,false
A,59,6,1,P2,1w1c2b,4w1c1b,40,41,B,21,false
A,59,7,0,P1,1w1c2b,4w1c1b,40,41,B,20,false
A,59,7,1,P2,1w1c2b,4w1c1b,40,41,B,23,false
A,59,8,0,P1,1w1c2b,4w1c1b,40,41,A,28,false
A,59,8,1,P2,1w1c2b,4w1c1b,40,41,B,25,false
A,59,9,0,P1,1w1c2b,4w1c1b,40,41,A,23,false
A,59,9,1,P2,1w1c2b,4w1c1b,40,41,B,31,false
A,59,10,0,P1,1w1c2b,4w1c1b,40,41,B,25,false
A,59,10,1,P2,1w1c2b,4w1c1b,40,41,A,33,false
A,59,11,0,P1,1w1c2b,4w1c1b,40,41,B,20,false
A,59,11,1,P2,1w1c2b,4w1c1b,40,41,draw,100,true
A,59,12,0,P1,1w1c2b,4w1c1b,40,41,B,28,false
A,59,12,1,P2,1w1c2b,4w1c1b,40,41,A,24,false
A,59,13,0,P1,1w1c2b,4w1c1b,40,41,A,37,false
A,59,13,1,P2,1w1c2b,4w1c1b,40,41,B,21,false
A,59,14,0,P1,1w1c2b,4w1c1b,40,41,B,28,false
A,59,14,1,P2,1w1c2b,4w1c1b,40,41,B,27,false
A,59,15,0,P1,1w1c2b,4w1c1b,40,41,B,24,false
A,59,15,1,P2,1w1c2b,4w1c1b,40,41,A,27,false
A,59,16,0,P1,1w1c2b,4w1c1b,40,41,A,31,false
A,59,16,1,P2,1w1c2b,4w1c1b,40,41,B,50,false
A,59,17,0,P1,1w1c2b,4w1c1b,40,41,B,31,false
A,59,17,1,P2,1w1c2b,4w1c1b,40,41,B,33,false
A,59,18,0,P1,1w1c2b,4w1c1b,40,41,B,16,false
A,59,18,1,P2,1w1c2b,4w1c1b,40,41,B,13,false
A,59,19,0,P1,1w1c2b,4w1c1b,40,41,B,24,false
A,59,19,1,P2,1w1c2b,4w1c1b,40,41,B,19,false
A,59,20,0,P1,1w1c2b,4w1c1b,40,41,B,31,false
A,59,20,1,P2,1w1c2b,4w1c1b,40,41,A,22,false
A,60,1,0,P1,1w1c2b,4w3c0b,40,41,B,16,false
A,60,1,1,P2,1w1c2b,4w3c0b,40,41,B,21,false
A,60,2,0,P1,1w1c2b,4w3c0b,40,41,B,20,false
A,60,2,1,P2,1w1c2b,4w3c0b,40,41,B,23,false
A,60,3,0,P1,1w1c2b,4w3c0b,40,41,A,27,false
A,60,3,1,P2,1w1c2b,4w3c0b,40,41,B,19,false
A,60,4,0,P1,1w1c2b,4w3c0b,40,41,B,18,false
A,60,4,1,P2,1w1c2b,4w3c0b,40,41,B,27,false
A,60,5,0,P1,1w1c2b,4w3c0b,40,41,A,24,false
A,60,5,1,P2,1w1c2b,4w3c0b,40,41,B,23,false
A,60,6,0,P1,1w1c2b,4w3c0b,40,41,B,16,false
A,60,6,1,P2,1w1c2b,4w3c0b,40,41,B,18,false
A,60,7,0,P1,1w1c2b,4w3c0b,40,41,B,16,false
A,60,7,1,P2,1w1c2b,4w3c0b,40,41,B,21,false
A,60,8,0,P1,1w1c2b,4w3c0b,40,41,B,24,false
A,60,8,1,P2,1w1c2b,4w3c0b,40,41,B,24,false
A,60,9,0,P1,1w1c2b,4w3c0b,40,41,B,16,false
A,60,9,1,P2,1w1c2b,4w3c0b,40,41,B,15,false
A,60,10,0,P1,1w1c2b,4w3c0b,40,41,A,29,false
A,60,10,1,P2,1w1c2b,4w3c0b,40,41,B,25,false
A,60,11,0,P1,1w1c2b,4w3c0b,40,41,B,18,false
A,60,11,1,P2,1w1c2b,4w3c0b,40,41,A,25,false
A,60,12,0,P1,1w1c2b,4w3c0b,40,41,B,20,false
A,60,12,1,P2,1w1c2b,4w3c0b,40,41,B,19,false
A,60,13,0,P1,1w1c2b,4w3c0b,40,41,B,29,false
A,60,13,1,P2,1w1c2b,4w3c0b,40,41,B,17,false
A,60,14,0,P1,1w1c2b,4w3c0b,40,41,B,26,false
A,60,14,1,P2,1w1c2b,4w3c0b,40,41,A,27,false
A,60,15,0,P1,1w1c2b,4w3c0b,40,41,B,23,false
A,60,15,1,P2,1w1c2b,4w3c0b,40,41,B,17,false
A,60,16,0,P1,1w1c2b,4w3c0b,40,41,B,20,false
A,60,16,1,P2,1w1c2b,4w3c0b,40,41,B,19,false
A,60,17,0,P1,1w1c2b,4w3c0b,40,41,B,22,false
A,60,17,1,P2,1w1c2b,4w3c0b,40,41,B,29,false
A,60,18,0,P1,1w1c2b,4w3c0b,40,41,B,18,false
A,60,18,1,P2,1w1c2b,4w3c0b,40,41,A,22,false
A,60,19,0,P1,1w1c2b,4w3c0b,40,41,B,20,false
A,60,19,1,P2,1w1c2b,4w3c0b,40,41,B,27,false
A,60,20,0,P1,1w1c2b,4w3c0b,40,41,B,18,false
A,60,20,1,P2,1w1c2b,4w3c0b,40,41,B,19,false
A,61,1,0,P1,1w1c2b,5w0c1b,40,39,B,26,false
A,61,1,1,P2,1w1c2b,5w0c1b,40,39,A,35,false
A,61,2,0,P1,1w1c2b,5w0c1b,40,39,B,22,false
A,61,2,1,P2,1w1c2b,5w0c1b,40,39,A,29,false
A,61,3,0,P1,1w1c2b,5w0c1b,40,39,B,20,false
A,61,3,1,P2,1w1c2b,5w0c1b,40,39,A,25,false
A,61,4,0,P1,1w1c2b,5w0c1b,40,39,A,21,false
A,61,4,1,P2,1w1c2b,5w0c1b,40,39,A,29,false
A,61,5,0,P1,1w1c2b,5w0c1b,40,39,B,28,false
A,61,5,1,P2,1w1c2b,5w0c1b,40,39,A,29,false
A,61,6,0,P1,1w1c2b,5w0c1b,40,39,A,26,false
A,61,6,1,P2,1w1c2b,5w0c1b,40,39,A,27,false
A,61,7,0,P1,1w1c2b,5w0c1b,40,39,B,20,false
A,61,7,1,P2,1w1c2b,5w0c1b,40,39,B,21,false
A,61,8,0,P1,1w1c2b,5w0c1b,40,39,draw,100,true
A,61,8,1,P2,1w1c2b,5w0c1b,40,39,B,25,false
A,61,9,0,P1,1w1c2b,5w0c1b,40,39,B,25,false
A,61,9,1,P2,1w1c2b,5w0c1b,40,39,B,25,false
A,61,10,0,P1,1w1c2b,5w0c1b,40,39,B,24,false
A,61,10,1,P2,1w1c2b,5w0c1b,40,39,B,37,false
A,61,11,0,P1,1w1c2b,5w0c1b,40,39,A,31,false
A,61,11,1,P2,1w1c2b,5w0c1b,40,39,B,19,false
A,61,12,0,P1,1w1c2b,5w0c1b,40,39,A,28,false
A,61,12,1,P2,1w1c2b,5w0c1b,40,39,B,23,false
A,61,13,0,P1,1w1c2b,5w0c1b,40,39,B,22,false
A,61,13,1,P2,1w1c2b,5w0c1b,40,39,B,21,false
A,61,14,0,P1,1w1c2b,5w0c1b,40,39,B,30,false
A,61,14,1,P2,1w1c2b,5w0c1b,40,39,B,23,false
A,61,15,0,P1,1w1c2b,5w0c1b,40,39,A,43,false
A,61,15,1,P2,1w1c2b,5w0c1b,40,39,A,23,false
A,61,16,0,P1,1w1c2b,5w0c1b,40,39,A,35,false
A,61,16,1,P2,1w1c2b,5w0c1b,40,39,B,19,false
A,61,17,0,P1,1w1c2b,5w0c1b,40,39,B,31,false
A,61,17,1,P2,1w1c2b,5w0c1b,40,39,B,29,false
A,61,18,0,P1,1w1c2b,5w0c1b,40,39,B,20,false
A,61,18,1,P2,1w1c2b,5w0c1b,40,39,B,17,false
A,61,19,0,P1,1w1c2b,5w0c1b,40,39,A,34,false
A,61,19,1,P2,1w1c2b,5w0c1b,40,39,B,21,false
A,61,20,0,P1,1w1c2b,5w0c1b,40,39,A,25,false
A,61,20,1,P2,1w1c2b,5w0c1b,40,39,draw,100,true
A,62,1,0,P1,1w1c2b,5w2c0b,40,39,B,24,false
A,62,1,1,P2,1w1c2b,5w2c0b,40,39,B,19,false
A,62,2,0,P1,1w1c2b,5w2c0b,40,39,B,22,false
A,62,2,1,P2,1w1c2b,5w2c0b,40,39,A,25,false
A,62,3,0,P1,1w1c2b,5w2c0b,40,39,A,25,false
A,62,3,1,P2,1w1c2b,5w2c0b,40,39,B,25,false
A,62,4,0,P1,1w1c2b,5w2c0b,40,39,B,20,false
A,62,4,1,P2,1w1c2b,5w2c0b,40,39,B,29,false
A,62,5,0,P1,1w1c2b,5w2c0b,40,39,draw,100,true
A,62,5,1,P2,1w1c2b,5w2c0b,40,39,B,25,false
A,62,6,0,P1,1w1c2b,5w2c0b,40,39,B,22,false
A,62,6,1,P2,1w1c2b,5w2c0b,40,39,B,19,false
A,62,7,0,P1,1w1c2b,5w2c0b,40,39,B,18,false
A,62,7,1,P2,1w1c2b,5w2c0b,40,39,B,17,false
A,62,8,0,P1,1w1c2b,5w2c0b,40,39,B,28,false
A,62,8,1,P2,1w1c2b,5w2c0b,40,39,B,19,false
A,62,9,0,P1,1w1c2b,5w2c0b,40,39,B,18,false
A,62,9,1,P2,1w1c2b,5w2c0b,40,39,B,15,false
A,62,10,0,P1,1w1c2b,5w2c0b,40,39,B,28,false
A,62,10,1,P2,1w1c2b,5w2c0b,40,39,B,25,false
A,62,11,0,P1,1w1c2b,5w2c0b,40,39,B,20,false
A,62,11,1,P2,1w1c2b,5w2c0b,40,39,B,21,false
A,62,12,0,P1,1w1c2b,5w2c0b,40,39,B,18,false
A,62,12,1,P2,1w1c2b,5w2c0b,40,39,B,19,false
A,62,13,0,P1,1w1c2b,5w2c0b,40,39,B,20,false
A,62,13,1,P2,1w1c2b,5w2c0b,40,39,B,19,false
A,62,14,0,P1,1w1c2b,5w2c0b,40,39,B,22,false
A,62,14,1,P2,1w1c2b,5w2c0b,40,39,B,19,false
A,62,15,0,P1,1w1c2b,5w2c0b,40,39,A,21,false
A,62,15,1,P2,1w1c2b,5w2c0b,40,39,B,20,false
A,62,16,0,P1,1w1c2b,5w2c0b,40,39,A,26,false
A,62,16,1,P2,1w1c2b,5w2c0b,40,39,A,23,false
A,62,17,0,P1,1w1c2b,5w2c0b,40,39,B,26,false
A,62,17,1,P2,1w1c2b,5w2c0b,40,39,A,35,false
A,62,18,0,P1,1w1c2b,5w2c0b,40,39,B,24,false
A,62,18,1,P2,1w1c2b,5w2c0b,40,39,A,26,false
A,62,19,0,P1,1w1c2b,5w2c0b,40,39,B,20,false
A,62,19,1,P2,1w1c2b,5w2c0b,40,39,B,25,false
A,62,20,0,P1,1w1c2b,5w2c0b,40,39,A,26,false
A,62,20,1,P2,1w1c2b,5w2c0b,40,39,B,23,false
A,63,1,0,P1,1w1c2b,7w1c0b,40,42,B,22,false
A,63,1,1,P2,1w1c2b,7w1c0b,40,42,B,19,false
A,63,2,0,P1,1w1c2b,7w1c0b,40,42,B,20,false
A,63,2,1,P2,1w1c2b,7w1c0b,40,42,B,23,false
A,63,3,0,P1,1w1c2b,7w1c0b,40,42,B,24,false
A,63,3,1,P2,1w1c2b,7w1c0b,40,42,A,28,false
A,63,4,0,P1,1w1c2b,7w1c0b,40,42,A,27,false
A,63,4,1,P2,1w1c2b,7w1c0b,40,42,B,25,false
A,63,5,0,P1,1w1c2b,7w1c0b,40,42,B,22,false
A,63,5,1,P2,1w1c2b,7w1c0b,40,42,B,23,false
A,63,6,0,P1,1w1c2b,7w1c0b,40,42,A,24,false
A,63,6,1,P2,1w1c2b,7w1c0b,40,42,B,17,false
A,63,7,0,P1,1w1c2b,7w1c0b,40,42,A,25,false
A,63,7,1,P2,1w1c2b,7w1c0b,40,42,B,19,false
A,63,8,0,P1,1w1c2b,7w1c0b,40,42,B,22,false
A,63,8,1,P2,1w1c2b,7w1c0b,40,42,B,23,false
A,63,9,0,P1,1w1c2b,7w1c0b,40,42,B,20,false
A,63,9,1,P2,1w1c2b,7w1c0b,40,42,B,23,false
A,63,10,0,P1,1w1c2b,7w1c0b,40,42,B,18,false
A,63,10,1,P2,1w1c2b,7w1c0b,40,42,B,21,false
A,63,11,0,P1,1w1c2b,7w1c0b,40,42,B,22,false
A,63,11,1,P2,1w1c2b,7w1c0b,40,42,B,21,false
A,63,12,0,P1,1w1c2b,7w1c0b,40,42,B,20,false
A,63,12,1,P2,1w1c2b,7w1c0b,40,42,B,19,false
A,63,13,0,P1,1w1c2b,7w1c0b,40,42,A,26,false
A,63,13,1,P2,1w1c2b,7w1c0b,40,42,B,43,false
A,63,14,0,P1,1w1c2b,7w1c0b,40,42,B,30,false
A,63,14,1,P2,1w1c2b,7w1c0b,40,42,B,23,false
A,63,15,0,P1,1w1c2b,7w1c0b,40,42,A,30,false
A,63,15,1,P2,1w1c2b,7w1c0b,40,42,B,25,false
A,63,16,0,P1,1w1c2b,7w1c0b,40,42,A,28,false
A,63,16,1,P2,1w1c2b,7w1c0b,40,42,A,35,false
A,63,17,0,P1,1w1c2b,7w1c0b,40,42,B,22,false
A,63,17,1,P2,1w1c2b,7w1c0b,40,42,B,27,false
A,63,18,0,P1,1w1c2b,7w1c0b,40,42,A,40,false
A,63,18,1,P2,1w1c2b,7w1c0b,40,42,B,23,false
A,63,19,0,P1,1w1c2b,7w1c0b,40,42,B,24,false
A,63,19,1,P2,1w1c2b,7w1c0b,40,42,B,25,false
A,63,20,0,P1,1w1c2b,7w1c0b,40,42,A,30,false
A,63,20,1,P2,1w1c2b,7w1c0b,40,42,B,25,false
A,64,1,0,P1,1w1c2b,8w0c0b,40,40,B,20,false
A,64,1,1,P2,1w1c2b,8w0c0b,40,40,B,21,false
A,64,2,0,P1,1w1c2b,8w0c0b,40,40,B,28,false
A,64,2,1,P2,1w1c2b,8w0c0b,40,40,B,23,false
A,64,3,0,P1,1w1c2b,8w0c0b,40,40,B,22,false
A,64,3,1,P2,1w1c2b,8w0c0b,40,40,A,27,false
A,64,4,0,P1,1w1c2b,8w0c0b,40,40,A,26,false
A,64,4,1,P2,1w1c2b,8w0c0b,40,40,B,27,false
A,64,5,0,P1,1w1c2b,8w0c0b,40,40,A,32,false
A,64,5,1,P2,1w1c2b,8w0c0b,40,40,B,25,false
A,64,6,0,P1,1w1c2b,8w0c0b,40,40,B,20,false
A,64,6,1,P2,1w1c2b,8w0c0b,40,40,A,25,false
A,64,7,0,P1,1w1c2b,8w0c0b,40,40,A,29,false
A,64,7,1,P2,1w1c2b,8w0c0b,40,40,B,21,false
A,64,8,0,P1,1w1c2b,8w0c0b,40,40,draw,100,true
A,64,8,1,P2,1w1c2b,8w0c0b,40,40,B,21,false
A,64,9,0,P1,1w1c2b,8w0c0b,40,40,B,24,false
A,64,9,1,P2,1w1c2b,8w0c0b,40,40,A,25,false
A,64,10,0,P1,1w1c2b,8w0c0b,40,40,B,20,false
A,64,10,1,P2,1w1c2b,8w0c0b,40,40,B,23,false
A,64,11,0,P1,1w1c2b,8w0c0b,40,40,A,30,false
A,64,11,1,P2,1w1c2b,8w0c0b,40,40,B,17,false
A,64,12,0,P1,1w1c2b,8w0c0b,40,40,B,22,false
A,64,12,1,P2,1w1c2b,8w0c0b,40,40,B,33,false
A,64,13,0,P1,1w1c2b,8w0c0b,40,40,A,22,false
A,64,13,1,P2,1w1c2b,8w0c0b,40,40,B,21,false
A,64,14,0,P1,1w1c2b,8w0c0b,40,40,B,24,false
A,64,14,1,P2,1w1c2b,8w0c0b,40,40,B,21,false
A,64,15,0,P1,1w1c2b,8w0c0b,40,40,A,34,false
A,64,15,1,P2,1w1c2b,8w0c0b,40,40,A,19,false
A,64,16,0,P1,1w1c2b,8w0c0b,40,40,A,23,false
A,64,16,1,P2,1w1c2b,8w0c0b,40,40,A,21,false
A,64,17,0,P1,1w1c2b,8w0c0b,40,40,B,22,false
A,64,17,1,P2,1w1c2b,8w0c0b,40,40,A,27,false
A,64,18,0,P1,1w1c2b,8w0c0b,40,40,A,24,false
A,64,18,1,P2,1w1c2b,8w0c0b,40,40,B,21,false
A,64,19,0,P1,1w1c2b,8w0c0b,40,40,A,28,false
A,64,19,1,P2,1w1c2b,8w0c0b,40,40,A,29,false
A,64,20,0,P1,1w1c2b,8w0c0b,40,40,A,38,false
A,64,20,1,P2,1w1c2b,8w0c0b,40,40,A,27,false
A,65,1,0,P1,1w3c1b,1w5c0b,40,40,A,23,false
A,65,1,1,P2,1w3c1b,1w5c0b,40,40,B,21,false
A,65,2,0,P1,1w3c1b,1w5c0b,40,40,B,26,false
A,65,2,1,P2,1w3c1b,1w5c0b,40,40,B,17,false
A,65,3,0,P1,1w3c1b,1w5c0b,40,40,B,20,false
A,65,3,1,P2,1w3c1b,1w5c0b,40,40,B,15,false
A,65,4,0,P1,1w3c1b,1w5c0b,40,40,B,20,false
A,65,4,1,P2,1w3c1b,1w5c0b,40,40,B,21,false
A,65,5,0,P1,1w3c1b,1w5c0b,40,40,A,23,false
A,65,5,1,P2,1w3c1b,1w5c0b,40,40,B,19,false
A,65,6,0,P1,1w3c1b,1w5c0b,40,40,B,16,false
A,65,6,1,P2,1w3c1b,1w5c0b,40,40,B,14,false
A,65,7,0,P1,1w3c1b,1w5c0b,40,40,B,18,false
A,65,7,1,P2,1w3c1b,1w5c0b,40,40,A,24,false
A,65,8,0,P1,1w3c1b,1w5c0b,40,40,A,19,false
A,65,8,1,P2,1w3c1b,1w5c0b,40,40,A,22,false
A,65,9,0,P1,1w3c1b,1w5c0b,40,40,B,16,false
A,65,9,1,P2,1w3c1b,1w5c0b,40,40,B,21,false
A,65,10,0,P1,1w3c1b,1w5c0b,40,40,B,22,false
A,65,10,1,P2,1w3c1b,1w5c0b,40,40,A,18,false
A,65,11,0,P1,1w3c1b,1w5c0b,40,40,B,22,false
A,65,11,1,P2,1w3c1b,1w5c0b,40,40,A,20,false
A,65,12,0,P1,1w3c1b,1w5c0b,40,40,A,15,false
A,65,12,1,P2,1w3c1b,1w5c0b,40,40,B,21,false
A,65,13,0,P1,1w3c1b,1w5c0b,40,40,A,19,false
A,65,13,1,P2,1w3c1b,1w5c0b,40,40,B,17,false
A,65,14,0,P1,1w3c1b,1w5c0b,40,40,A,23,false
A,65,14,1,P2,1w3c1b,1w5c0b,40,40,B,17,false
A,65,15,0,P1,1w3c1b,1w5c0b,40,40,B,22,false
A,65,15,1,P2,1w3c1b,1w5c0b,40,40,B,17,false
A,65,16,0,P1,1w3c1b,1w5c0b,40,40,B,22,false
A,65,16,1,P2,1w3c1b,1w5c0b,40,40,A,18,false
A,65,17,0,P1,1w3c1b,1w5c0b,40,40,A,20,false
A,65,17,1,P2,1w3c1b,1w5c0b,40,40,B,23,false
A,65,18,0,P1,1w3c1b,1w5c0b,40,40,A,20,false
A,65,18,1,P2,1w3c1b,1w5c0b,40,40,B,17,false
A,65,19,0,P1,1w3c1b,1w5c0b,40,40,A,28,false
A,65,19,1,P2,1w3c1b,1w5c0b,40,40,B,17,false
A,65,20,0,P1,1w3c1b,1w5c0b,40,40,B,22,false
A,65,20,1,P2,1w3c1b,1w5c0b,40,40,A,21,false
A,66,1,0,P1,1w3c1b,2w0c2b,40,38,A,33,false
A,66,1,1,P2,1w3c1b,2w0c2b,40,38,A,40,false
A,66,2,0,P1,1w3c1b,2w0c2b,40,38,A,29,false
A,66,2,1,P2,1w3c1b,2w0c2b,40,38,draw,100,true
A,66,3,0,P1,1w3c1b,2w0c2b,40,38,A,19,false
A,66,3,1,P2,1w3c1b,2w0c2b,40,38,B,21,false
A,66,4,0,P1,1w3c1b,2w0c2b,40,38,A,25,false
A,66,4,1,P2,1w3c1b,2w0c2b,40,38,A,24,false
A,66,5,0,P1,1w3c1b,2w0c2b,40,38,B,21,false
A,66,5,1,P2,1w3c1b,2w0c2b,40,38,A,24,false
A,66,6,0,P1,1w3c1b,2w0c2b,40,38,B,20,false
A,66,6,1,P2,1w3c1b,2w0c2b,40,38,B,21,false
A,66,7,0,P1,1w3c1b,2w0c2b,40,38,A,25,false
A,66,7,1,P2,1w3c1b,2w0c2b,40,38,A,29,false
A,66,8,0,P1,1w3c1b,2w0c2b,40,38,A,21,false
A,66,8,1,P2,1w3c1b,2w0c2b,40,38,A,22,false
A,66,9,0,P1,1w3c1b,2w0c2b,40,38,A,25,false
A,66,9,1,P2,1w3c1b,2w0c2b,40,38,A,22,false
A,66,10,0,P1,1w3c1b,2w0c2b,40,38,A,31,false
A,66,10,1,P2,1w3c1b,2w0c2b,40,38,A,44,false
A,66,11,0,P1,1w3c1b,2w0c2b,40,38,A,23,false
A,66,11,1,P2,1w3c1b,2w0c2b,40,38,A,20,false
A,66,12,0,P1,1w3c1b,2w0c2b,40,38,B,25,false
A,66,12,1,P2,1w3c1b,2w0c2b,40,38,A,22,false
A,66,13,0,P1,1w3c1b,2w0c2b,40,38,A,26,false
A,66,13,1,P2,1w3c1b,2w0c2b,40,38,A,39,false
A,66,14,0,P1,1w3c1b,2w0c2b,40,38,A,21,false
A,66,14,1,P2,1w3c1b,2w0c2b,40,38,A,28,false
A,66,15,0,P1,1w3c1b,2w0c2b,40,38,A,19,false
A,66,15,1,P2,1w3c1b,2w0c2b,40,38,A,30,false
A,66,16,0,P1,1w3c1b,2w0c2b,40,38,A,25,false
A,66,16,1,P2,1w3c1b,2w0c2b,40,38,B,21,false
A,66,17,0,P1,1w3c1b,2w0c2b,40,38,A,29,false
A,66,17,1,P2,1w3c1b,2w0c2b,40,38,B,35,false
A,66,18,0,P1,1w3c1b,2w0c2b,40,38,A,15,false
A,66,18,1,P2,1w3c1b,2w0c2b,40,38,A,20,false
A,66,19,0,P1,1w3c1b,2w0c2b,40,38,B,27,false
A,66,19,1,P2,1w3c1b,2w0c2b,40,38,A,18,false
A,66,20,0,P1,1w3c1b,2w0c2b,40,38,A,35,false
A,66,20,1,P2,1w3c1b,2w0c2b,40,38,A,38,false
A,67,1,0,P1,1w3c1b,2w2c1b,40,38,A,21,false
A,67,1,1,P2,1w3c1b,2w2c1b,40,38,B,19,false
A,67,2,0,P1,1w3c1b,2w2c1b,40,38,A,24,false
A,67,2,1,P2,1w3c1b,2w2c1b,40,38,A,32,false
A,67,3,0,P1,1w3c1b,2w2c1b,40,38,B,25,false
A,67,3,1,P2,1w3c1b,2w2c1b,40,38,A,27,false
A,67,4,0,P1,1w3c1b,2w2c1b,40,38,A,25,false
A,67,4,1,P2,1w3c1b,2w2c1b,40,38,A,31,false
A,67,5,0,P1,1w3c1b,2w2c1b,40,38,B,23,false
A,67,5,1,P2,1w3c1b,2w2c1b,40,38,A,25,false
A,67,6,0,P1,1w3c1b,2w2c1b,40,38,B,16,false
A,67,6,1,P2,1w3c1b,2w2c1b,40,38,B,19,false
A,67,7,0,P1,1w3c1b,2w2c1b,40,38,B,22,false
A,67,7,1,P2,1w3c1b,2w2c1b,40,38,B,23,false
A,67,8,0,P1,1w3c1b,2w2c1b,40,38,A,19,false
A,67,8,1,P2,1w3c1b,2w2c1b,40,38,A,30,false
A,67,9,0,P1,1w3c1b,2w2c1b,40,38,B,23,false
A,67,9,1,P2,1w3c1b,2w2c1b,40,38,A,25,false
A,67,10,0,P1,1w3c1b,2w2c1b,40,38,A,30,false
A,67,10,1,P2,1w3c1b,2w2c1b,40,38,A,30,false
A,67,11,0,P1,1w3c1b,2w2c1b,40,38,B,18,false
A,67,11,1,P2,1w3c1b,2w2c1b,40,38,B,20,false
A,67,12,0,P1,1w3c1b,2w2c1b,40,38,A,27,false
A,67,12,1,P2,1w3c1b,2w2c1b,40,38,A,21,false
A,67,13,0,P1,1w3c1b,2w2c1b,40,38,A,26,false
A,67,13,1,P2,1w3c1b,2w2c1b,40,38,A,19,false
A,67,14,0,P1,1w3c1b,2w2c1b,40,38,A,21,false
A,67,14,1,P2,1w3c1b,2w2c1b,40,38,B,21,false
A,67,15,0,P1,1w3c1b,2w2c1b,40,38,A,29,false
A,67,15,1,P2,1w3c1b,2w2c1b,40,38,B,25,false
A,67,16,0,P1,1w3c1b,2w2c1b,40,38,B,20,false
A,67,16,1,P2,1w3c1b,2w2c1b,40,38,A,27,false
A,67,17,0,P1,1w3c1b,2w2c1b,40,38,A,29,false
A,67,17,1,P2,1w3c1b,2w2c1b,40,38,B,29,false
A,67,18,0,P1,1w3c1b,2w2c1b,40,38,A,20,false
A,67,18,1,P2,1w3c1b,2w2c1b,40,38,B,21,false
A,67,19,0,P1,1w3c1b,2w2c1b,40,38,B,24,false
A,67,19,1,P2,1w3c1b,2w2c1b,40,38,A,24,false
A,67,20,0,P1,1w3c1b,2w2c1b,40,38,A,25,false
A,67,20,1,P2,1w3c1b,2w2c1b,40,38,A,22,false
A,68,1,0,P1,1w3c1b,2w4c0b,40,38,B,18,false
A,68,1,1,P2,1w3c1b,2w4c0b,40,38,B,19,false
A,68,2,0,P1,1w3c1b,2w4c0b,40,38,B,20,false
A,68,2,1,P2,1w3c1b,2w4c0b,40,38,B,19,false
A,68,3,0,P1,1w3c1b,2w4c0b,40,38,B,22,false
A,68,3,1,P2,1w3c1b,2w4c0b,40,38,A,16,false
A,68,4,0,P1,1w3c1b,2w4c0b,40,38,B,18,false
A,68,4,1,P2,1w3c1b,2w4c0b,40,38,A,24,false
A,68,5,0,P1,1w3c1b,2w4c0b,40,38,A,34,false
A,68,5,1,P2,1w3c1b,2w4c0b,40,38,B,21,false
A,68,6,0,P1,1w3c1b,2w4c0b,40,38,B,18,false
A,68,6,1,P2,1w3c1b,2w4c0b,40,38,B,15,false
A,68,7,0,P1,1w3c1b,2w4c0b,40,38,B,16,false
A,68,7,1,P2,1w3c1b,2w4c0b,40,38,B,17,false
A,68,8,0,P1,1w3c1b,2w4c0b,40,38,B,22,false
A,68,8,1,P2,1w3c1b,2w4c0b,40,38,B,19,false
A,68,9,0,P1,1w3c1b,2w4c0b,40,38,B,16,false
A,68,9,1,P2,1w3c1b,2w4c0b,40,38,B,23,false
A,68,10,0,P1,1w3c1b,2w4c0b,40,38,B,24,false
A,68,10,1,P2,1w3c1b,2w4c0b,40,38,A,18,false
A,68,11,0,P1,1w3c1b,2w4c0b,40,38,A,28,false
A,68,11,1,P2,1w3c1b,2w4c0b,40,38,B,15,false
A,68,12,0,P1,1w3c1b,2w4c0b,40,38,A,19,false
A,68,12,1,P2,1w3c1b,2w4c0b,40,38,A,24,false
A,68,13,0,P1,1w3c1b,2w4c0b,40,38,A,25,false
A,68,13,1,P2,1w3c1b,2w4c0b,40,38,A,18,false
A,68,14,0,P1,1w3c1b,2w4c0b,40,38,B,20,false
A,68,14,1,P2,1w3c1b,2w4c0b,40,38,A,25,false
A,68,15,0,P1,1w3c1b,2w4c0b,40,38,B,20,false
A,68,15,1,P2,1w3c1b,2w4c0b,40,38,B,19,false
A,68,16,0,P1,1w3c1b,2w4c0b,40,38,B,22,false
A,68,16,1,P2,1w3c1b,2w4c0b,40,38,B,17,false
A,68,17,0,P1,1w3c1b,2w4c0b,40,38,B,24,false
A,68,17,1,P2,1w3c1b,2w4c0b,40,38,A,26,false
A,68,18,0,P1,1w3c1b,2w4c0b,40,38,A,22,false
A,68,18,1,P2,1w3c1b,2w4c0b,40,38,B,19,false
A,68,19,0,P1,1w3c1b,2w4c0b,40,38,B,20,false
A,68,19,1,P2,1w3c1b,2w4c0b,40,38,B,20,false
A,68,20,0,P1,1w3c1b,2w4c0b,40,38,B,22,false
A,68,20,1,P2,1w3c1b,2w4c0b,40,38,B,19,false
A,69,1,0,P1,1w3c1b,4w1c1b,40,41,B,28,false
A,69,1,1,P2,1w3c1b,4w1c1b,40,41,B,21,false
A,69,2,0,P1,1w3c1b,4w1c1b,40,41,B,24,false
A,69,2,1,P2,1w3c1b,4w1c1b,40,41,A,24,false
A,69,3,0,P1,1w3c1b,4w1c1b,40,41,B,21,false
A,69,3,1,P2,1w3c1b,4w1c1b,40,41,A,27,false
A,69,4,0,P1,1w3c1b,4w1c1b,40,41,A,23,false
A,69,4,1,P2,1w3c1b,4w1c1b,40,41,A,33,false
A,69,5,0,P1,1w3c1b,4w1c1b,40,41,A,21,false
A,69,5,1,P2,1w3c1b,4w1c1b,40,41,A,24,false
A,69,6,0,P1,1w3c1b,4w1c1b,40,41,B,35,false
A,69,6,1,P2,1w3c1b,4w1c1b,40,41,B,19,false
A,69,7,0,P1,1w3c1b,4w1c1b,40,41,B,16,false
A,69,7,1,P2,1w3c1b,4w1c1b,40,41,A,17,false
A,69,8,0,P1,1w3c1b,4w1c1b,40,41,A,34,false
A,69,8,1,P2,1w3c1b,4w1c1b,40,41,B,25,false
A,69,9,0,P1,1w3c1b,4w1c1b,40,41,A,19,false
A,69,9,1,P2,1w3c1b,4w1c1b,40,41,A,20,false
A,69,10,0,P1,1w3c1b,4w1c1b,40,41,B,28,false
A,69,10,1,P2,1w3c1b,4w1c1b,40,41,A,22,false
A,69,11,0,P1,1w3c1b,4w1c1b,40,41,B,20,false
A,69,11,1,P2,1w3c1b,4w1c1b,40,41,A,16,false
A,69,12,0,P1,1w3c1b,4w1c1b,40,41,B,22,false
A,69,12,1,P2,1w3c1b,4w1c1b,40,41,B,19,false
A,69,13,0,P1,1w3c1b,4w1c1b,40,41,A,23,false
A,69,13,1,P2,1w3c1b,4w1c1b,40,41,A,20,false
A,69,14,0,P1,1w3c1b,4w1c1b,40,41,A,27,false
A,69,14,1,P2,1w3c1b,4w1c1b,40,41,B,23,false
A,69,15,0,P1,1w3c1b,4w1c1b,40,41,B,20,false
A,69,15,1,P2,1w3c1b,4w1c1b,40,41,A,23,false
A,69,16,0,P1,1w3c1b,4w1c1b,40,41,A,23,false
A,69,16,1,P2,1w3c1b,4w1c1b,40,41,B,25,false
A,69,17,0,P1,1w3c1b,4w1c1b,40,41,A,33,false
A,69,17,1,P2,1w3c1b,4w1c1b,40,41,B,25,false
A,69,18,0,P1,1w3c1b,4w1c1b,40,41,A,26,false
A,69,18,1,P2,1w3c1b,4w1c1b,40,41,A,31,false
A,69,19,0,P1,1w3c1b,4w1c1b,40,41,B,20,false
A,69,19,1,P2,1w3c1b,4w1c1b,40,41,B,21,false
A,69,20,0,P1,1w3c1b,4w1c1b,40,41,A,27,false
A,69,20,1,P2,1w3c1b,4w1c1b,40,41,A,22,false
A,70,1,0,P1,1w3c1b,4w3c0b,40,41,B,22,false
A,70,1,1,P2,1w3c1b,4w3c0b,40,41,A,21,false
A,70,2,0,P1,1w3c1b,4w3c0b,40,41,B,20,false
A,70,2,1,P2,1w3c1b,4w3c0b,40,41,B,21,false
A,70,3,0,P1,1w3c1b,4w3c0b,40,41,B,18,false
A,70,3,1,P2,1w3c1b,4w3c0b,40,41,B,19,false
A,70,4,0,P1,1w3c1b,4w3c0b,40,41,A,21,false
A,70,4,1,P2,1w3c1b,4w3c0b,40,41,A,25,false
A,70,5,0,P1,1w3c1b,4w3c0b,40,41,B,26,false
A,70,5,1,P2,1w3c1b,4w3c0b,40,41,B,21,false
A,70,6,0,P1,1w3c1b,4w3c0b,40,41,B,14,false
A,70,6,1,P2,1w3c1b,4w3c0b,40,41,B,19,false
A,70,7,0,P1,1w3c1b,4w3c0b,40,41,A,34,false
A,70,7,1,P2,1w3c1b,4w3c0b,40,41,B,18,false
A,70,8,0,P1,1w3c1b,4w3c0b,40,41,B,20,false
A,70,8,1,P2,1w3c1b,4w3c0b,40,41,A,25,false
A,70,9,0,P1,1w3c1b,4w3c0b,40,41,B,25,false
A,70,9,1,P2,1w3c1b,4w3c0b,40,41,B,17,false
A,70,10,0,P1,1w3c1b,4w3c0b,40,41,A,31,false
A,70,10,1,P2,1w3c1b,4w3c0b,40,41,A,24,false
A,70,11,0,P1,1w3c1b,4w3c0b,40,41,B,21,false
A,70,11,1,P2,1w3c1b,4w3c0b,40,41,B,27,false
A,70,12,0,P1,1w3c1b,4w3c0b,40,41,B,16,false
A,70,12,1,P2,1w3c1b,4w3c0b,40,41,A,20,false
A,70,13,0,P1,1w3c1b,4w3c0b,40,41,A,28,false
A,70,13,1,P2,1w3c1b,4w3c0b,40,41,B,25,false
A,70,14,0,P1,1w3c1b,4w3c0b,40,41,B,22,false
A,70,14,1,P2,1w3c1b,4w3c0b,40,41,B,23,false
A,70,15,0,P1,1w3c1b,4w3c0b,40,41,B,30,false
A,70,15,1,P2,1w3c1b,4w3c0b,40,41,B,15,false
A,70,16,0,P1,1w3c1b,4w3c0b,40,41,B,26,false
A,70,16,1,P2,1w3c1b,4w3c0b,40,41,A,18,false
A,70,17,0,P1,1w3c1b,4w3c0b,40,41,A,27,false
A,70,17,1,P2,1w3c1b,4w3c0b,40,41,B,27,false
A,70,18,0,P1,1w3c1b,4w3c0b,40,41,B,20,false
A,70,18,1,P2,1w3c1b,4w3c0b,40,41,A,35,false
A,70,19,0,P1,1w3c1b,4w3c0b,40,41,B,22,false
A,70,19,1,P2,1w3c1b,4w3c0b,40,41,B,21,false
A,70,20,0,P1,1w3c1b,4w3c0b,40,41,B,20,false
A,70,20,1,P2,1w3c1b,4w3c0b,40,41,B,19,false
A,71,1,0,P1,1w3c1b,5w0c1b,40,39,B,22,false
A,71,1,1,P2,1w3c1b,5w0c1b,40,39,B,25,false
A,71,2,0,P1,1w3c1b,5w0c1b,40,39,B,19,false
A,71,2,1,P2,1w3c1b,5w0c1b,40,39,A,23,false
A,71,3,0,P1,1w3c1b,5w0c1b,40,39,B,20,false
A,71,3,1,P2,1w3c1b,5w0c1b,40,39,A,18,false
A,71,4,0,P1,1w3c1b,5w0c1b,40,39,A,25,false
A,71,4,1,P2,1w3c1b,5w0c1b,40,39,A,39,false
A,71,5,0,P1,1w3c1b,5w0c1b,40,39,A,21,false
A,71,5,1,P2,1w3c1b,5w0c1b,40,39,A,33,false
A,71,6,0,P1,1w3c1b,5w0c1b,40,39,B,21,false
A,71,6,1,P2,1w3c1b,5w0c1b,40,39,A,28,false
A,71,7,0,P1,1w3c1b,5w0c1b,40,39,A,23,false
A,71,7,1,P2,1w3c1b,5w0c1b,40,39,A,22,false
A,71,8,0,P1,1w3c1b,5w0c1b,40,39,B,26,false
A,71,8,1,P2,1w3c1b,5w0c1b,40,39,A,33,false
A,71,9,0,P1,1w3c1b,5w0c1b,40,39,B,20,false
A,71,9,1,P2,1w3c1b,5w0c1b,40,39,A,23,false
A,71,10,0,P1,1w3c1b,5w0c1b,40,39,B,22,false
A,71,10,1,P2,1w3c1b,5w0c1b,40,39,A,29,false
A,71,11,0,P1,1w3c1b,5w0c1b,40,39,B,26,false
A,71,11,1,P2,1w3c1b,5w0c1b,40,39,B,19,false
A,71,12,0,P1,1w3c1b,5w0c1b,40,39,B,24,false
A,71,12,1,P2,1w3c1b,5w0c1b,40,39,B,23,false
A,71,13,0,P1,1w3c1b,5w0c1b,40,39,B,16,false
A,71,13,1,P2,1w3c1b,5w0c1b,40,39,B,19,false
A,71,14,0,P1,1w3c1b,5w0c1b,40,39,A,25,false
A,71,14,1,P2,1w3c1b,5w0c1b,40,39,A,33,false
A,71,15,0,P1,1w3c1b,5w0c1b,40,39,A,36,false
A,71,15,1,P2,1w3c1b,5w0c1b,40,39,A,36,false
A,71,16,0,P1,1w3c1b,5w0c1b,40,39,B,24,false
A,71,16,1,P2,1w3c1b,5w0c1b,40,39,B,25,false
A,71,17,0,P1,1w3c1b,5w0c1b,40,39,B,33,false
A,71,17,1,P2,1w3c1b,5w0c1b,40,39,B,22,false
A,71,18,0,P1,1w3c1b,5w0c1b,40,39,A,28,false
A,71,18,1,P2,1w3c1b,5w0c1b,40,39,A,21,false
A,71,19,0,P1,1w3c1b,5w0c1b,40,39,B,22,false
A,71,19,1,P2,1w3c1b,5w0c1b,40,39,A,29,false
A,71,20,0,P1,1w3c1b,5w0c1b,40,39,A,25,false
A,71,20,1,P2,1w3c1b,5w0c1b,40,39,B,29,false
A,72,1,0,P1,1w3c1b,5w2c0b,40,39,B,18,false
A,72,1,1,P2,1w3c1b,5w2c0b,40,39,B,21,false
A,72,2,0,P1,1w3c1b,5w2c0b,40,39,B,18,false
A,72,2,1,P2,1w3c1b,5w2c0b,40,39,A,22,false
A,72,3,0,P1,1w3c1b,5w2c0b,40,39,B,19,false
A,72,3,1,P2,1w3c1b,5w2c0b,40,39,A,28,false
A,72,4,0,P1,1w3c1b,5w2c0b,40,39,A,23,false
A,72,4,1,P2,1w3c1b,5w2c0b,40,39,A,22,false
A,72,5,0,P1,1w3c1b,5w2c0b,40,39,A,22,false
A,72,5,1,P2,1w3c1b,5w2c0b,40,39,B,21,false
A,72,6,0,P1,1w3c1b,5w2c0b,40,39,B,16,false
A,72,6,1,P2,1w3c1b,5w2c0b,40,39,B,29,false
A,72,7,0,P1,1w3c1b,5w2c0b,40,39,A,19,false
A,72,7,1,P2,1w3c1b,5w2c0b,40,39,B,21,false
A,72,8,0,P1,1w3c1b,5w2c0b,40,39,A,19,false
A,72,8,1,P2,1w3c1b,5w2c0b,40,39,A,26,false
A,72,9,0,P1,1w3c1b,5w2c0b,40,39,B,20,false
A,72,9,1,P2,1w3c1b,5w2c0b,40,39,B,17,false
A,72,10,0,P1,1w3c1b,5w2c0b,40,39,A,32,false
A,72,10,1,P2,1w3c1b,5w2c0b,40,39,B,21,false
A,72,11,0,P1,1w3c1b,5w2c0b,40,39,B,16,false
A,72,11,1,P2,1w3c1b,5w2c0b,40,39,A,18,false
A,72,12,0,P1,1w3c1b,5w2c0b,40,39,B,16,false
A,72,12,1,P2,1w3c1b,5w2c0b,40,39,B,15,false
A,72,13,0,P1,1w3c1b,5w2c0b,40,39,B,24,false
A,72,13,1,P2,1w3c1b,5w2c0b,40,39,B,17,false
A,72,14,0,P1,1w3c1b,5w2c0b,40,39,B,23,false
A,72,14,1,P2,1w3c1b,5w2c0b,40,39,B,27,false
A,72,15,0,P1,1w3c1b,5w2c0b,40,39,B,22,false
A,72,15,1,P2,1w3c1b,5w2c0b,40,39,B,17,false
A,72,16,0,P1,1w3c1b,5w2c0b,40,39,B,18,false
A,72,16,1,P2,1w3c1b,5w2c0b,40,39,A,27,false
A,72,17,0,P1,1w3c1b,5w2c0b,40,39,A,23,false
A,72,17,1,P2,1w3c1b,5w2c0b,40,39,A,29,false
A,72,18,0,P1,1w3c1b,5w2c0b,40,39,A,24,false
A,72,18,1,P2,1w3c1b,5w2c0b,40,39,A,23,false
A,72,19,0,P1,1w3c1b,5w2c0b,40,39,B,23,false
A,72,19,1,P2,1w3c1b,5w2c0b,40,39,B,21,false
A,72,20,0,P1,1w3c1b,5w2c0b,40,39,A,23,false
A,72,20,1,P2,1w3c1b,5w2c0b,40,39,B,21,false
A,73,1,0,P1,1w3c1b,7w1c0b,40,42,A,22,false
A,73,1,1,P2,1w3c1b,7w1c0b,40,42,A,24,false
A,73,2,0,P1,1w3c1b,7w1c0b,40,42,B,20,false
A,73,2,1,P2,1w3c1b,7w1c0b,40,42,B,37,false
A,73,3,0,P1,1w3c1b,7w1c0b,40,42,B,33,false
A,73,3,1,P2,1w3c1b,7w1c0b,40,42,A,23,false
A,73,4,0,P1,1w3c1b,7w1c0b,40,42,B,20,false
A,73,4,1,P2,1w3c1b,7w1c0b,40,42,B,25,false
A,73,5,0,P1,1w3c1b,7w1c0b,40,42,A,19,false
A,73,5,1,P2,1w3c1b,7w1c0b,40,42,A,27,false
A,73,6,0,P1,1w3c1b,7w1c0b,40,42,B,18,false
A,73,6,1,P2,1w3c1b,7w1c0b,40,42,B,19,false
A,73,7,0,P1,1w3c1b,7w1c0b,40,42,A,24,false
A,73,7,1,P2,1w3c1b,7w1c0b,40,42,draw,100,true
A,73,8,0,P1,1w3c1b,7w1c0b,40,42,A,30,false
A,73,8,1,P2,1w3c1b,7w1c0b,40,42,B,19,false
A,73,9,0,P1,1w3c1b,7w1c0b,40,42,A,26,false
A,73,9,1,P2,1w3c1b,7w1c0b,40,42,B,21,false
A,73,10,0,P1,1w3c1b,7w1c0b,40,42,B,28,false
A,73,10,1,P2,1w3c1b,7w1c0b,40,42,B,25,false
A,73,11,0,P1,1w3c1b,7w1c0b,40,42,B,16,false
A,73,11,1,P2,1w3c1b,7w1c0b,40,42,B,15,false
A,73,12,0,P1,1w3c1b,7w1c0b,40,42,B,18,false
A,73,12,1,P2,1w3c1b,7w1c0b,40,42,B,25,false
A,73,13,0,P1,1w3c1b,7w1c0b,40,42,B,24,false
A,73,13,1,P2,1w3c1b,7w1c0b,40,42,A,23,false
A,73,14,0,P1,1w3c1b,7w1c0b,40,42,B,22,false
A,73,14,1,P2,1w3c1b,7w1c0b,40,42,B,21,false
A,73,15,0,P1,1w3c1b,7w1c0b,40,42,B,20,false
A,73,15,1,P2,1w3c1b,7w1c0b,40,42,A,47,false
A,73,16,0,P1,1w3c1b,7w1c0b,40,42,B,18,false
A,73,16,1,P2,1w3c1b,7w1c0b,40,42,B,19,false
A,73,17,0,P1,1w3c1b,7w1c0b,40,42,B,28,false
A,73,17,1,P2,1w3c1b,7w1c0b,40,42,B,23,false
A,73,18,0,P1,1w3c1b,7w1c0b,40,42,B,17,false
A,73,18,1,P2,1w3c1b,7w1c0b,40,42,B,19,false
A,73,19,0,P1,1w3c1b,7w1c0b,40,42,B,25,false
A,73,19,1,P2,1w3c1b,7w1c0b,40,42,A,20,false
A,73,20,0,P1,1w3c1b,7w1c0b,40,42,B,20,false
A,73,20,1,P2,1w3c1b,7w1c0b,40,42,B,26,false
A,74,1,0,P1,1w3c1b,8w0c0b,40,40,A,31,false
A,74,1,1,P2,1w3c1b,8w0c0b,40,40,B,19,false
A,74,2,0,P1,1w3c1b,8w0c0b,40,40,B,20,false
A,74,2,1,P2,1w3c1b,8w0c0b,40,40,B,27,false
A,74,3,0,P1,1w3c1b,8w0c0b,40,40,B,18,false
A,74,3,1,P2,1w3c1b,8w0c0b,40,40,B,25,false
A,74,4,0,P1,1w3c1b,8w0c0b,40,40,A,23,false
A,74,4,1,P2,1w3c1b,8w0c0b,40,40,B,25,false
A,74,5,0,P1,1w3c1b,8w0c0b,40,40,A,19,false
A,74,5,1,P2,1w3c1b,8w0c0b,40,40,A,30,false
A,74,6,0,P1,1w3c1b,8w0c0b,40,40,B,18,false
A,74,6,1,P2,1w3c1b,8w0c0b,40,40,A,27,false
A,74,7,0,P1,1w3c1b,8w0c0b,40,40,B,19,false
A,74,7,1,P2,1w3c1b,8w0c0b,40,40,B,21,false
A,74,8,0,P1,1w3c1b,8w0c0b,40,40,B,22,false
A,74,8,1,P2,1w3c1b,8w0c0b,40,40,A,24,false
A,74,9,0,P1,1w3c1b,8w0c0b,40,40,B,26,false
A,74,9,1,P2,1w3c1b,8w0c0b,40,40,B,19,false
A,74,10,0,P1,1w3c1b,8w0c0b,40,40,B,26,false
A,74,10,1,P2,1w3c1b,8w0c0b,40,40,B,23,false
A,74,11,0,P1,1w3c1b,8w0c0b,40,40,B,16,false
A,74,11,1,P2,1w3c1b,8w0c0b,40,40,B,21,false
A,74,12,0,P1,1w3c1b,8w0c0b,40,40,B,18,false
A,74,12,1,P2,1w3c1b,8w0c0b,40,40,B,21,false
A,74,13,0,P1,1w3c1b,8w0c0b,40,40,B,22,false
A,74,13,1,P2,1w3c1b,8w0c0b,40,40,B,29,false
A,74,14,0,P1,1w3c1b,8w0c0b,40,40,A,24,false
A,74,14,1,P2,1w3c1b,8w0c0b,40,40,B,23,false
A,74,15,0,P1,1w3c1b,8w0c0b,40,40,B,20,false
A,74,15,1,P2,1w3c1b,8w0c0b,40,40,B,25,false
A,74,16,0,P1,1w3c1b,8w0c0b,40,40,B,22,false
A,74,16,1,P2,1w3c1b,8w0c0b,40,40,A,25,false
A,74,17,0,P1,1w3c1b,8w0c0b,40,40,B,24,false
A,74,17,1,P2,1w3c1b,8w0c0b,40,40,B,27,false
A,74,18,0,P1,1w3c1b,8w0c0b,40,40,A,22,false
A,74,18,1,P2,1w3c1b,8w0c0b,40,40,B,17,false
A,74,19,0,P1,1w3c1b,8w0c0b,40,40,B,26,false
A,74,19,1,P2,1w3c1b,8w0c0b,40,40,A,20,false
A,74,20,0,P1,1w3c1b,8w0c0b,40,40,B,20,false
A,74,20,1,P2,1w3c1b,8w0c0b,40,40,B,23,false
A,75,1,0,P1,1w5c0b,2w0c2b,40,38,B,19,false
A,75,1,1,P2,1w5c0b,2w0c2b,40,38,A,18,false
A,75,2,0,P1,1w5c0b,2w0c2b,40,38,B,24,false
A,75,2,1,P2,1w5c0b,2w0c2b,40,38,A,18,false
A,75,3,0,P1,1w5c0b,2w0c2b,40,38,A,15,false
A,75,3,1,P2,1w5c0b,2w0c2b,40,38,A,30,false
A,75,4,0,P1,1w5c0b,2w0c2b,40,38,A,29,false
A,75,4,1,P2,1w5c0b,2w0c2b,40,38,A,20,false
A,75,5,0,P1,1w5c0b,2w0c2b,40,38,A,23,false
A,75,5,1,P2,1w5c0b,2w0c2b,40,38,A,20,false
A,75,6,0,P1,1w5c0b,2w0c2b,40,38,A,13,false
A,75,6,1,P2,1w5c0b,2w0c2b,40,38,A,23,false
A,75,7,0,P1,1w5c0b,2w0c2b,40,38,A,17,false
A,75,7,1,P2,1w5c0b,2w0c2b,40,38,A,16,false
A,75,8,0,P1,1w5c0b,2w0c2b,40,38,A,19,false
A,75,8,1,P2,1w5c0b,2w0c2b,40,38,A,18,false
A,75,9,0,P1,1w5c0b,2w0c2b,40,38,B,25,false
A,75,9,1,P2,1w5c0b,2w0c2b,40,38,A,18,false
A,75,10,0,P1,1w5c0b,2w0c2b,40,38,A,19,false
A,75,10,1,P2,1w5c0b,2w0c2b,40,38,A,22,false
A,75,11,0,P1,1w5c0b,2w0c2b,40,38,B,18,false
A,75,11,1,P2,1w5c0b,2w0c2b,40,38,A,17,false
A,75,12,0,P1,1w5c0b,2w0c2b,40,38,A,17,false
A,75,12,1,P2,1w5c0b,2w0c2b,40,38,B,25,false
A,75,13,0,P1,1w5c0b,2w0c2b,40,38,B,20,false
A,75,13,1,P2,1w5c0b,2w0c2b,40,38,A,16,false
A,75,14,0,P1,1w5c0b,2w0c2b,40,38,A,21,false
A,75,14,1,P2,1w5c0b,2w0c2b,40,38,A,18,false
A,75,15,0,P1,1w5c0b,2w0c2b,40,38,A,23,false
A,75,15,1,P2,1w5c0b,2w0c2b,40,38,B,26,false
A,75,16,0,P1,1w5c0b,2w0c2b,40,38,A,17,false
A,75,16,1,P2,1w5c0b,2w0c2b,40,38,A,22,false
A,75,17,0,P1,1w5c0b,2w0c2b,40,38,A,25,false
A,75,17,1,P2,1w5c0b,2w0c2b,40,38,A,28,false
A,75,18,0,P1,1w5c0b,2w0c2b,40,38,A,15,false
A,75,18,1,P2,1w5c0b,2w0c2b,40,38,A,22,false
A,75,19,0,P1,1w5c0b,2w0c2b,40,38,A,17,false
A,75,19,1,P2,1w5c0b,2w0c2b,40,38,A,14,false
A,75,20,0,P1,1w5c0b,2w0c2b,40,38,A,19,false
A,75,20,1,P2,1w5c0b,2w0c2b,40,38,A,18,false
A,76,1,0,P1,1w5c0b,2w2c1b,40,38,A,15,false
A,76,1,1,P2,1w5c0b,2w2c1b,40,38,A,18,false
A,76,2,0,P1,1w5c0b,2w2c1b,40,38,A,27,false
A,76,2,1,P2,1w5c0b,2w2c1b,40,38,A,20,false
A,76,3,0,P1,1w5c0b,2w2c1b,40,38,A,19,false
A,76,3,1,P2,1w5c0b,2w2c1b,40,38,B,19,false
A,76,4,0,P1,1w5c0b,2w2c1b,40,38,A,23,false
A,76,4,1,P2,1w5c0b,2w2c1b,40,38,A,22,false
A,76,5,0,P1,1w5c0b,2w2c1b,40,38,A,23,false
A,76,5,1,P2,1w5c0b,2w2c1b,40,38,A,20,false
A,76,6,0,P1,1w5c0b,2w2c1b,40,38,B,18,false
A,76,6,1,P2,1w5c0b,2w2c1b,40,38,B,15,false
A,76,7,0,P1,1w5c0b,2w2c1b,40,38,A,27,false
A,76,7,1,P2,1w5c0b,2w2c1b,40,38,A,18,false
A,76,8,0,P1,1w5c0b,2w2c1b,40,38,A,19,false
A,76,8,1,P2,1w5c0b,2w2c1b,40,38,B,21,false
A,76,9,0,P1,1w5c0b,2w2c1b,40,38,A,21,false
A,76,9,1,P2,1w5c0b,2w2c1b,40,38,A,16,false
A,76,10,0,P1,1w5c0b,2w2c1b,40,38,B,20,false
A,76,10,1,P2,1w5c0b,2w2c1b,40,38,A,18,false
A,76,11,0,P1,1w5c0b,2w2c1b,40,38,B,26,false
A,76,11,1,P2,1w5c0b,2w2c1b,40,38,B,25,false
A,76,12,0,P1,1w5c0b,2w2c1b,40,38,A,15,false
A,76,12,1,P2,1w5c0b,2w2c1b,40,38,A,18,false
A,76,13,0,P1,1w5c0b,2w2c1b,40,38,A,17,false
A,76,13,1,P2,1w5c0b,2w2c1b,40,38,A,14,false
A,76,14,0,P1,1w5c0b,2w2c1b,40,38,A,26,false
A,76,14,1,P2,1w5c0b,2w2c1b,40,38,A,24,false
A,76,15,0,P1,1w5c0b,2w2c1b,40,38,B,18,false
A,76,15,1,P2,1w5c0b,2w2c1b,40,38,A,18,false
A,76,16,0,P1,1w5c0b,2w2c1b,40,38,B,17,false
A,76,16,1,P2,1w5c0b,2w2c1b,40,38,B,25,false
A,76,17,0,P1,1w5c0b,2w2c1b,40,38,A,23,false
A,76,17,1,P2,1w5c0b,2w2c1b,40,38,A,20,false
A,76,18,0,P1,1w5c0b,2w2c1b,40,38,B,16,false
A,76,18,1,P2,1w5c0b,2w2c1b,40,38,B,24,false
A,76,19,0,P1,1w5c0b,2w2c1b,40,38,A,21,false
A,76,19,1,P2,1w5c0b,2w2c1b,40,38,A,24,false
A,76,20,0,P1,1w5c0b,2w2c1b,40,38,B,24,false
A,76,20,1,P2,1w5c0b,2w2c1b,40,38,A,20,false
A,77,1,0,P1,1w5c0b,2w4c0b,40,38,A,25,false
A,77,1,1,P2,1w5c0b,2w4c0b,40,38,B,23,false
A,77,2,0,P1,1w5c0b,2w4c0b,40,38,A,39,false
A,77,2,1,P2,1w5c0b,2w4c0b,40,38,B,25,false
A,77,3,0,P1,1w5c0b,2w4c0b,40,38,A,19,false
A,77,3,1,P2,1w5c0b,2w4c0b,40,38,A,18,false
A,77,4,0,P1,1w5c0b,2w4c0b,40,38,B,26,false
A,77,4,1,P2,1w5c0b,2w4c0b,40,38,A,20,false
A,77,5,0,P1,1w5c0b,2w4c0b,40,38,B,28,false
A,77,5,1,P2,1w5c0b,2w4c0b,40,38,A,20,false
A,77,6,0,P1,1w5c0b,2w4c0b,40,38,B,20,false
A,77,6,1,P2,1w5c0b,2w4c0b,40,38,A,17,false
A,77,7,0,P1,1w5c0b,2w4c0b,40,38,B,18,false
A,77,7,1,P2,1w5c0b,2w4c0b,40,38,A,27,false
A,77,8,0,P1,1w5c0b,2w4c0b,40,38,A,17,false
A,77,8,1,P2,1w5c0b,2w4c0b,40,38,A,20,false
A,77,9,0,P1,1w5c0b,2w4c0b,40,38,B,24,false
A,77,9,1,P2,1w5c0b,2w4c0b,40,38,A,25,false
A,77,10,0,P1,1w5c0b,2w4c0b,40,38,A,19,false
A,77,10,1,P2,1w5c0b,2w4c0b,40,38,A,29,false
A,77,11,0,P1,1w5c0b,2w4c0b,40,38,A,19,false
A,77,11,1,P2,1w5c0b,2w4c0b,40,38,A,19,false
A,77,12,0,P1,1w5c0b,2w4c0b,40,38,A,17,false
A,77,12,1,P2,1w5c0b,2w4c0b,40,38,B,17,false
A,77,13,0,P1,1w5c0b,2w4c0b,40,38,A,17,false
A,77,13,1,P2,1w5c0b,2w4c0b,40,38,B,23,false
A,77,14,0,P1,1w5c0b,2w4c0b,40,38,B,18,false
A,77,14,1,P2,1w5c0b,2w4c0b,40,38,A,16,false
A,77,15,0,P1,1w5c0b,2w4c0b,40,38,B,22,false
A,77,15,1,P2,1w5c0b,2w4c0b,40,38,A,14,false
A,77,16,0,P1,1w5c0b,2w4c0b,40,38,A,19,false
A,77,16,1,P2,1w5c0b,2w4c0b,40,38,B,19,false
A,77,17,0,P1,1w5c0b,2w4c0b,40,38,A,21,false
A,77,17,1,P2,1w5c0b,2w4c0b,40,38,B,23,false
A,77,18,0,P1,1w5c0b,2w4c0b,40,38,B,16,false
A,77,18,1,P2,1w5c0b,2w4c0b,40,38,B,27,false
A,77,19,0,P1,1w5c0b,2w4c0b,40,38,B,24,false
A,77,19,1,P2,1w5c0b,2w4c0b,40,38,A,18,false
A,77,20,0,P1,1w5c0b,2w4c0b,40,38,B,18,false
A,77,20,1,P2,1w5c0b,2w4c0b,40,38,B,17,false
A,78,1,0,P1,1w5c0b,4w1c1b,40,41,B,22,false
A,78,1,1,P2,1w5c0b,4w1c1b,40,41,A,27,false
A,78,2,0,P1,1w5c0b,4w1c1b,40,41,A,35,false
A,78,2,1,P2,1w5c0b,4w1c1b,40,41,A,20,false
A,78,3,0,P1,1w5c0b,4w1c1b,40,41,B,19,false
A,78,3,1,P2,1w5c0b,4w1c1b,40,41,A,25,false
A,78,4,0,P1,1w5c0b,4w1c1b,40,41,B,26,false
A,78,4,1,P2,1w5c0b,4w1c1b,40,41,A,20,false
A,78,5,0,P1,1w5c0b,4w1c1b,40,41,B,22,false
A,78,5,1,P2,1w5c0b,4w1c1b,40,41,A,16,false
A,78,6,0,P1,1w5c0b,4w1c1b,40,41,A,27,false
A,78,6,1,P2,1w5c0b,4w1c1b,40,41,A,24,false
A,78,7,0,P1,1w5c0b,4w1c1b,40,41,B,32,false
A,78,7,1,P2,1w5c0b,4w1c1b,40,41,A,16,false
A,78,8,0,P1,1w5c0b,4w1c1b,40,41,A,25,false
A,78,8,1,P2,1w5c0b,4w1c1b,40,41,A,20,false
A,78,9,0,P1,1w5c0b,4w1c1b,40,41,B,26,false
A,78,9,1,P2,1w5c0b,4w1c1b,40,41,B,21,false
A,78,10,0,P1,1w5c0b,4w1c1b,40,41,A,23,false
A,78,10,1,P2,1w5c0b,4w1c1b,40,41,B,17,false
A,78,11,0,P1,1w5c0b,4w1c1b,40,41,B,20,false
A,78,11,1,P2,1w5c0b,4w1c1b,40,41,A,24,false
A,78,12,0,P1,1w5c0b,4w1c1b,40,41,B,32,false
A,78,12,1,P2,1w5c0b,4w1c1b,40,41,A,16,false
A,78,13,0,P1,1w5c0b,4w1c1b,40,41,B,28,false
A,78,13,1,P2,1w5c0b,4w1c1b,40,41,A,27,false
A,78,14,0,P1,1w5c0b,4w1c1b,40,41,A,19,false
A,78,14,1,P2,1w5c0b,4w1c1b,40,41,A,18,false
A,78,15,0,P1,1w5c0b,4w1c1b,40,41,A,19,false
A,78,15,1,P2,1w5c0b,4w1c1b,40,41,A,20,false
A,78,16,0,P1,1w5c0b,4w1c1b,40,41,A,19,false
A,78,16,1,P2,1w5c0b,4w1c1b,40,41,B,19,false
A,78,17,0,P1,1w5c0b,4w1c1b,40,41,A,34,false
A,78,17,1,P2,1w5c0b,4w1c1b,40,41,A,32,false
A,78,18,0,P1,1w5c0b,4w1c1b,40,41,B,18,false
A,78,18,1,P2,1w5c0b,4w1c1b,40,41,B,23,false
A,78,19,0,P1,1w5c0b,4w1c1b,40,41,A,23,false
A,78,19,1,P2,1w5c0b,4w1c1b,40,41,A,33,false
A,78,20,0,P1,1w5c0b,4w1c1b,40,41,A,17,false
A,78,20,1,P2,1w5c0b,4w1c1b,40,41,B,25,false
A,79,1,0,P1,1w5c0b,4w3c0b,40,41,A,25,false
A,79,1,1,P2,1w5c0b,4w3c0b,40,41,A,22,false
A,79,2,0,P1,1w5c0b,4w3c0b,40,41,A,30,false
A,79,2,1,P2,1w5c0b,4w3c0b,40,41,B,18,false
A,79,3,0,P1,1w5c0b,4w3c0b,40,41,A,23,false
A,79,3,1,P2,1w5c0b,4w3c0b,40,41,B,20,false
A,79,4,0,P1,1w5c0b,4w3c0b,40,41,B,30,false
A,79,4,1,P2,1w5c0b,4w3c0b,40,41,B,17,false
A,79,5,0,P1,1w5c0b,4w3c0b,40,41,A,24,false
A,79,5,1,P2,1w5c0b,4w3c0b,40,41,B,19,false
A,79,6,0,P1,1w5c0b,4w3c0b,40,41,B,20,false
A,79,6,1,P2,1w5c0b,4w3c0b,40,41,B,15,false
A,79,7,0,P1,1w5c0b,4w3c0b,40,41,A,19,false
A,79,7,1,P2,1w5c0b,4w3c0b,40,41,A,28,false
A,79,8,0,P1,1w5c0b,4w3c0b,40,41,B,17,false
A,79,8,1,P2,1w5c0b,4w3c0b,40,41,A,24,false
A,79,9,0,P1,1w5c0b,4w3c0b,40,41,B,34,false
A,79,9,1,P2,1w5c0b,4w3c0b,40,41,B,17,false
A,79,10,0,P1,1w5c0b,4w3c0b,40,41,A,23,false
A,79,10,1,P2,1w5c0b,4w3c0b,40,41,A,20,false
A,79,11,0,P1,1w5c0b,4w3c0b,40,41,B,20,false
A,79,11,1,P2,1w5c0b,4w3c0b,40,41,B,25,false
A,79,12,0,P1,1w5c0b,4w3c0b,40,41,B,27,false
A,79,12,1,P2,1w5c0b,4w3c0b,40,41,B,23,false
A,79,13,0,P1,1w5c0b,4w3c0b,40,41,A,25,false
A,79,13,1,P2,1w5c0b,4w3c0b,40,41,A,19,false
A,79,14,0,P1,1w5c0b,4w3c0b,40,41,A,23,false
A,79,14,1,P2,1w5c0b,4w3c0b,40,41,B,21,false
A,79,15,0,P1,1w5c0b,4w3c0b,40,41,B,20,false
A,79,15,1,P2,1w5c0b,4w3c0b,40,41,A,23,false
A,79,16,0,P1,1w5c0b,4w3c0b,40,41,A,19,false
A,79,16,1,P2,1w5c0b,4w3c0b,40,41,B,17,false
A,79,17,0,P1,1w5c0b,4w3c0b,40,41,A,31,false
A,79,17,1,P2,1w5c0b,4w3c0b,40,41,B,40,false
A,79,18,0,P1,1w5c0b,4w3c0b,40,41,B,16,false
A,79,18,1,P2,1w5c0b,4w3c0b,40,41,A,18,false
A,79,19,0,P1,1w5c0b,4w3c0b,40,41,B,16,false
A,79,19,1,P2,1w5c0b,4w3c0b,40,41,A,28,false
A,79,20,0,P1,1w5c0b,4w3c0b,40,41,B,24,false
A,79,20,1,P2,1w5c0b,4w3c0b,40,41,A,22,false
A,80,1,0,P1,1w5c0b,5w0c1b,40,39,A,17,false
A,80,1,1,P2,1w5c0b,5w0c1b,40,39,A,22,false
A,80,2,0,P1,1w5c0b,5w0c1b,40,39,B,27,false
A,80,2,1,P2,1w5c0b,5w0c1b,40,39,A,17,false
A,80,3,0,P1,1w5c0b,5w0c1b,40,39,B,20,false
A,80,3,1,P2,1w5c0b,5w0c1b,40,39,A,20,false
A,80,4,0,P1,1w5c0b,5w0c1b,40,39,B,35,false
A,80,4,1,P2,1w5c0b,5w0c1b,40,39,A,22,false
A,80,5,0,P1,1w5c0b,5w0c1b,40,39,A,27,false
A,80,5,1,P2,1w5c0b,5w0c1b,40,39,B,22,false
A,80,6,0,P1,1w5c0b,5w0c1b,40,39,A,23,false
A,80,6,1,P2,1w5c0b,5w0c1b,40,39,B,26,false
A,80,7,0,P1,1w5c0b,5w0c1b,40,39,A,16,false
A,80,7,1,P2,1w5c0b,5w0c1b,40,39,A,18,false
A,80,8,0,P1,1w5c0b,5w0c1b,40,39,A,19,false
A,80,8,1,P2,1w5c0b,5w0c1b,40,39,A,27,false
A,80,9,0,P1,1w5c0b,5w0c1b,40,39,B,27,false
A,80,9,1,P2,1w5c0b,5w0c1b,40,39,A,24,false
A,80,10,0,P1,1w5c0b,5w0c1b,40,39,A,29,false
A,80,10,1,P2,1w5c0b,5w0c1b,40,39,B,19,false
A,80,11,0,P1,1w5c0b,5w0c1b,40,39,B,22,false
A,80,11,1,P2,1w5c0b,5w0c1b,40,39,A,16,false
A,80,12,0,P1,1w5c0b,5w0c1b,40,39,B,25,false
A,80,12,1,P2,1w5c0b,5w0c1b,40,39,A,18,false
A,80,13,0,P1,1w5c0b,5w0c1b,40,39,A,32,false
A,80,13,1,P2,1w5c0b,5w0c1b,40,39,A,20,false
A,80,14,0,P1,1w5c0b,5w0c1b,40,39,A,23,false
A,80,14,1,P2,1w5c0b,5w0c1b,40,39,B,17,false
A,80,15,0,P1,1w5c0b,5w0c1b,40,39,B,22,false
A,80,15,1,P2,1w5c0b,5w0c1b,40,39,A,16,false
A,80,16,0,P1,1w5c0b,5w0c1b,40,39,B,20,false
A,80,16,1,P2,1w5c0b,5w0c1b,40,39,B,19,false
A,80,17,0,P1,1w5c0b,5w0c1b,40,39,A,21,false
A,80,17,1,P2,1w5c0b,5w0c1b,40,39,A,26,false
A,80,18,0,P1,1w5c0b,5w0c1b,40,39,A,15,false
A,80,18,1,P2,1w5c0b,5w0c1b,40,39,B,25,false
A,80,19,0,P1,1w5c0b,5w0c1b,40,39,A,26,false
A,80,19,1,P2,1w5c0b,5w0c1b,40,39,B,35,false
A,80,20,0,P1,1w5c0b,5w0c1b,40,39,A,28,false
A,80,20,1,P2,1w5c0b,5w0c1b,40,39,A,28,false
A,81,1,0,P1,1w5c0b,5w2c0b,40,39,A,25,false
A,81,1,1,P2,1w5c0b,5w2c0b,40,39,B,25,false
A,81,2,0,P1,1w5c0b,5w2c0b,40,39,A,17,false
A,81,2,1,P2,1w5c0b,5w2c0b,40,39,B,27,false
A,81,3,0,P1,1w5c0b,5w2c0b,40,39,A,19,false
A,81,3,1,P2,1w5c0b,5w2c0b,40,39,A,26,false
A,81,4,0,P1,1w5c0b,5w2c0b,40,39,B,22,false
A,81,4,1,P2,1w5c0b,5w2c0b,40,39,B,23,false
A,81,5,0,P1,1w5c0b,5w2c0b,40,39,A,24,false
A,81,5,1,P2,1w5c0b,5w2c0b,40,39,A,26,false
A,81,6,0,P1,1w5c0b,5w2c0b,40,39,B,22,false
A,81,6,1,P2,1w5c0b,5w2c0b,40,39,B,15,false
A,81,7,0,P1,1w5c0b,5w2c0b,40,39,B,18,false
A,81,7,1,P2,1w5c0b,5w2c0b,40,39,A,24,false
A,81,8,0,P1,1w5c0b,5w2c0b,40,39,B,16,false
A,81,8,1,P2,1w5c0b,5w2c0b,40,39,A,20,false
A,81,9,0,P1,1w5c0b,5w2c0b,40,39,B,40,false
A,81,9,1,P2,1w5c0b,5w2c0b,40,39,A,22,false
A,81,10,0,P1,1w5c0b,5w2c0b,40,39,A,22,false
A,81,10,1,P2,1w5c0b,5w2c0b,40,39,A,16,false
A,81,11,0,P1,1w5c0b,5w2c0b,40,39,A,15,false
A,81,11,1,P2,1w5c0b,5w2c0b,40,39,B,29,false
A,81,12,0,P1,1w5c0b,5w2c0b,40,39,B,16,false
A,81,12,1,P2,1w5c0b,5w2c0b,40,39,A,17,false
A,81,13,0,P1,1w5c0b,5w2c0b,40,39,A,31,false
A,81,13,1,P2,1w5c0b,5w2c0b,40,39,B,19,false
A,81,14,0,P1,1w5c0b,5w2c0b,40,39,A,34,false
A,81,14,1,P2,1w5c0b,5w2c0b,40,39,B,19,false
A,81,15,0,P1,1w5c0b,5w2c0b,40,39,B,22,false
A,81,15,1,P2,1w5c0b,5w2c0b,40,39,A,26,false
A,81,16,0,P1,1w5c0b,5w2c0b,40,39,A,16,false
A,81,16,1,P2,1w5c0b,5w2c0b,40,39,B,17,false
A,81,17,0,P1,1w5c0b,5w2c0b,40,39,B,26,false
A,81,17,1,P2,1w5c0b,5w2c0b,40,39,B,36,false
A,81,18,0,P1,1w5c0b,5w2c0b,40,39,B,16,false
A,81,18,1,P2,1w5c0b,5w2c0b,40,39,A,26,false
A,81,19,0,P1,1w5c0b,5w2c0b,40,39,B,19,false
A,81,19,1,P2,1w5c0b,5w2c0b,40,39,B,29,false
A,81,20,0,P1,1w5c0b,5w2c0b,40,39,A,26,false
A,81,20,1,P2,1w5c0b,5w2c0b,40,39,A,20,false
A,82,1,0,P1,1w5c0b,7w1c0b,40,42,A,21,false
A,82,1,1,P2,1w5c0b,7w1c0b,40,42,B,26,false
A,82,2,0,P1,1w5c0b,7w1c0b,40,42,B,28,false
A,82,2,1,P2,1w5c0b,7w1c0b,40,42,B,23,false
A,82,3,0,P1,1w5c0b,7w1c0b,40,42,B,18,false
A,82,3,1,P2,1w5c0b,7w1c0b,40,42,B,19,false
A,82,4,0,P1,1w5c0b,7w1c0b,40,42,B,26,false
A,82,4,1,P2,1w5c0b,7w1c0b,40,42,B,21,false
A,82,5,0,P1,1w5c0b,7w1c0b,40,42,A,19,false
A,82,5,1,P2,1w5c0b,7w1c0b,40,42,A,18,false
A,82,6,0,P1,1w5c0b,7w1c0b,40,42,B,20,false
A,82,6,1,P2,1w5c0b,7w1c0b,40,42,B,21,false
A,82,7,0,P1,1w5c0b,7w1c0b,40,42,B,24,false
A,82,7,1,P2,1w5c0b,7w1c0b,40,42,B,17,false
A,82,8,0,P1,1w5c0b,7w1c0b,40,42,A,23,false
A,82,8,1,P2,1w5c0b,7w1c0b,40,42,B,17,false
A,82,9,0,P1,1w5c0b,7w1c0b,40,42,B,20,false
A,82,9,1,P2,1w5c0b,7w1c0b,40,42,B,19,false
A,82,10,0,P1,1w5c0b,7w1c0b,40,42,B,20,false
A,82,10,1,P2,1w5c0b,7w1c0b,40,42,B,19,false
A,82,11,0,P1,1w5c0b,7w1c0b,40,42,B,16,false
A,82,11,1,P2,1w5c0b,7w1c0b,40,42,A,17,false
A,82,12,0,P1,1w5c0b,7w1c0b,40,42,B,24,false
A,82,12,1,P2,1w5c0b,7w1c0b,40,42,B,17,false
A,82,13,0,P1,1w5c0b,7w1c0b,40,42,B,20,false
A,82,13,1,P2,1w5c0b,7w1c0b,40,42,B,19,false
A,82,14,0,P1,1w5c0b,7w1c0b,40,42,A,30,false
A,82,14,1,P2,1w5c0b,7w1c0b,40,42,B,25,false
A,82,15,0,P1,1w5c0b,7w1c0b,40,42,A,17,false
A,82,15,1,P2,1w5c0b,7w1c0b,40,42,A,20,false
A,82,16,0,P1,1w5c0b,7w1c0b,40,42,B,20,false
A,82,16,1,P2,1w5c0b,7w1c0b,40,42,B,21,false
A,82,17,0,P1,1w5c0b,7w1c0b,40,42,A,32,false
A,82,17,1,P2,1w5c0b,7w1c0b,40,42,B,23,false
A,82,18,0,P1,1w5c0b,7w1c0b,40,42,B,14,false
A,82,18,1,P2,1w5c0b,7w1c0b,40,42,B,25,false
A,82,19,0,P1,1w5c0b,7w1c0b,40,42,B,22,false
A,82,19,1,P2,1w5c0b,7w1c0b,40,42,B,21,false
A,82,20,0,P1,1w5c0b,7w1c0b,40,42,B,24,false
A,82,20,1,P2,1w5c0b,7w1c0b,40,42,B,17,false
A,83,1,0,P1,1w5c0b,8w0c0b,40,40,A,17,false
A,83,1,1,P2,1w5c0b,8w0c0b,40,40,B,21,false
A,83,2,0,P1,1w5c0b,8w0c0b,40,40,A,25,false
A,83,2,1,P2,1w5c0b,8w0c0b,40,40,B,23,false
A,83,3,0,P1,1w5c0b,8w0c0b,40,40,B,18,false
A,83,3,1,P2,1w5c0b,8w0c0b,40,40,B,23,false
A,83,4,0,P1,1w5c0b,8w0c0b,40,40,B,27,false
A,83,4,1,P2,1w5c0b,8w0c0b,40,40,B,23,false
A,83,5,0,P1,1w5c0b,8w0c0b,40,40,A,29,false
A,83,5,1,P2,1w5c0b,8w0c0b,40,40,A,18,false
A,83,6,0,P1,1w5c0b,8w0c0b,40,40,B,18,false
A,83,6,1,P2,1w5c0b,8w0c0b,40,40,B,19,false
A,83,7,0,P1,1w5c0b,8w0c0b,40,40,A,30,false
A,83,7,1,P2,1w5c0b,8w0c0b,40,40,B,15,false
A,83,8,0,P1,1w5c0b,8w0c0b,40,40,A,24,false
A,83,8,1,P2,1w5c0b,8w0c0b,40,40,B,17,false
A,83,9,0,P1,1w5c0b,8w0c0b,40,40,B,22,false
A,83,9,1,P2,1w5c0b,8w0c0b,40,40,A,24,false
A,83,10,0,P1,1w5c0b,8w0c0b,40,40,B,23,false
A,83,10,1,P2,1w5c0b,8w0c0b,40,40,B,17,false
A,83,11,0,P1,1w5c0b,8w0c0b,40,40,B,16,false
A,83,11,1,P2,1w5c0b,8w0c0b,40,40,B,23,false
A,83,12,0,P1,1w5c0b,8w0c0b,40,40,B,20,false
A,83,12,1,P2,1w5c0b,8w0c0b,40,40,B,20,false
A,83,13,0,P1,1w5c0b,8w0c0b,40,40,A,21,false
A,83,13,1,P2,1w5c0b,8w0c0b,40,40,A,26,false
A,83,14,0,P1,1w5c0b,8w0c0b,40,40,B,22,false
A,83,14,1,P2,1w5c0b,8w0c0b,40,40,B,19,false
A,83,15,0,P1,1w5c0b,8w0c0b,40,40,A,25,false
A,83,15,1,P2,1w5c0b,8w0c0b,40,40,A,22,false
A,83,16,0,P1,1w5c0b,8w0c0b,40,40,A,17,false
A,83,16,1,P2,1w5c0b,8w0c0b,40,40,A,22,false
A,83,17,0,P1,1w5c0b,8w0c0b,40,40,A,32,false
A,83,17,1,P2,1w5c0b,8w0c0b,40,40,B,31,false
A,83,18,0,P1,1w5c0b,8w0c0b,40,40,B,17,false
A,83,18,1,P2,1w5c0b,8w0c0b,40,40,A,27,false
A,83,19,0,P1,1w5c0b,8w0c0b,40,40,B,18,false
A,83,19,1,P2,1w5c0b,8w0c0b,40,40,B,23,false
A,83,20,0,P1,1w5c0b,8w0c0b,40,40,B,24,false
A,83,20,1,P2,1w5c0b,8w0c0b,40,40,A,20,false
A,84,1,0,P1,2w0c2b,2w2c1b,38,38,B,20,false
A,84,1,1,P2,2w0c2b,2w2c1b,38,38,draw,100,true
A,84,2,0,P1,2w0c2b,2w2c1b,38,38,A,26,false
A,84,2,1,P2,2w0c2b,2w2c1b,38,38,B,25,false
A,84,3,0,P1,2w0c2b,2w2c1b,38,38,A,23,false
A,84,3,1,P2,2w0c2b,2w2c1b,38,38,A,23,false
A,84,4,0,P1,2w0c2b,2w2c1b,38,38,A,33,false
A,84,4,1,P2,2w0c2b,2w2c1b,38,38,B,23,false
A,84,5,0,P1,2w0c2b,2w2c1b,38,38,A,41,false
A,84,5,1,P2,2w0c2b,2w2c1b,38,38,A,38,false
A,84,6,0,P1,2w0c2b,2w2c1b,38,38,A,22,false
A,84,6,1,P2,2w0c2b,2w2c1b,38,38,B,21,false
A,84,7,0,P1,2w0c2b,2w2c1b,38,38,B,20,false
A,84,7,1,P2,2w0c2b,2w2c1b,38,38,B,19,false
A,84,8,0,P1,2w0c2b,2w2c1b,38,38,B,64,false
A,84,8,1,P2,2w0c2b,2w2c1b,38,38,B,25,false
A,84,9,0,P1,2w0c2b,2w2c1b,38,38,B,31,false
A,84,9,1,P2,2w0c2b,2w2c1b,38,38,B,20,false
A,84,10,0,P1,2w0c2b,2w2c1b,38,38,B,21,false
A,84,10,1,P2,2w0c2b,2w2c1b,38,38,B,43,false
A,84,11,0,P1,2w0c2b,2w2c1b,38,38,A,30,false
A,84,11,1,P2,2w0c2b,2w2c1b,38,38,B,33,false
A,84,12,0,P1,2w0c2b,2w2c1b,38,38,A,25,false
A,84,12,1,P2,2w0c2b,2w2c1b,38,38,B,19,false
A,84,13,0,P1,2w0c2b,2w2c1b,38,38,A,29,false
A,84,13,1,P2,2w0c2b,2w2c1b,38,38,B,17,false
A,84,14,0,P1,2w0c2b,2w2c1b,38,38,A,34,false
A,84,14,1,P2,2w0c2b,2w2c1b,38,38,B,19,false
A,84,15,0,P1,2w0c2b,2w2c1b,38,38,B,24,false
A,84,15,1,P2,2w0c2b,2w2c1b,38,38,A,26,false
A,84,16,0,P1,2w0c2b,2w2c1b,38,38,A,26,false
A,84,16,1,P2,2w0c2b,2w2c1b,38,38,A,22,false
A,84,17,0,P1,2w0c2b,2w2c1b,38,38,A,27,false
A,84,17,1,P2,2w0c2b,2w2c1b,38,38,B,29,false
A,84,18,0,P1,2w0c2b,2w2c1b,38,38,B,22,false
A,84,18,1,P2,2w0c2b,2w2c1b,38,38,B,39,false
A,84,19,0,P1,2w0c2b,2w2c1b,38,38,B,24,false
A,84,19,1,P2,2w0c2b,2w2c1b,38,38,A,38,false
A,84,20,0,P1,2w0c2b,2w2c1b,38,38,A,25,false
A,84,20,1,P2,2w0c2b,2w2c1b,38,38,A,24,false
A,85,1,0,P1,2w0c2b,2w4c0b,38,38,B,16,false
A,85,1,1,P2,2w0c2b,2w4c0b,38,38,B,21,false
A,85,2,0,P1,2w0c2b,2w4c0b,38,38,B,22,false
A,85,2,1,P2,2w0c2b,2w4c0b,38,38,B,17,false
A,85,3,0,P1,2w0c2b,2w4c0b,38,38,B,20,false
A,85,3,1,P2,2w0c2b,2w4c0b,38,38,B,23,false
A,85,4,0,P1,2w0c2b,2w4c0b,38,38,B,22,false
A,85,4,1,P2,2w0c2b,2w4c0b,38,38,A,32,false
A,85,5,0,P1,2w0c2b,2w4c0b,38,38,A,23,false
A,85,5,1,P2,2w0c2b,2w4c0b,38,38,B,19,false
A,85,6,0,P1,2w0c2b,2w4c0b,38,38,B,24,false
A,85,6,1,P2,2w0c2b,2w4c0b,38,38,A,20,false
A,85,7,0,P1,2w0c2b,2w4c0b,38,38,A,27,false
A,85,7,1,P2,2w0c2b,2w4c0b,38,38,A,21,false
A,85,8,0,P1,2w0c2b,2w4c0b,38,38,B,20,false
A,85,8,1,P2,2w0c2b,2w4c0b,38,38,A,23,false
A,85,9,0,P1,2w0c2b,2w4c0b,38,38,B,14,false
A,85,9,1,P2,2w0c2b,2w4c0b,38,38,B,19,false
A,85,10,0,P1,2w0c2b,2w4c0b,38,38,B,23,false
A,85,10,1,P2,2w0c2b,2w4c0b,38,38,B,27,false
A,85,11,0,P1,2w0c2b,2w4c0b,38,38,B,19,false
A,85,11,1,P2,2w0c2b,2w4c0b,38,38,B,17,false
A,85,12,0,P1,2w0c2b,2w4c0b,38,38,B,18,false
A,85,12,1,P2,2w0c2b,2w4c0b,38,38,B,23,false
A,85,13,0,P1,2w0c2b,2w4c0b,38,38,B,20,false
A,85,13,1,P2,2w0c2b,2w4c0b,38,38,B,19,false
A,85,14,0,P1,2w0c2b,2w4c0b,38,38,A,33,false
A,85,14,1,P2,2w0c2b,2w4c0b,38,38,B,19,false
A,85,15,0,P1,2w0c2b,2w4c0b,38,38,A,32,false
A,85,15,1,P2,2w0c2b,2w4c0b,38,38,B,21,false
A,85,16,0,P1,2w0c2b,2w4c0b,38,38,A,25,false
A,85,16,1,P2,2w0c2b,2w4c0b,38,38,B,17,false
A,85,17,0,P1,2w0c2b,2w4c0b,38,38,B,26,false
A,85,17,1,P2,2w0c2b,2w4c0b,38,38,B,25,false
A,85,18,0,P1,2w0c2b,2w4c0b,38,38,B,20,false
A,85,18,1,P2,2w0c2b,2w4c0b,38,38,B,21,false
A,85,19,0,P1,2w0c2b,2w4c0b,38,38,B,18,false
A,85,19,1,P2,2w0c2b,2w4c0b,38,38,B,21,false
A,85,20,0,P1,2w0c2b,2w4c0b,38,38,B,19,false
A,85,20,1,P2,2w0c2b,2w4c0b,38,38,B,30,false
A,86,1,0,P1,2w0c2b,4w1c1b,38,41,B,18,false
A,86,1,1,P2,2w0c2b,4w1c1b,38,41,B,19,false
A,86,2,0,P1,2w0c2b,4w1c1b,38,41,B,28,false
A,86,2,1,P2,2w0c2b,4w1c1b,38,41,B,23,false
A,86,3,0,P1,2w0c2b,4w1c1b,38,41,A,19,false
A,86,3,1,P2,2w0c2b,4w1c1b,38,41,A,24,false
A,86,4,0,P1,2w0c2b,4w1c1b,38,41,B,20,false
A,86,4,1,P2,2w0c2b,4w1c1b,38,41,B,29,false
A,86,5,0,P1,2w0c2b,4w1c1b,38,41,A,25,false
A,86,5,1,P2,2w0c2b,4w1c1b,38,41,A,33,false
A,86,6,0,P1,2w0c2b,4w1c1b,38,41,B,22,false
A,86,6,1,P2,2w0c2b,4w1c1b,38,41,B,23,false
A,86,7,0,P1,2w0c2b,4w1c1b,38,41,B,16,false
A,86,7,1,P2,2w0c2b,4w1c1b,38,41,B,21,false
A,86,8,0,P1,2w0c2b,4w1c1b,38,41,B,28,false
A,86,8,1,P2,2w0c2b,4w1c1b,38,41,B,31,false
A,86,9,0,P1,2w0c2b,4w1c1b,38,41,A,25,false
A,86,9,1,P2,2w0c2b,4w1c1b,38,41,B,41,false
A,86,10,0,P1,2w0c2b,4w1c1b,38,41,B,26,false
A,86,10,1,P2,2w0c2b,4w1c1b,38,41,B,19,false
A,86,11,0,P1,2w0c2b,4w1c1b,38,41,B,18,false
A,86,11,1,P2,2w0c2b,4w1c1b,38,41,B,19,false
A,86,12,0,P1,2w0c2b,4w1c1b,38,41,B,34,false
A,86,12,1,P2,2w0c2b,4w1c1b,38,41,B,25,false
A,86,13,0,P1,2w0c2b,4w1c1b,38,41,B,20,false
A,86,13,1,P2,2w0c2b,4w1c1b,38,41,B,21,false
A,86,14,0,P1,2w0c2b,4w1c1b,38,41,B,26,false
A,86,14,1,P2,2w0c2b,4w1c1b,38,41,B,31,false
A,86,15,0,P1,2w0c2b,4w1c1b,38,41,B,38,false
A,86,15,1,P2,2w0c2b,4w1c1b,38,41,B,23,false
A,86,16,0,P1,2w0c2b,4w1c1b,38,41,B,29,false
A,86,16,1,P2,2w0c2b,4w1c1b,38,41,B,19,false
A,86,17,0,P1,2w0c2b,4w1c1b,38,41,A,31,false
A,86,17,1,P2,2w0c2b,4w1c1b,38,41,B,33,false
A,86,18,0,P1,2w0c2b,4w1c1b,38,41,B,20,false
A,86,18,1,P2,2w0c2b,4w1c1b,38,41,B,17,false
A,86,19,0,P1,2w0c2b,4w1c1b,38,41,B,26,false
A,86,19,1,P2,2w0c2b,4w1c1b,38,41,B,19,false
A,86,20,0,P1,2w0c2b,4w1c1b,38,41,B,24,false
A,86,20,1,P2,2w0c2b,4w1c1b,38,41,B,35,false
A,87,1,0,P1,2w0c2b,4w3c0b,38,41,B,18,false
A,87,1,1,P2,2w0c2b,4w3c0b,38,41,B,17,false
A,87,2,0,P1,2w0c2b,4w3c0b,38,41,B,22,false
A,87,2,1,P2,2w0c2b,4w3c0b,38,41,B,19,false
A,87,3,0,P1,2w0c2b,4w3c0b,38,41,B,23,false
A,87,3,1,P2,2w0c2b,4w3c0b,38,41,B,23,false
A,87,4,0,P1,2w0c2b,4w3c0b,38,41,B,20,false
A,87,4,1,P2,2w0c2b,4w3c0b,38,41,B,23,false
A,87,5,0,P1,2w0c2b,4w3c0b,38,41,B,24,false
A,87,5,1,P2,2w0c2b,4w3c0b,38,41,B,21,false
A,87,6,0,P1,2w0c2b,4w3c0b,38,41,B,18,false
A,87,6,1,P2,2w0c2b,4w3c0b,38,41,B,19,false
A,87,7,0,P1,2w0c2b,4w3c0b,38,41,A,22,false
A,87,7,1,P2,2w0c2b,4w3c0b,38,41,B,22,false
A,87,8,0,P1,2w0c2b,4w3c0b,38,41,B,26,false
A,87,8,1,P2,2w0c2b,4w3c0b,38,41,B,23,false
A,87,9,0,P1,2w0c2b,4w3c0b,38,41,B,21,false
A,87,9,1,P2,2w0c2b,4w3c0b,38,41,B,17,false
A,87,10,0,P1,2w0c2b,4w3c0b,38,41,B,20,false
A,87,10,1,P2,2w0c2b,4w3c0b,38,41,A,22,false
A,87,11,0,P1,2w0c2b,4w3c0b,38,41,B,18,false
A,87,11,1,P2,2w0c2b,4w3c0b,38,41,B,19,false
A,87,12,0,P1,2w0c2b,4w3c0b,38,41,B,20,false
A,87,12,1,P2,2w0c2b,4w3c0b,38,41,A,24,false
A,87,13,0,P1,2w0c2b,4w3c0b,38,41,A,21,false
A,87,13,1,P2,2w0c2b,4w3c0b,38,41,B,17,false
A,87,14,0,P1,2w0c2b,4w3c0b,38,41,A,32,false
A,87,14,1,P2,2w0c2b,4w3c0b,38,41,B,31,false
A,87,15,0,P1,2w0c2b,4w3c0b,38,41,B,24,false
A,87,15,1,P2,2w0c2b,4w3c0b,38,41,B,30,false
A,87,16,0,P1,2w0c2b,4w3c0b,38,41,B,22,false
A,87,16,1,P2,2w0c2b,4w3c0b,38,41,B,19,false
A,87,17,0,P1,2w0c2b,4w3c0b,38,41,B,24,false
A,87,17,1,P2,2w0c2b,4w3c0b,38,41,B,27,false
A,87,18,0,P1,2w0c2b,4w3c0b,38,41,B,22,false
A,87,18,1,P2,2w0c2b,4w3c0b,38,41,A,24,false
A,87,19,0,P1,2w0c2b,4w3c0b,38,41,B,20,false
A,87,19,1,P2,2w0c2b,4w3c0b,38,41,A,30,false
A,87,20,0,P1,2w0c2b,4w3c0b,38,41,B,18,false
A,87,20,1,P2,2w0c2b,4w3c0b,38,41,B,23,false
A,88,1,0,P1,2w0c2b,5w0c1b,38,39,B,24,false
A,88,1,1,P2,2w0c2b,5w0c1b,38,39,B,21,false
A,88,2,0,P1,2w0c2b,5w0c1b,38,39,A,28,false
A,88,2,1,P2,2w0c2b,5w0c1b,38,39,B,21,false
A,88,3,0,P1,2w0c2b,5w0c1b,38,39,A,25,false
A,88,3,1,P2,2w0c2b,5w0c1b,38,39,B,19,false
A,88,4,0,P1,2w0c2b,5w0c1b,38,39,B,22,false
A,88,4,1,P2,2w0c2b,5w0c1b,38,39,A,37,false
A,88,5,0,P1,2w0c2b,5w0c1b,38,39,A,23,false
A,88,5,1,P2,2w0c2b,5w0c1b,38,39,B,35,false
A,88,6,0,P1,2w0c2b,5w0c1b,38,39,B,19,false
A,88,6,1,P2,2w0c2b,5w0c1b,38,39,B,21,false
A,88,7,0,P1,2w0c2b,5w0c1b,38,39,B,18,false
A,88,7,1,P2,2w0c2b,5w0c1b,38,39,A,19,false
A,88,8,0,P1,2w0c2b,5w0c1b,38,39,B,26,false
A,88,8,1,P2,2w0c2b,5w0c1b,38,39,A,33,false
A,88,9,0,P1,2w0c2b,5w0c1b,38,39,B,42,false
A,88,9,1,P2,2w0c2b,5w0c1b,38,39,B,23,false
A,88,10,0,P1,2w0c2b,5w0c1b,38,39,A,27,false
A,88,10,1,P2,2w0c2b,5w0c1b,38,39,A,21,false
A,88,11,0,P1,2w0c2b,5w0c1b,38,39,A,29,false
A,88,11,1,P2,2w0c2b,5w0c1b,38,39,B,17,false
A,88,12,0,P1,2w0c2b,5w0c1b,38,39,B,36,false
A,88,12,1,P2,2w0c2b,5w0c1b,38,39,A,26,false
A,88,13,0,P1,2w0c2b,5w0c1b,38,39,B,20,false
A,88,13,1,P2,2w0c2b,5w0c1b,38,39,A,21,false
A,88,14,0,P1,2w0c2b,5w0c1b,38,39,A,26,false
A,88,14,1,P2,2w0c2b,5w0c1b,38,39,B,25,false
A,88,15,0,P1,2w0c2b,5w0c1b,38,39,B,28,false
A,88,15,1,P2,2w0c2b,5w0c1b,38,39,B,29,false
A,88,16,0,P1,2w0c2b,5w0c1b,38,39,B,26,false
A,88,16,1,P2,2w0c2b,5w0c1b,38,39,B,19,false
A,88,17,0,P1,2w0c2b,5w0c1b,38,39,draw,100,true
A,88,17,1,P2,2w0c2b,5w0c1b,38,39,B,29,false
A,88,18,0,P1,2w0c2b,5w0c1b,38,39,A,24,false
A,88,18,1,P2,2w0c2b,5w0c1b,38,39,B,20,false
A,88,19,0,P1,2w0c2b,5w0c1b,38,39,A,25,false
A,88,19,1,P2,2w0c2b,5w0c1b,38,39,A,27,false
A,88,20,0,P1,2w0c2b,5w0c1b,38,39,B,22,false
A,88,20,1,P2,2w0c2b,5w0c1b,38,39,B,27,false
A,89,1,0,P1,2w0c2b,5w2c0b,38,39,A,28,false
A,89,1,1,P2,2w0c2b,5w2c0b,38,39,B,24,false
A,89,2,0,P1,2w0c2b,5w2c0b,38,39,B,22,false
A,89,2,1,P2,2w0c2b,5w2c0b,38,39,B,24,false
A,89,3,0,P1,2w0c2b,5w2c0b,38,39,A,21,false
A,89,3,1,P2,2w0c2b,5w2c0b,38,39,B,21,false
A,89,4,0,P1,2w0c2b,5w2c0b,38,39,B,21,false
A,89,4,1,P2,2w0c2b,5w2c0b,38,39,A,30,false
A,89,5,0,P1,2w0c2b,5w2c0b,38,39,A,36,false
A,89,5,1,P2,2w0c2b,5w2c0b,38,39,A,27,false
A,89,6,0,P1,2w0c2b,5w2c0b,38,39,A,31,false
A,89,6,1,P2,2w0c2b,5w2c0b,38,39,A,27,false
A,89,7,0,P1,2w0c2b,5w2c0b,38,39,A,19,false
A,89,7,1,P2,2w0c2b,5w2c0b,38,39,A,25,false
A,89,8,0,P1,2w0c2b,5w2c0b,38,39,A,26,false
A,89,8,1,P2,2w0c2b,5w2c0b,38,39,B,21,false
A,89,9,0,P1,2w0c2b,5w2c0b,38,39,B,32,false
A,89,9,1,P2,2w0c2b,5w2c0b,38,39,B,19,false
A,89,10,0,P1,2w0c2b,5w2c0b,38,39,B,16,false
A,89,10,1,P2,2w0c2b,5w2c0b,38,39,B,25,false
A,89,11,0,P1,2w0c2b,5w2c0b,38,39,B,24,false
A,89,11,1,P2,2w0c2b,5w2c0b,38,39,A,23,false
A,89,12,0,P1,2w0c2b,5w2c0b,38,39,B,16,false
A,89,12,1,P2,2w0c2b,5w2c0b,38,39,B,19,false
A,89,13,0,P1,2w0c2b,5w2c0b,38,39,B,26,false
A,89,13,1,P2,2w0c2b,5w2c0b,38,39,B,19,false
A,89,14,0,P1,2w0c2b,5w2c0b,38,39,A,30,false
A,89,14,1,P2,2w0c2b,5w2c0b,38,39,B,19,false
A,89,15,0,P1,2w0c2b,5w2c0b,38,39,A,26,false
A,89,15,1,P2,2w0c2b,5w2c0b,38,39,A,37,false
A,89,16,0,P1,2w0c2b,5w2c0b,38,39,A,24,false
A,89,16,1,P2,2w0c2b,5w2c0b,38,39,B,21,false
A,89,17,0,P1,2w0c2b,5w2c0b,38,39,A,26,false
A,89,17,1,P2,2w0c2b,5w2c0b,38,39,B,31,false
A,89,18,0,P1,2w0c2b,5w2c0b,38,39,B,24,false
A,89,18,1,P2,2w0c2b,5w2c0b,38,39,A,26,false
A,89,19,0,P1,2w0c2b,5w2c0b,38,39,B,20,false
A,89,19,1,P2,2w0c2b,5w2c0b,38,39,A,35,false
A,89,20,0,P1,2w0c2b,5w2c0b,38,39,B,24,false
A,89,20,1,P2,2w0c2b,5w2c0b,38,39,B,23,false
A,90,1,0,P1,2w0c2b,7w1c0b,38,42,B,16,false
A,90,1,1,P2,2w0c2b,7w1c0b,38,42,B,17,false
A,90,2,0,P1,2w0c2b,7w1c0b,38,42,B,28,false
A,90,2,1,P2,2w0c2b,7w1c0b,38,42,B,19,false
A,90,3,0,P1,2w0c2b,7w1c0b,38,42,B,20,false
A,90,3,1,P2,2w0c2b,7w1c0b,38,42,B,17,false
A,90,4,0,P1,2w0c2b,7w1c0b,38,42,B,20,false
A,90,4,1,P2,2w0c2b,7w1c0b,38,42,B,23,false
A,90,5,0,P1,2w0c2b,7w1c0b,38,42,B,22,false
A,90,5,1,P2,2w0c2b,7w1c0b,38,42,B,23,false
A,90,6,0,P1,2w0c2b,7w1c0b,38,42,A,27,false
A,90,6,1,P2,2w0c2b,7w1c0b,38,42,B,23,false
A,90,7,0,P1,2w0c2b,7w1c0b,38,42,B,20,false
A,90,7,1,P2,2w0c2b,7w1c0b,38,42,B,21,false
A,90,8,0,P1,2w0c2b,7w1c0b,38,42,B,22,false
A,90,8,1,P2,2w0c2b,7w1c0b,38,42,B,25,false
A,90,9,0,P1,2w0c2b,7w1c0b,38,42,B,20,false
A,90,9,1,P2,2w0c2b,7w1c0b,38,42,A,27,false
A,90,10,0,P1,2w0c2b,7w1c0b,38,42,A,30,false
A,90,10,1,P2,2w0c2b,7w1c0b,38,42,B,25,false
A,90,11,0,P1,2w0c2b,7w1c0b,38,42,B,18,false
A,90,11,1,P2,2w0c2b,7w1c0b,38,42,A,29,false
A,90,12,0,P1,2w0c2b,7w1c0b,38,42,B,24,false
A,90,12,1,P2,2w0c2b,7w1c0b,38,42,A,28,false
A,90,13,0,P1,2w0c2b,7w1c0b,38,42,B,18,false
A,90,13,1,P2,2w0c2b,7w1c0b,38,42,B,22,false
A,90,14,0,P1,2w0c2b,7w1c0b,38,42,B,32,false
A,90,14,1,P2,2w0c2b,7w1c0b,38,42,B,26,false
A,90,15,0,P1,2w0c2b,7w1c0b,38,42,B,28,false
A,90,15,1,P2,2w0c2b,7w1c0b,38,42,B,23,false
A,90,16,0,P1,2w0c2b,7w1c0b,38,42,B,24,false
A,90,16,1,P2,2w0c2b,7w1c0b,38,42,B,23,false
A,90,17,0,P1,2w0c2b,7w1c0b,38,42,B,24,false
A,90,17,1,P2,2w0c2b,7w1c0b,38,42,B,25,false
A,90,18,0,P1,2w0c2b,7w1c0b,38,42,B,28,false
A,90,18,1,P2,2w0c2b,7w1c0b,38,42,B,17,false
A,90,19,0,P1,2w0c2b,7w1c0b,38,42,A,27,false
A,90,19,1,P2,2w0c2b,7w1c0b,38,42,B,27,false
A,90,20,0,P1,2w0c2b,7w1c0b,38,42,B,20,false
A,90,20,1,P2,2w0c2b,7w1c0b,38,42,B,27,false
A,91,1,0,P1,2w0c2b,8w0c0b,38,40,B,22,false
A,91,1,1,P2,2w0c2b,8w0c0b,38,40,B,19,false
A,91,2,0,P1,2w0c2b,8w0c0b,38,40,B,24,false
A,91,2,1,P2,2w0c2b,8w0c0b,38,40,B,19,false
A,91,3,0,P1,2w0c2b,8w0c0b,38,40,B,20,false
A,91,3,1,P2,2w0c2b,8w0c0b,38,40,A,21,false
A,91,4,0,P1,2w0c2b,8w0c0b,38,40,B,20,false
A,91,4,1,P2,2w0c2b,8w0c0b,38,40,B,27,false
A,91,5,0,P1,2w0c2b,8w0c0b,38,40,A,24,false
A,91,5,1,P2,2w0c2b,8w0c0b,38,40,B,25,false
A,91,6,0,P1,2w0c2b,8w0c0b,38,40,B,20,false
A,91,6,1,P2,2w0c2b,8w0c0b,38,40,B,23,false
A,91,7,0,P1,2w0c2b,8w0c0b,38,40,A,25,false
A,91,7,1,P2,2w0c2b,8w0c0b,38,40,B,21,false
A,91,8,0,P1,2w0c2b,8w0c0b,38,40,A,22,false
A,91,8,1,P2,2w0c2b,8w0c0b,38,40,B,21,false
A,91,9,0,P1,2w0c2b,8w0c0b,38,40,B,26,false
A,91,9,1,P2,2w0c2b,8w0c0b,38,40,B,21,false
A,91,10,0,P1,2w0c2b,8w0c0b,38,40,A,26,false
A,91,10,1,P2,2w0c2b,8w0c0b,38,40,A,27,false
A,91,11,0,P1,2w0c2b,8w0c0b,38,40,A,26,false
A,91,11,1,P2,2w0c2b,8w0c0b,38,40,A,29,false
A,91,12,0,P1,2w0c2b,8w0c0b,38,40,B,22,false
A,91,12,1,P2,2w0c2b,8w0c0b,38,40,B,25,false
A,91,13,0,P1,2w0c2b,8w0c0b,38,40,B,18,false
A,91,13,1,P2,2w0c2b,8w0c0b,38,40,A,33,false
A,91,14,0,P1,2w0c2b,8w0c0b,38,40,B,28,false
A,91,14,1,P2,2w0c2b,8w0c0b,38,40,B,25,false
A,91,15,0,P1,2w0c2b,8w0c0b,38,40,B,27,false
A,91,15,1,P2,2w0c2b,8w0c0b,38,40,A,19,false
A,91,16,0,P1,2w0c2b,8w0c0b,38,40,A,34,false
A,91,16,1,P2,2w0c2b,8w0c0b,38,40,A,27,false
A,91,17,0,P1,2w0c2b,8w0c0b,38,40,A,34,false
A,91,17,1,P2,2w0c2b,8w0c0b,38,40,A,24,false
A,91,18,0,P1,2w0c2b,8w0c0b,38,40,B,22,false
A,91,18,1,P2,2w0c2b,8w0c0b,38,40,B,19,false
A,91,19,0,P1,2w0c2b,8w0c0b,38,40,A,27,false
A,91,19,1,P2,2w0c2b,8w0c0b,38,40,B,25,false
A,91,20,0,P1,2w0c2b,8w0c0b,38,40,B,22,false
A,91,20,1,P2,2w0c2b,8w0c0b,38,40,B,25,false
A,92,1,0,P1,2w2c1b,2w4c0b,38,38,B,20,false
A,92,1,1,P2,2w2c1b,2w4c0b,38,38,B,17,false
A,92,2,0,P1,2w2c1b,2w4c0b,38,38,B,26,false
A,92,2,1,P2,2w2c1b,2w4c0b,38,38,B,25,false
A,92,3,0,P1,2w2c1b,2w4c0b,38,38,B,16,false
A,92,3,1,P2,2w2c1b,2w4c0b,38,38,A,25,false
A,92,4,0,P1,2w2c1b,2w4c0b,38,38,B,28,false
A,92,4,1,P2,2w2c1b,2w4c0b,38,38,B,23,false
A,92,5,0,P1,2w2c1b,2w4c0b,38,38,B,20,false
A,92,5,1,P2,2w2c1b,2w4c0b,38,38,A,23,false
A,92,6,0,P1,2w2c1b,2w4c0b,38,38,A,28,false
A,92,6,1,P2,2w2c1b,2w4c0b,38,38,A,19,false
A,92,7,0,P1,2w2c1b,2w4c0b,38,38,B,18,false
A,92,7,1,P2,2w2c1b,2w4c0b,38,38,A,16,false
A,92,8,0,P1,2w2c1b,2w4c0b,38,38,A,23,false
A,92,8,1,P2,2w2c1b,2w4c0b,38,38,B,25,false
A,92,9,0,P1,2w2c1b,2w4c0b,38,38,B,16,false
A,92,9,1,P2,2w2c1b,2w4c0b,38,38,A,23,false
A,92,10,0,P1,2w2c1b,2w4c0b,38,38,B,18,false
A,92,10,1,P2,2w2c1b,2w4c0b,38,38,A,24,false
A,92,11,0,P1,2w2c1b,2w4c0b,38,38,B,18,false
A,92,11,1,P2,2w2c1b,2w4c0b,38,38,B,17,false
A,92,12,0,P1,2w2c1b,2w4c0b,38,38,A,21,false
A,92,12,1,P2,2w2c1b,2w4c0b,38,38,A,27,false
A,92,13,0,P1,2w2c1b,2w4c0b,38,38,A,17,false
A,92,13,1,P2,2w2c1b,2w4c0b,38,38,B,19,false
A,92,14,0,P1,2w2c1b,2w4c0b,38,38,B,24,false
A,92,14,1,P2,2w2c1b,2w4c0b,38,38,B,23,false
A,92,15,0,P1,2w2c1b,2w4c0b,38,38,B,28,false
A,92,15,1,P2,2w2c1b,2w4c0b,38,38,A,23,false
A,92,16,0,P1,2w2c1b,2w4c0b,38,38,A,20,false
A,92,16,1,P2,2w2c1b,2w4c0b,38,38,B,19,false
A,92,17,0,P1,2w2c1b,2w4c0b,38,38,A,23,false
A,92,17,1,P2,2w2c1b,2w4c0b,38,38,A,30,false
A,92,18,0,P1,2w2c1b,2w4c0b,38,38,A,22,false
A,92,18,1,P2,2w2c1b,2w4c0b,38,38,B,21,false
A,92,19,0,P1,2w2c1b,2w4c0b,38,38,B,21,false
A,92,19,1,P2,2w2c1b,2w4c0b,38,38,B,17,false
A,92,20,0,P1,2w2c1b,2w4c0b,38,38,B,22,false
A,92,20,1,P2,2w2c1b,2w4c0b,38,38,B,19,false
A,93,1,0,P1,2w2c1b,4w1c1b,38,41,A,26,false
A,93,1,1,P2,2w2c1b,4w1c1b,38,41,B,29,false
A,93,2,0,P1,2w2c1b,4w1c1b,38,41,A,28,false
A,93,2,1,P2,2w2c1b,4w1c1b,38,41,A,26,false
A,93,3,0,P1,2w2c1b,4w1c1b,38,41,B,20,false
A,93,3,1,P2,2w2c1b,4w1c1b,38,41,A,27,false
A,93,4,0,P1,2w2c1b,4w1c1b,38,41,A,25,false
A,93,4,1,P2,2w2c1b,4w1c1b,38,41,B,19,false
A,93,5,0,P1,2w2c1b,4w1c1b,38,41,A,23,false
A,93,5,1,P2,2w2c1b,4w1c1b,38,41,B,29,false
A,93,6,0,P1,2w2c1b,4w1c1b,38,41,B,20,false
A,93,6,1,P2,2w2c1b,4w1c1b,38,41,B,33,false
A,93,7,0,P1,2w2c1b,4w1c1b,38,41,B,22,false
A,93,7,1,P2,2w2c1b,4w1c1b,38,41,A,35,false
A,93,8,0,P1,2w2c1b,4w1c1b,38,41,A,38,false
A,93,8,1,P2,2w2c1b,4w1c1b,38,41,B,28,false
A,93,9,0,P1,2w2c1b,4w1c1b,38,41,A,17,false
A,93,9,1,P2,2w2c1b,4w1c1b,38,41,A,24,false
A,93,10,0,P1,2w2c1b,4w1c1b,38,41,A,26,false
A,93,10,1,P2,2w2c1b,4w1c1b,38,41,A,19,false
A,93,11,0,P1,2w2c1b,4w1c1b,38,41,B,20,false
A,93,11,1,P2,2w2c1b,4w1c1b,38,41,B,19,false
A,93,12,0,P1,2w2c1b,4w1c1b,38,41,A,25,false
A,93,12,1,P2,2w2c1b,4w1c1b,38,41,B,19,false
A,93,13,0,P1,2w2c1b,4w1c1b,38,41,B,24,false
A,93,13,1,P2,2w2c1b,4w1c1b,38,41,B,21,false
A,93,14,0,P1,2w2c1b,4w1c1b,38,41,B,30,false
A,93,14,1,P2,2w2c1b,4w1c1b,38,41,B,25,false
A,93,15,0,P1,2w2c1b,4w1c1b,38,41,B,26,false
A,93,15,1,P2,2w2c1b,4w1c1b,38,41,A,18,false
A,93,16,0,P1,2w2c1b,4w1c1b,38,41,A,26,false
A,93,16,1,P2,2w2c1b,4w1c1b,38,41,B,25,false
A,93,17,0,P1,2w2c1b,4w1c1b,38,41,A,31,false
A,93,17,1,P2,2w2c1b,4w1c1b,38,41,B,23,false
A,93,18,0,P1,2w2c1b,4w1c1b,38,41,B,24,false
A,93,18,1,P2,2w2c1b,4w1c1b,38,41,B,29,false
A,93,19,0,P1,2w2c1b,4w1c1b,38,41,B,21,false
A,93,19,1,P2,2w2c1b,4w1c1b,38,41,B,21,false
A,93,20,0,P1,2w2c1b,4w1c1b,38,41,B,23,false
A,93,20,1,P2,2w2c1b,4w1c1b,38,41,B,31,false
A,94,1,0,P1,2w2c1b,4w3c0b,38,41,B,26,false
A,94,1,1,P2,2w2c1b,4w3c0b,38,41,B,21,false
A,94,2,0,P1,2w2c1b,4w3c0b,38,41,B,20,false
A,94,2,1,P2,2w2c1b,4w3c0b,38,41,A,33,false
A,94,3,0,P1,2w2c1b,4w3c0b,38,41,B,20,false
A,94,3,1,P2,2w2c1b,4w3c0b,38,41,B,21,false
A,94,4,0,P1,2w2c1b,4w3c0b,38,41,B,20,false
A,94,4,1,P2,2w2c1b,4w3c0b,38,41,B,23,false
A,94,5,0,P1,2w2c1b,4w3c0b,38,41,A,21,false
A,94,5,1,P2,2w2c1b,4w3c0b,38,41,A,25,false
A,94,6,0,P1,2w2c1b,4w3c0b,38,41,A,26,false
A,94,6,1,P2,2w2c1b,4w3c0b,38,41,B,23,false
A,94,7,0,P1,2w2c1b,4w3c0b,38,41,A,27,false
A,94,7,1,P2,2w2c1b,4w3c0b,38,41,B,15,false
A,94,8,0,P1,2w2c1b,4w3c0b,38,41,B,16,false
A,94,8,1,P2,2w2c1b,4w3c0b,38,41,B,29,false
A,94,9,0,P1,2w2c1b,4w3c0b,38,41,A,23,false
A,94,9,1,P2,2w2c1b,4w3c0b,38,41,B,43,false
A,94,10,0,P1,2w2c1b,4w3c0b,38,41,B,18,false
A,94,10,1,P2,2w2c1b,4w3c0b,38,41,A,25,false
A,94,11,0,P1,2w2c1b,4w3c0b,38,41,B,18,false
A,94,11,1,P2,2w2c1b,4w3c0b,38,41,B,21,false
A,94,12,0,P1,2w2c1b,4w3c0b,38,41,A,25,false
A,94,12,1,P2,2w2c1b,4w3c0b,38,41,B,19,false
A,94,13,0,P1,2w2c1b,4w3c0b,38,41,B,21,false
A,94,13,1,P2,2w2c1b,4w3c0b,38,41,B,17,false
A,94,14,0,P1,2w2c1b,4w3c0b,38,41,B,20,false
A,94,14,1,P2,2w2c1b,4w3c0b,38,41,B,25,false
A,94,15,0,P1,2w2c1b,4w3c0b,38,41,B,28,false
A,94,15,1,P2,2w2c1b,4w3c0b,38,41,B,23,false
A,94,16,0,P1,2w2c1b,4w3c0b,38,41,B,24,false
A,94,16,1,P2,2w2c1b,4w3c0b,38,41,B,20,false
A,94,17,0,P1,2w2c1b,4w3c0b,38,41,B,24,false
A,94,17,1,P2,2w2c1b,4w3c0b,38,41,B,33,false
A,94,18,0,P1,2w2c1b,4w3c0b,38,41,B,24,false
A,94,18,1,P2,2w2c1b,4w3c0b,38,41,B,19,false
A,94,19,0,P1,2w2c1b,4w3c0b,38,41,B,20,false
A,94,19,1,P2,2w2c1b,4w3c0b,38,41,B,25,false
A,94,20,0,P1,2w2c1b,4w3c0b,38,41,B,22,false
A,94,20,1,P2,2w2c1b,4w3c0b,38,41,B,19,false
A,95,1,0,P1,2w2c1b,5w0c1b,38,39,A,26,false
A,95,1,1,P2,2w2c1b,5w0c1b,38,39,B,25,false
A,95,2,0,P1,2w2c1b,5w0c1b,38,39,draw,100,true
A,95,2,1,P2,2w2c1b,5w0c1b,38,39,B,22,false
A,95,3,0,P1,2w2c1b,5w0c1b,38,39,A,21,false
A,95,3,1,P2,2w2c1b,5w0c1b,38,39,A,18,false
A,95,4,0,P1,2w2c1b,5w0c1b,38,39,B,32,false
A,95,4,1,P2,2w2c1b,5w0c1b,38,39,A,33,false
A,95,5,0,P1,2w2c1b,5w0c1b,38,39,A,23,false
A,95,5,1,P2,2w2c1b,5w0c1b,38,39,B,21,false
A,95,6,0,P1,2w2c1b,5w0c1b,38,39,B,20,false
A,95,6,1,P2,2w2c1b,5w0c1b,38,39,B,19,false
A,95,7,0,P1,2w2c1b,5w0c1b,38,39,A,25,false
A,95,7,1,P2,2w2c1b,5w0c1b,38,39,B,24,false
A,95,8,0,P1,2w2c1b,5w0c1b,38,39,A,29,false
A,95,8,1,P2,2w2c1b,5w0c1b,38,39,B,31,false
A,95,9,0,P1,2w2c1b,5w0c1b,38,39,A,24,false
A,95,9,1,P2,2w2c1b,5w0c1b,38,39,B,31,false
A,95,10,0,P1,2w2c1b,5w0c1b,38,39,B,20,false
A,95,10,1,P2,2w2c1b,5w0c1b,38,39,A,25,false
A,95,11,0,P1,2w2c1b,5w0c1b,38,39,A,23,false
A,95,11,1,P2,2w2c1b,5w0c1b,38,39,B,17,false
A,95,12,0,P1,2w2c1b,5w0c1b,38,39,A,19,false
A,95,12,1,P2,2w2c1b,5w0c1b,38,39,B,19,false
A,95,13,0,P1,2w2c1b,5w0c1b,38,39,B,18,false
A,95,13,1,P2,2w2c1b,5w0c1b,38,39,B,17,false
A,95,14,0,P1,2w2c1b,5w0c1b,38,39,A,27,false
A,95,14,1,P2,2w2c1b,5w0c1b,38,39,B,29,false
A,95,15,0,P1,2w2c1b,5w0c1b,38,39,draw,100,true
A,95,15,1,P2,2w2c1b,5w0c1b,38,39,B,23,false
A,95,16,0,P1,2w2c1b,5w0c1b,38,39,A,31,false
A,95,16,1,P2,2w2c1b,5w0c1b,38,39,B,61,false
A,95,17,0,P1,2w2c1b,5w0c1b,38,39,A,31,false
A,95,17,1,P2,2w2c1b,5w0c1b,38,39,A,26,false
A,95,18,0,P1,2w2c1b,5w0c1b,38,39,A,28,false
A,95,18,1,P2,2w2c1b,5w0c1b,38,39,B,15,false
A,95,19,0,P1,2w2c1b,5w0c1b,38,39,B,24,false
A,95,19,1,P2,2w2c1b,5w0c1b,38,39,B,27,false
A,95,20,0,P1,2w2c1b,5w0c1b,38,39,A,29,false
A,95,20,1,P2,2w2c1b,5w0c1b,38,39,B,23,false
A,96,1,0,P1,2w2c1b,5w2c0b,38,39,A,38,false
A,96,1,1,P2,2w2c1b,5w2c0b,38,39,B,25,false
A,96,2,0,P1,2w2c1b,5w2c0b,38,39,B,27,false
A,96,2,1,P2,2w2c1b,5w2c0b,38,39,B,31,false
A,96,3,0,P1,2w2c1b,5w2c0b,38,39,B,18,false
A,96,3,1,P2,2w2c1b,5w2c0b,38,39,B,21,false
A,96,4,0,P1,2w2c1b,5w2c0b,38,39,B,25,false
A,96,4,1,P2,2w2c1b,5w2c0b,38,39,A,22,false
A,96,5,0,P1,2w2c1b,5w2c0b,38,39,A,40,false
A,96,5,1,P2,2w2c1b,5w2c0b,38,39,A,24,false
A,96,6,0,P1,2w2c1b,5w2c0b,38,39,B,22,false
A,96,6,1,P2,2w2c1b,5w2c0b,38,39,B,27,false
A,96,7,0,P1,2w2c1b,5w2c0b,38,39,B,18,false
A,96,7,1,P2,2w2c1b,5w2c0b,38,39,B,19,false
A,96,8,0,P1,2w2c1b,5w2c0b,38,39,A,28,false
A,96,8,1,P2,2w2c1b,5w2c0b,38,39,B,21,false
A,96,9,0,P1,2w2c1b,5w2c0b,38,39,A,23,false
A,96,9,1,P2,2w2c1b,5w2c0b,38,39,B,17,false
A,96,10,0,P1,2w2c1b,5w2c0b,38,39,A,22,false
A,96,10,1,P2,2w2c1b,5w2c0b,38,39,B,18,false
A,96,11,0,P1,2w2c1b,5w2c0b,38,39,A,24,false
A,96,11,1,P2,2w2c1b,5w2c0b,38,39,A,20,false
A,96,12,0,P1,2w2c1b,5w2c0b,38,39,B,18,false
A,96,12,1,P2,2w2c1b,5w2c0b,38,39,B,19,false
A,96,13,0,P1,2w2c1b,5w2c0b,38,39,A,25,false
A,96,13,1,P2,2w2c1b,5w2c0b,38,39,B,15,false
A,96,14,0,P1,2w2c1b,5w2c0b,38,39,B,22,false
A,96,14,1,P2,2w2c1b,5w2c0b,38,39,B,27,false
A,96,15,0,P1,2w2c1b,5w2c0b,38,39,A,29,false
A,96,15,1,P2,2w2c1b,5w2c0b,38,39,B,24,false
A,96,16,0,P1,2w2c1b,5w2c0b,38,39,A,25,false
A,96,16,1,P2,2w2c1b,5w2c0b,38,39,B,27,false
A,96,17,0,P1,2w2c1b,5w2c0b,38,39,B,26,false
A,96,17,1,P2,2w2c1b,5w2c0b,38,39,B,27,false
A,96,18,0,P1,2w2c1b,5w2c0b,38,39,B,23,false
A,96,18,1,P2,2w2c1b,5w2c0b,38,39,A,25,false
A,96,19,0,P1,2w2c1b,5w2c0b,38,39,B,20,false
A,96,19,1,P2,2w2c1b,5w2c0b,38,39,B,21,false
A,96,20,0,P1,2w2c1b,5w2c0b,38,39,A,33,false
A,96,20,1,P2,2w2c1b,5w2c0b,38,39,B,25,false
A,97,1,0,P1,2w2c1b,7w1c0b,38,42,A,27,false
A,97,1,1,P2,2w2c1b,7w1c0b,38,42,A,24,false
A,97,2,0,P1,2w2c1b,7w1c0b,38,42,B,20,false
A,97,2,1,P2,2w2c1b,7w1c0b,38,42,B,21,false
A,97,3,0,P1,2w2c1b,7w1c0b,38,42,B,18,false
A,97,3,1,P2,2w2c1b,7w1c0b,38,42,B,26,false
A,97,4,0,P1,2w2c1b,7w1c0b,38,42,B,20,false
A,97,4,1,P2,2w2c1b,7w1c0b,38,42,B,24,false
A,97,5,0,P1,2w2c1b,7w1c0b,38,42,B,30,false
A,97,5,1,P2,2w2c1b,7w1c0b,38,42,B,21,false
A,97,6,0,P1,2w2c1b,7w1c0b,38,42,B,22,false
A,97,6,1,P2,2w2c1b,7w1c0b,38,42,B,21,false
A,97,7,0,P1,2w2c1b,7w1c0b,38,42,B,18,false
A,97,7,1,P2,2w2c1b,7w1c0b,38,42,B,15,false
A,97,8,0,P1,2w2c1b,7w1c0b,38,42,A,40,false
A,97,8,1,P2,2w2c1b,7w1c0b,38,42,B,19,false
A,97,9,0,P1,2w2c1b,7w1c0b,38,42,B,26,false
A,97,9,1,P2,2w2c1b,7w1c0b,38,42,B,21,false
A,97,10,0,P1,2w2c1b,7w1c0b,38,42,B,18,false
A,97,10,1,P2,2w2c1b,7w1c0b,38,42,A,37,false
A,97,11,0,P1,2w2c1b,7w1c0b,38,42,A,24,false
A,97,11,1,P2,2w2c1b,7w1c0b,38,42,B,25,false
A,97,12,0,P1,2w2c1b,7w1c0b,38,42,B,16,false
A,97,12,1,P2,2w2c1b,7w1c0b,38,42,B,25,false
A,97,13,0,P1,2w2c1b,7w1c0b,38,42,B,16,false
A,97,13,1,P2,2w2c1b,7w1c0b,38,42,B,17,false
A,97,14,0,P1,2w2c1b,7w1c0b,38,42,B,22,false
A,97,14,1,P2,2w2c1b,7w1c0b,38,42,B,25,false
A,97,15,0,P1,2w2c1b,7w1c0b,38,42,B,20,false
A,97,15,1,P2,2w2c1b,7w1c0b,38,42,B,31,false
A,97,16,0,P1,2w2c1b,7w1c0b,38,42,A,24,false
A,97,16,1,P2,2w2c1b,7w1c0b,38,42,B,23,false
A,97,17,0,P1,2w2c1b,7w1c0b,38,42,B,26,false
A,97,17,1,P2,2w2c1b,7w1c0b,38,42,B,23,false
A,97,18,0,P1,2w2c1b,7w1c0b,38,42,B,18,false
A,97,18,1,P2,2w2c1b,7w1c0b,38,42,B,25,false
A,97,19,0,P1,2w2c1b,7w1c0b,38,42,B,32,false
A,97,19,1,P2,2w2c1b,7w1c0b,38,42,A,24,false
A,97,20,0,P1,2w2c1b,7w1c0b,38,42,A,29,false
A,97,20,1,P2,2w2c1b,7w1c0b,38,42,B,23,false
A,98,1,0,P1,2w2c1b,8w0c0b,38,40,A,25,false
A,98,1,1,P2,2w2c1b,8w0c0b,38,40,A,30,false
A,98,2,0,P1,2w2c1b,8w0c0b,38,40,B,18,false
A,98,2,1,P2,2w2c1b,8w0c0b,38,40,B,25,false
A,98,3,0,P1,2w2c1b,8w0c0b,38,40,A,34,false
A,98,3,1,P2,2w2c1b,8w0c0b,38,40,A,22,false
A,98,4,0,P1,2w2c1b,8w0c0b,38,40,B,25,false
A,98,4,1,P2,2w2c1b,8w0c0b,38,40,B,25,false
A,98,5,0,P1,2w2c1b,8w0c0b,38,40,A,30,false
A,98,5,1,P2,2w2c1b,8w0c0b,38,40,B,21,false
A,98,6,0,P1,2w2c1b,8w0c0b,38,40,B,18,false
A,98,6,1,P2,2w2c1b,8w0c0b,38,40,A,28,false
A,98,7,0,P1,2w2c1b,8w0c0b,38,40,B,16,false
A,98,7,1,P2,2w2c1b,8w0c0b,38,40,B,19,false
A,98,8,0,P1,2w2c1b,8w0c0b,38,40,B,22,false
A,98,8,1,P2,2w2c1b,8w0c0b,38,40,B,17,false
A,98,9,0,P1,2w2c1b,8w0c0b,38,40,B,30,false
A,98,9,1,P2,2w2c1b,8w0c0b,38,40,B,19,false
A,98,10,0,P1,2w2c1b,8w0c0b,38,40,B,18,false
A,98,10,1,P2,2w2c1b,8w0c0b,38,40,B,25,false
A,98,11,0,P1,2w2c1b,8w0c0b,38,40,B,18,false
A,98,11,1,P2,2w2c1b,8w0c0b,38,40,B,15,false
A,98,12,0,P1,2w2c1b,8w0c0b,38,40,B,18,false
A,98,12,1,P2,2w2c1b,8w0c0b,38,40,B,19,false
A,98,13,0,P1,2w2c1b,8w0c0b,38,40,B,17,false
A,98,13,1,P2,2w2c1b,8w0c0b,38,40,B,15,false
A,98,14,0,P1,2w2c1b,8w0c0b,38,40,B,24,false
A,98,14,1,P2,2w2c1b,8w0c0b,38,40,A,28,false
A,98,15,0,P1,2w2c1b,8w0c0b,38,40,B,20,false
A,98,15,1,P2,2w2c1b,8w0c0b,38,40,A,31,false
A,98,16,0,P1,2w2c1b,8w0c0b,38,40,A,23,false
A,98,16,1,P2,2w2c1b,8w0c0b,38,40,A,34,false
A,98,17,0,P1,2w2c1b,8w0c0b,38,40,B,22,false
A,98,17,1,P2,2w2c1b,8w0c0b,38,40,A,33,false
A,98,18,0,P1,2w2c1b,8w0c0b,38,40,A,24,false
A,98,18,1,P2,2w2c1b,8w0c0b,38,40,B,16,false
A,98,19,0,P1,2w2c1b,8w0c0b,38,40,B,29,false
A,98,19,1,P2,2w2c1b,8w0c0b,38,40,A,24,false
A,98,20,0,P1,2w2c1b,8w0c0b,38,40,B,20,false
A,98,20,1,P2,2w2c1b,8w0c0b,38,40,B,19,false
A,99,1,0,P1,2w4c0b,4w1c1b,38,41,B,20,false
A,99,1,1,P2,2w4c0b,4w1c1b,38,41,B,21,false
A,99,2,0,P1,2w4c0b,4w1c1b,38,41,A,21,false
A,99,2,1,P2,2w4c0b,4w1c1b,38,41,A,20,false
A,99,3,0,P1,2w4c0b,4w1c1b,38,41,B,22,false
A,99,3,1,P2,2w4c0b,4w1c1b,38,41,A,22,false
A,99,4,0,P1,2w4c0b,4w1c1b,38,41,A,21,false
A,99,4,1,P2,2w4c0b,4w1c1b,38,41,A,22,false
A,99,5,0,P1,2w4c0b,4w1c1b,38,41,B,22,false
A,99,5,1,P2,2w4c0b,4w1c1b,38,41,A,16,false
A,99,6,0,P1,2w4c0b,4w1c1b,38,41,A,19,false
A,99,6,1,P2,2w4c0b,4w1c1b,38,41,B,24,false
A,99,7,0,P1,2w4c0b,4w1c1b,38,41,A,23,false
A,99,7,1,P2,2w4c0b,4w1c1b,38,41,A,20,false
A,99,8,0,P1,2w4c0b,4w1c1b,38,41,A,24,false
A,99,8,1,P2,2w4c0b,4w1c1b,38,41,B,23,false
A,99,9,0,P1,2w4c0b,4w1c1b,38,41,B,22,false
A,99,9,1,P2,2w4c0b,4w1c1b,38,41,A,35,false
A,99,10,0,P1,2w4c0b,4w1c1b,38,41,A,21,false
A,99,10,1,P2,2w4c0b,4w1c1b,38,41,B,21,false
A,99,11,0,P1,2w4c0b,4w1c1b,38,41,B,24,false
A,99,11,1,P2,2w4c0b,4w1c1b,38,41,B,17,false
A,99,12,0,P1,2w4c0b,4w1c1b,38,41,A,25,false
A,99,12,1,P2,2w4c0b,4w1c1b,38,41,A,34,false
A,99,13,0,P1,2w4c0b,4w1c1b,38,41,B,22,false
A,99,13,1,P2,2w4c0b,4w1c1b,38,41,A,26,false
A,99,14,0,P1,2w4c0b,4w1c1b,38,41,A,21,false
A,99,14,1,P2,2w4c0b,4w1c1b,38,41,A,22,false
A,99,15,0,P1,2w4c0b,4w1c1b,38,41,B,25,false
A,99,15,1,P2,2w4c0b,4w1c1b,38,41,A,20,false
A,99,16,0,P1,2w4c0b,4w1c1b,38,41,B,27,false
A,99,16,1,P2,2w4c0b,4w1c1b,38,41,B,17,false
A,99,17,0,P1,2w4c0b,4w1c1b,38,41,A,25,false
A,99,17,1,P2,2w4c0b,4w1c1b,38,41,B,23,false
A,99,18,0,P1,2w4c0b,4w1c1b,38,41,A,21,false
A,99,18,1,P2,2w4c0b,4w1c1b,38,41,B,25,false
A,99,19,0,P1,2w4c0b,4w1c1b,38,41,B,21,false
A,99,19,1,P2,2w4c0b,4w1c1b,38,41,A,29,false
A,99,20,0,P1,2w4c0b,4w1c1b,38,41,B,30,false
A,99,20,1,P2,2w4c0b,4w1c1b,38,41,B,21,false
A,100,1,0,P1,2w4c0b,4w3c0b,38,41,B,24,false
A,100,1,1,P2,2w4c0b,4w3c0b,38,41,A,24,false
A,100,2,0,P1,2w4c0b,4w3c0b,38,41,A,19,false
A,100,2,1,P2,2w4c0b,4w3c0b,38,41,B,25,false
A,100,3,0,P1,2w4c0b,4w3c0b,38,41,A,19,false
A,100,3,1,P2,2w4c0b,4w3c0b,38,41,B,19,false
A,100,4,0,P1,2w4c0b,4w3c0b,38,41,B,20,false
A,100,4,1,P2,2w4c0b,4w3c0b,38,41,B,21,false
A,100,5,0,P1,2w4c0b,4w3c0b,38,41,A,23,false
A,100,5,1,P2,2w4c0b,4w3c0b,38,41,B,21,false
A,100,6,0,P1,2w4c0b,4w3c0b,38,41,B,14,false
A,100,6,1,P2,2w4c0b,4w3c0b,38,41,B,17,false
A,100,7,0,P1,2w4c0b,4w3c0b,38,41,A,25,false
A,100,7,1,P2,2w4c0b,4w3c0b,38,41,A,36,false
A,100,8,0,P1,2w4c0b,4w3c0b,38,41,B,20,false
A,100,8,1,P2,2w4c0b,4w3c0b,38,41,A,26,false
A,100,9,0,P1,2w4c0b,4w3c0b,38,41,B,16,false
A,100,9,1,P2,2w4c0b,4w3c0b,38,41,B,19,false
A,100,10,0,P1,2w4c0b,4w3c0b,38,41,B,16,false
A,100,10,1,P2,2w4c0b,4w3c0b,38,41,B,22,false
A,100,11,0,P1,2w4c0b,4w3c0b,38,41,B,20,false
A,100,11,1,P2,2w4c0b,4w3c0b,38,41,B,35,false
A,100,12,0,P1,2w4c0b,4w3c0b,38,41,A,21,false
A,100,12,1,P2,2w4c0b,4w3c0b,38,41,B,19,false
A,100,13,0,P1,2w4c0b,4w3c0b,38,41,A,19,false
A,100,13,1,P2,2w4c0b,4w3c0b,38,41,A,26,false
A,100,14,0,P1,2w4c0b,4w3c0b,38,41,A,26,false
A,100,14,1,P2,2w4c0b,4w3c0b,38,41,B,23,false
A,100,15,0,P1,2w4c0b,4w3c0b,38,41,A,17,false
A,100,15,1,P2,2w4c0b,4w3c0b,38,41,B,19,false
A,100,16,0,P1,2w4c0b,4w3c0b,38,41,B,18,false
A,100,16,1,P2,2w4c0b,4w3c0b,38,41,B,17,false
A,100,17,0,P1,2w4c0b,4w3c0b,38,41,B,29,false
A,100,17,1,P2,2w4c0b,4w3c0b,38,41,B,27,false
A,100,18,0,P1,2w4c0b,4w3c0b,38,41,A,19,false
A,100,18,1,P2,2w4c0b,4w3c0b,38,41,A,20,false
A,100,19,0,P1,2w4c0b,4w3c0b,38,41,B,22,false
A,100,19,1,P2,2w4c0b,4w3c0b,38,41,B,25,false
A,100,20,0,P1,2w4c0b,4w3c0b,38,41,B,22,false
A,100,20,1,P2,2w4c0b,4w3c0b,38,41,A,24,false
A,101,1,0,P1,2w4c0b,5w0c1b,38,39,B,20,false
A,101,1,1,P2,2w4c0b,5w0c1b,38,39,A,22,false
A,101,2,0,P1,2w4c0b,5w0c1b,38,39,A,23,false
A,101,2,1,P2,2w4c0b,5w0c1b,38,39,A,20,false
A,101,3,0,P1,2w4c0b,5w0c1b,38,39,B,25,false
A,101,3,1,P2,2w4c0b,5w0c1b,38,39,A,20,false
A,101,4,0,P1,2w4c0b,5w0c1b,38,39,A,21,false
A,101,4,1,P2,2w4c0b,5w0c1b,38,39,B,23,false
A,101,5,0,P1,2w4c0b,5w0c1b,38,39,B,25,false
A,101,5,1,P2,2w4c0b,5w0c1b,38,39,B,25,false
A,101,6,0,P1,2w4c0b,5w0c1b,38,39,B,20,false
A,101,6,1,P2,2w4c0b,5w0c1b,38,39,B,25,false
A,101,7,0,P1,2w4c0b,5w0c1b,38,39,A,23,false
A,101,7,1,P2,2w4c0b,5w0c1b,38,39,A,18,false
A,101,8,0,P1,2w4c0b,5w0c1b,38,39,B,26,false
A,101,8,1,P2,2w4c0b,5w0c1b,38,39,B,19,false
A,101,9,0,P1,2w4c0b,5w0c1b,38,39,B,27,false
A,101,9,1,P2,2w4c0b,5w0c1b,38,39,B,17,false
A,101,10,0,P1,2w4c0b,5w0c1b,38,39,B,22,false
A,101,10,1,P2,2w4c0b,5w0c1b,38,39,B,19,false
A,101,11,0,P1,2w4c0b,5w0c1b,38,39,A,25,false
A,101,11,1,P2,2w4c0b,5w0c1b,38,39,A,18,false
A,101,12,0,P1,2w4c0b,5w0c1b,38,39,B,24,false
A,101,12,1,P2,2w4c0b,5w0c1b,38,39,A,20,false
A,101,13,0,P1,2w4c0b,5w0c1b,38,39,A,21,false
A,101,13,1,P2,2w4c0b,5w0c1b,38,39,B,23,false
A,101,14,0,P1,2w4c0b,5w0c1b,38,39,A,24,false
A,101,14,1,P2,2w4c0b,5w0c1b,38,39,B,25,false
A,101,15,0,P1,2w4c0b,5w0c1b,38,39,B,24,false
A,101,15,1,P2,2w4c0b,5w0c1b,38,39,A,20,false
A,101,16,0,P1,2w4c0b,5w0c1b,38,39,A,23,false
A,101,16,1,P2,2w4c0b,5w0c1b,38,39,B,19,false
A,101,17,0,P1,2w4c0b,5w0c1b,38,39,A,22,false
A,101,17,1,P2,2w4c0b,5w0c1b,38,39,A,28,false
A,101,18,0,P1,2w4c0b,5w0c1b,38,39,B,23,false
A,101,18,1,P2,2w4c0b,5w0c1b,38,39,B,22,false
A,101,19,0,P1,2w4c0b,5w0c1b,38,39,B,22,false
A,101,19,1,P2,2w4c0b,5w0c1b,38,39,B,35,false
A,101,20,0,P1,2w4c0b,5w0c1b,38,39,B,39,false
A,101,20,1,P2,2w4c0b,5w0c1b,38,39,A,26,false
A,102,1,0,P1,2w4c0b,5w2c0b,38,39,B,23,false
A,102,1,1,P2,2w4c0b,5w2c0b,38,39,B,33,false
A,102,2,0,P1,2w4c0b,5w2c0b,38,39,A,19,false
A,102,2,1,P2,2w4c0b,5w2c0b,38,39,A,26,false
A,102,3,0,P1,2w4c0b,5w2c0b,38,39,A,19,false
A,102,3,1,P2,2w4c0b,5w2c0b,38,39,A,20,false
A,102,4,0,P1,2w4c0b,5w2c0b,38,39,B,21,false
A,102,4,1,P2,2w4c0b,5w2c0b,38,39,B,21,false
A,102,5,0,P1,2w4c0b,5w2c0b,38,39,A,23,false
A,102,5,1,P2,2w4c0b,5w2c0b,38,39,A,18,false
A,102,6,0,P1,2w4c0b,5w2c0b,38,39,B,18,false
A,102,6,1,P2,2w4c0b,5w2c0b,38,39,B,18,false
A,102,7,0,P1,2w4c0b,5w2c0b,38,39,B,27,false
A,102,7,1,P2,2w4c0b,5w2c0b,38,39,A,18,false
A,102,8,0,P1,2w4c0b,5w2c0b,38,39,B,18,false
A,102,8,1,P2,2w4c0b,5w2c0b,38,39,A,20,false
A,102,9,0,P1,2w4c0b,5w2c0b,38,39,B,18,false
A,102,9,1,P2,2w4c0b,5w2c0b,38,39,A,24,false
A,102,10,0,P1,2w4c0b,5w2c0b,38,39,A,28,false
A,102,10,1,P2,2w4c0b,5w2c0b,38,39,A,20,false
A,102,11,0,P1,2w4c0b,5w2c0b,38,39,A,16,false
A,102,11,1,P2,2w4c0b,5w2c0b,38,39,A,29,false
A,102,12,0,P1,2w4c0b,5w2c0b,38,39,B,22,false
A,102,12,1,P2,2w4c0b,5w2c0b,38,39,B,31,false
A,102,13,0,P1,2w4c0b,5w2c0b,38,39,A,25,false
A,102,13,1,P2,2w4c0b,5w2c0b,38,39,B,21,false
A,102,14,0,P1,2w4c0b,5w2c0b,38,39,A,35,false
A,102,14,1,P2,2w4c0b,5w2c0b,38,39,B,19,false
A,102,15,0,P1,2w4c0b,5w2c0b,38,39,B,25,false
A,102,15,1,P2,2w4c0b,5w2c0b,38,39,A,20,false
A,102,16,0,P1,2w4c0b,5w2c0b,38,39,B,24,false
A,102,16,1,P2,2w4c0b,5w2c0b,38,39,B,19,false
A,102,17,0,P1,2w4c0b,5w2c0b,38,39,A,29,false
A,102,17,1,P2,2w4c0b,5w2c0b,38,39,B,27,false
A,102,18,0,P1,2w4c0b,5w2c0b,38,39,A,27,false
A,102,18,1,P2,2w4c0b,5w2c0b,38,39,B,18,false
A,102,19,0,P1,2w4c0b,5w2c0b,38,39,B,26,false
A,102,19,1,P2,2w4c0b,5w2c0b,38,39,B,29,false
A,102,20,0,P1,2w4c0b,5w2c0b,38,39,B,22,false
A,102,20,1,P2,2w4c0b,5w2c0b,38,39,A,20,false
A,103,1,0,P1,2w4c0b,7w1c0b,38,42,B,30,false
A,103,1,1,P2,2w4c0b,7w1c0b,38,42,B,18,false
A,103,2,0,P1,2w4c0b,7w1c0b,38,42,B,28,false
A,103,2,1,P2,2w4c0b,7w1c0b,38,42,A,27,false
A,103,3,0,P1,2w4c0b,7w1c0b,38,42,B,18,false
A,103,3,1,P2,2w4c0b,7w1c0b,38,42,A,26,false
A,103,4,0,P1,2w4c0b,7w1c0b,38,42,B,32,false
A,103,4,1,P2,2w4c0b,7w1c0b,38,42,B,17,false
A,103,5,0,P1,2w4c0b,7w1c0b,38,42,A,19,false
A,103,5,1,P2,2w4c0b,7w1c0b,38,42,A,24,false
A,103,6,0,P1,2w4c0b,7w1c0b,38,42,B,20,false
A,103,6,1,P2,2w4c0b,7w1c0b,38,42,A,19,false
A,103,7,0,P1,2w4c0b,7w1c0b,38,42,B,21,false
A,103,7,1,P2,2w4c0b,7w1c0b,38,42,B,17,false
A,103,8,0,P1,2w4c0b,7w1c0b,38,42,A,19,false
A,103,8,1,P2,2w4c0b,7w1c0b,38,42,B,17,false
A,103,9,0,P1,2w4c0b,7w1c0b,38,42,B,18,false
A,103,9,1,P2,2w4c0b,7w1c0b,38,42,B,19,false
A,103,10,0,P1,2w4c0b,7w1c0b,38,42,B,18,false
A,103,10,1,P2,2w4c0b,7w1c0b,38,42,A,24,false
A,103,11,0,P1,2w4c0b,7w1c0b,38,42,B,20,false
A,103,11,1,P2,2w4c0b,7w1c0b,38,42,B,17,false
A,103,12,0,P1,2w4c0b,7w1c0b,38,42,B,18,false
A,103,12,1,P2,2w4c0b,7w1c0b,38,42,B,17,false
A,103,13,0,P1,2w4c0b,7w1c0b,38,42,B,28,false
A,103,13,1,P2,2w4c0b,7w1c0b,38,42,B,17,false
A,103,14,0,P1,2w4c0b,7w1c0b,38,42,B,22,false
A,103,14,1,P2,2w4c0b,7w1c0b,38,42,B,23,false
A,103,15,0,P1,2w4c0b,7w1c0b,38,42,B,16,false
A,103,15,1,P2,2w4c0b,7w1c0b,38,42,A,20,false
A,103,16,0,P1,2w4c0b,7w1c0b,38,42,B,31,false
A,103,16,1,P2,2w4c0b,7w1c0b,38,42,A,16,false
A,103,17,0,P1,2w4c0b,7w1c0b,38,42,B,28,false
A,103,17,1,P2,2w4c0b,7w1c0b,38,42,A,30,false
A,103,18,0,P1,2w4c0b,7w1c0b,38,42,B,18,false
A,103,18,1,P2,2w4c0b,7w1c0b,38,42,A,17,false
A,103,19,0,P1,2w4c0b,7w1c0b,38,42,B,20,false
A,103,19,1,P2,2w4c0b,7w1c0b,38,42,B,19,false
A,103,20,0,P1,2w4c0b,7w1c0b,38,42,B,25,false
A,103,20,1,P2,2w4c0b,7w1c0b,38,42,B,33,false
A,104,1,0,P1,2w4c0b,8w0c0b,38,40,A,21,false
A,104,1,1,P2,2w4c0b,8w0c0b,38,40,B,22,false
A,104,2,0,P1,2w4c0b,8w0c0b,38,40,B,22,false
A,104,2,1,P2,2w4c0b,8w0c0b,38,40,A,20,false
A,104,3,0,P1,2w4c0b,8w0c0b,38,40,B,22,false
A,104,3,1,P2,2w4c0b,8w0c0b,38,40,B,23,false
A,104,4,0,P1,2w4c0b,8w0c0b,38,40,B,32,false
A,104,4,1,P2,2w4c0b,8w0c0b,38,40,B,26,false
A,104,5,0,P1,2w4c0b,8w0c0b,38,40,A,27,false
A,104,5,1,P2,2w4c0b,8w0c0b,38,40,B,27,false
A,104,6,0,P1,2w4c0b,8w0c0b,38,40,B,24,false
A,104,6,1,P2,2w4c0b,8w0c0b,38,40,B,17,false
A,104,7,0,P1,2w4c0b,8w0c0b,38,40,A,19,false
A,104,7,1,P2,2w4c0b,8w0c0b,38,40,B,23,false
A,104,8,0,P1,2w4c0b,8w0c0b,38,40,B,18,false
A,104,8,1,P2,2w4c0b,8w0c0b,38,40,B,17,false
A,104,9,0,P1,2w4c0b,8w0c0b,38,40,B,28,false
A,104,9,1,P2,2w4c0b,8w0c0b,38,40,B,17,false
A,104,10,0,P1,2w4c0b,8w0c0b,38,40,B,20,false
A,104,10,1,P2,2w4c0b,8w0c0b,38,40,A,28,false
A,104,11,0,P1,2w4c0b,8w0c0b,38,40,B,24,false
A,104,11,1,P2,2w4c0b,8w0c0b,38,40,A,18,false
A,104,12,0,P1,2w4c0b,8w0c0b,38,40,B,19,false
A,104,12,1,P2,2w4c0b,8w0c0b,38,40,B,21,false
A,104,13,0,P1,2w4c0b,8w0c0b,38,40,A,31,false
A,104,13,1,P2,2w4c0b,8w0c0b,38,40,B,19,false
A,104,14,0,P1,2w4c0b,8w0c0b,38,40,B,22,false
A,104,14,1,P2,2w4c0b,8w0c0b,38,40,B,23,false
A,104,15,0,P1,2w4c0b,8w0c0b,38,40,A,15,false
A,104,15,1,P2,2w4c0b,8w0c0b,38,40,A,30,false
A,104,16,0,P1,2w4c0b,8w0c0b,38,40,A,20,false
A,104,16,1,P2,2w4c0b,8w0c0b,38,40,A,22,false
A,104,17,0,P1,2w4c0b,8w0c0b,38,40,A,23,false
A,104,17,1,P2,2w4c0b,8w0c0b,38,40,B,29,false
A,104,18,0,P1,2w4c0b,8w0c0b,38,40,B,18,false
A,104,18,1,P2,2w4c0b,8w0c0b,38,40,A,18,false
A,104,19,0,P1,2w4c0b,8w0c0b,38,40,B,32,false
A,104,19,1,P2,2w4c0b,8w0c0b,38,40,B,20,false
A,104,20,0,P1,2w4c0b,8w0c0b,38,40,B,25,false
A,104,20,1,P2,2w4c0b,8w0c0b,38,40,B,17,false
A,105,1,0,P1,4w1c1b,4w3c0b,41,41,B,22,false
A,105,1,1,P2,4w1c1b,4w3c0b,41,41,B,20,false
A,105,2,0,P1,4w1c1b,4w3c0b,41,41,A,28,false
A,105,2,1,P2,4w1c1b,4w3c0b,41,41,A,26,false
A,105,3,0,P1,4w1c1b,4w3c0b,41,41,B,20,false
A,105,3,1,P2,4w1c1b,4w3c0b,41,41,A,25,false
A,105,4,0,P1,4w1c1b,4w3c0b,41,41,B,28,false
A,105,4,1,P2,4w1c1b,4w3c0b,41,41,A,30,false
A,105,5,0,P1,4w1c1b,4w3c0b,41,41,A,23,false
A,105,5,1,P2,4w1c1b,4w3c0b,41,41,B,19,false
A,105,6,0,P1,4w1c1b,4w3c0b,41,41,B,23,false
A,105,6,1,P2,4w1c1b,4w3c0b,41,41,B,17,false
A,105,7,0,P1,4w1c1b,4w3c0b,41,41,B,24,false
A,105,7,1,P2,4w1c1b,4w3c0b,41,41,A,31,false
A,105,8,0,P1,4w1c1b,4w3c0b,41,41,A,24,false
A,105,8,1,P2,4w1c1b,4w3c0b,41,41,B,21,false
A,105,9,0,P1,4w1c1b,4w3c0b,41,41,A,21,false
A,105,9,1,P2,4w1c1b,4w3c0b,41,41,B,25,false
A,105,10,0,P1,4w1c1b,4w3c0b,41,41,B,28,false
A,105,10,1,P2,4w1c1b,4w3c0b,41,41,A,24,false
A,105,11,0,P1,4w1c1b,4w3c0b,41,41,A,27,false
A,105,11,1,P2,4w1c1b,4w3c0b,41,41,A,28,false
A,105,12,0,P1,4w1c1b,4w3c0b,41,41,A,34,false
A,105,12,1,P2,4w1c1b,4w3c0b,41,41,A,28,false
A,105,13,0,P1,4w1c1b,4w3c0b,41,41,A,30,false
A,105,13,1,P2,4w1c1b,4w3c0b,41,41,A,28,false
A,105,14,0,P1,4w1c1b,4w3c0b,41,41,B,20,false
A,105,14,1,P2,4w1c1b,4w3c0b,41,41,B,31,false
A,105,15,0,P1,4w1c1b,4w3c0b,41,41,B,14,false
A,105,15,1,P2,4w1c1b,4w3c0b,41,41,B,21,false
A,105,16,0,P1,4w1c1b,4w3c0b,41,41,A,25,false
A,105,16,1,P2,4w1c1b,4w3c0b,41,41,A,24,false
A,105,17,0,P1,4w1c1b,4w3c0b,41,41,A,31,false
A,105,17,1,P2,4w1c1b,4w3c0b,41,41,B,35,false
A,105,18,0,P1,4w1c1b,4w3c0b,41,41,B,20,false
A,105,18,1,P2,4w1c1b,4w3c0b,41,41,B,24,false
A,105,19,0,P1,4w1c1b,4w3c0b,41,41,A,23,false
A,105,19,1,P2,4w1c1b,4w3c0b,41,41,A,31,false
A,105,20,0,P1,4w1c1b,4w3c0b,41,41,B,20,false
A,105,20,1,P2,4w1c1b,4w3c0b,41,41,A,22,false
A,106,1,0,P1,4w1c1b,5w0c1b,41,39,A,34,false
A,106,1,1,P2,4w1c1b,5w0c1b,41,39,A,24,false
A,106,2,0,P1,4w1c1b,5w0c1b,41,39,B,23,false
A,106,2,1,P2,4w1c1b,5w0c1b,41,39,A,20,false
A,106,3,0,P1,4w1c1b,5w0c1b,41,39,A,23,false
A,106,3,1,P2,4w1c1b,5w0c1b,41,39,A,23,false
A,106,4,0,P1,4w1c1b,5w0c1b,41,39,B,18,false
A,106,4,1,P2,4w1c1b,5w0c1b,41,39,A,25,false
A,106,5,0,P1,4w1c1b,5w0c1b,41,39,A,23,false
A,106,5,1,P2,4w1c1b,5w0c1b,41,39,A,32,false
A,106,6,0,P1,4w1c1b,5w0c1b,41,39,A,26,false
A,106,6,1,P2,4w1c1b,5w0c1b,41,39,A,24,false
A,106,7,0,P1,4w1c1b,5w0c1b,41,39,B,22,false
A,106,7,1,P2,4w1c1b,5w0c1b,41,39,A,26,false
A,106,8,0,P1,4w1c1b,5w0c1b,41,39,A,26,false
A,106,8,1,P2,4w1c1b,5w0c1b,41,39,B,20,false
A,106,9,0,P1,4w1c1b,5w0c1b,41,39,A,27,false
A,106,9,1,P2,4w1c1b,5w0c1b,41,39,B,32,false
A,106,10,0,P1,4w1c1b,5w0c1b,41,39,A,23,false
A,106,10,1,P2,4w1c1b,5w0c1b,41,39,A,29,false
A,106,11,0,P1,4w1c1b,5w0c1b,41,39,B,35,false
A,106,11,1,P2,4w1c1b,5w0c1b,41,39,A,20,false
A,106,12,0,P1,4w1c1b,5w0c1b,41,39,A,23,false
A,106,12,1,P2,4w1c1b,5w0c1b,41,39,B,41,false
A,106,13,0,P1,4w1c1b,5w0c1b,41,39,B,20,false
A,106,13,1,P2,4w1c1b,5w0c1b,41,39,A,18,false
A,106,14,0,P1,4w1c1b,5w0c1b,41,39,B,22,false
A,106,14,1,P2,4w1c1b,5w0c1b,41,39,A,32,false
A,106,15,0,P1,4w1c1b,5w0c1b,41,39,A,25,false
A,106,15,1,P2,4w1c1b,5w0c1b,41,39,B,31,false
A,106,16,0,P1,4w1c1b,5w0c1b,41,39,A,23,false
A,106,16,1,P2,4w1c1b,5w0c1b,41,39,B,27,false
A,106,17,0,P1,4w1c1b,5w0c1b,41,39,A,28,false
A,106,17,1,P2,4w1c1b,5w0c1b,41,39,A,26,false
A,106,18,0,P1,4w1c1b,5w0c1b,41,39,B,34,false
A,106,18,1,P2,4w1c1b,5w0c1b,41,39,A,22,false
A,106,19,0,P1,4w1c1b,5w0c1b,41,39,A,24,false
A,106,19,1,P2,4w1c1b,5w0c1b,41,39,A,26,false
A,106,20,0,P1,4w1c1b,5w0c1b,41,39,B,26,false
A,106,20,1,P2,4w1c1b,5w0c1b,41,39,B,26,false
A,107,1,0,P1,4w1c1b,5w2c0b,41,39,B,32,false
A,107,1,1,P2,4w1c1b,5w2c0b,41,39,B,21,false
A,107,2,0,P1,4w1c1b,5w2c0b,41,39,B,20,false
A,107,2,1,P2,4w1c1b,5w2c0b,41,39,A,24,false
A,107,3,0,P1,4w1c1b,5w2c0b,41,39,B,19,false
A,107,3,1,P2,4w1c1b,5w2c0b,41,39,A,29,false
A,107,4,0,P1,4w1c1b,5w2c0b,41,39,B,26,false
A,107,4,1,P2,4w1c1b,5w2c0b,41,39,A,34,false
A,107,5,0,P1,4w1c1b,5w2c0b,41,39,A,25,false
A,107,5,1,P2,4w1c1b,5w2c0b,41,39,B,28,false
A,107,6,0,P1,4w1c1b,5w2c0b,41,39,A,19,false
A,107,6,1,P2,4w1c1b,5w2c0b,41,39,B,23,false
A,107,7,0,P1,4w1c1b,5w2c0b,41,39,B,22,false
A,107,7,1,P2,4w1c1b,5w2c0b,41,39,A,23,false
A,107,8,0,P1,4w1c1b,5w2c0b,41,39,A,28,false
A,107,8,1,P2,4w1c1b,5w2c0b,41,39,B,27,false
A,107,9,0,P1,4w1c1b,5w2c0b,41,39,B,26,false
A,107,9,1,P2,4w1c1b,5w2c0b,41,39,B,29,false
A,107,10,0,P1,4w1c1b,5w2c0b,41,39,A,27,false
A,107,10,1,P2,4w1c1b,5w2c0b,41,39,B,32,false
A,107,11,0,P1,4w1c1b,5w2c0b,41,39,A,25,false
A,107,11,1,P2,4w1c1b,5w2c0b,41,39,B,21,false
A,107,12,0,P1,4w1c1b,5w2c0b,41,39,B,18,false
A,107,12,1,P2,4w1c1b,5w2c0b,41,39,A,26,false
A,107,13,0,P1,4w1c1b,5w2c0b,41,39,A,21,false
A,107,13,1,P2,4w1c1b,5w2c0b,41,39,B,19,false
A,107,14,0,P1,4w1c1b,5w2c0b,41,39,B,26,false
A,107,14,1,P2,4w1c1b,5w2c0b,41,39,B,22,false
A,107,15,0,P1,4w1c1b,5w2c0b,41,39,B,26,false
A,107,15,1,P2,4w1c1b,5w2c0b,41,39,A,29,false
A,107,16,0,P1,4w1c1b,5w2c0b,41,39,A,18,false
A,107,16,1,P2,4w1c1b,5w2c0b,41,39,A,26,false
A,107,17,0,P1,4w1c1b,5w2c0b,41,39,A,27,false
A,107,17,1,P2,4w1c1b,5w2c0b,41,39,A,39,false
A,107,18,0,P1,4w1c1b,5w2c0b,41,39,B,22,false
A,107,18,1,P2,4w1c1b,5w2c0b,41,39,B,23,false
A,107,19,0,P1,4w1c1b,5w2c0b,41,39,B,20,false
A,107,19,1,P2,4w1c1b,5w2c0b,41,39,A,33,false
A,107,20,0,P1,4w1c1b,5w2c0b,41,39,B,28,false
A,107,20,1,P2,4w1c1b,5w2c0b,41,39,B,19,false
A,108,1,0,P1,4w1c1b,7w1c0b,41,42,B,30,false
A,108,1,1,P2,4w1c1b,7w1c0b,41,42,A,30,false
A,108,2,0,P1,4w1c1b,7w1c0b,41,42,A,26,false
A,108,2,1,P2,4w1c1b,7w1c0b,41,42,A,31,false
A,108,3,0,P1,4w1c1b,7w1c0b,41,42,B,18,false
A,108,3,1,P2,4w1c1b,7w1c0b,41,42,A,24,false
A,108,4,0,P1,4w1c1b,7w1c0b,41,42,B,22,false
A,108,4,1,P2,4w1c1b,7w1c0b,41,42,B,23,false
A,108,5,0,P1,4w1c1b,7w1c0b,41,42,B,28,false
A,108,5,1,P2,4w1c1b,7w1c0b,41,42,B,21,false
A,108,6,0,P1,4w1c1b,7w1c0b,41,42,B,24,false
A,108,6,1,P2,4w1c1b,7w1c0b,41,42,B,27,false
A,108,7,0,P1,4w1c1b,7w1c0b,41,42,A,25,false
A,108,7,1,P2,4w1c1b,7w1c0b,41,42,B,20,false
A,108,8,0,P1,4w1c1b,7w1c0b,41,42,A,23,false
A,108,8,1,P2,4w1c1b,7w1c0b,41,42,B,19,false
A,108,9,0,P1,4w1c1b,7w1c0b,41,42,B,20,false
A,108,9,1,P2,4w1c1b,7w1c0b,41,42,B,23,false
A,108,10,0,P1,4w1c1b,7w1c0b,41,42,B,20,false
A,108,10,1,P2,4w1c1b,7w1c0b,41,42,B,23,false
A,108,11,0,P1,4w1c1b,7w1c0b,41,42,B,18,false
A,108,11,1,P2,4w1c1b,7w1c0b,41,42,A,22,false
A,108,12,0,P1,4w1c1b,7w1c0b,41,42,A,21,false
A,108,12,1,P2,4w1c1b,7w1c0b,41,42,B,17,false
A,108,13,0,P1,4w1c1b,7w1c0b,41,42,B,20,false
A,108,13,1,P2,4w1c1b,7w1c0b,41,42,A,26,false
A,108,14,0,P1,4w1c1b,7w1c0b,41,42,B,22,false
A,108,14,1,P2,4w1c1b,7w1c0b,41,42,A,28,false
A,108,15,0,P1,4w1c1b,7w1c0b,41,42,B,24,false
A,108,15,1,P2,4w1c1b,7w1c0b,41,42,B,20,false
A,108,16,0,P1,4w1c1b,7w1c0b,41,42,B,18,false
A,108,16,1,P2,4w1c1b,7w1c0b,41,42,B,18,false
A,108,17,0,P1,4w1c1b,7w1c0b,41,42,A,25,false
A,108,17,1,P2,4w1c1b,7w1c0b,41,42,B,29,false
A,108,18,0,P1,4w1c1b,7w1c0b,41,42,B,20,false
A,108,18,1,P2,4w1c1b,7w1c0b,41,42,A,24,false
A,108,19,0,P1,4w1c1b,7w1c0b,41,42,B,24,false
A,108,19,1,P2,4w1c1b,7w1c0b,41,42,A,28,false
A,108,20,0,P1,4w1c1b,7w1c0b,41,42,B,42,false
A,108,20,1,P2,4w1c1b,7w1c0b,41,42,B,31,false
A,109,1,0,P1,4w1c1b,8w0c0b,41,40,A,25,false
A,109,1,1,P2,4w1c1b,8w0c0b,41,40,B,17,false
A,109,2,0,P1,4w1c1b,8w0c0b,41,40,B,24,false
A,109,2,1,P2,4w1c1b,8w0c0b,41,40,A,36,false
A,109,3,0,P1,4w1c1b,8w0c0b,41,40,B,18,false
A,109,3,1,P2,4w1c1b,8w0c0b,41,40,B,21,false
A,109,4,0,P1,4w1c1b,8w0c0b,41,40,A,22,false
A,109,4,1,P2,4w1c1b,8w0c0b,41,40,A,28,false
A,109,5,0,P1,4w1c1b,8w0c0b,41,40,A,32,false
A,109,5,1,P2,4w1c1b,8w0c0b,41,40,B,25,false
A,109,6,0,P1,4w1c1b,8w0c0b,41,40,B,22,false
A,109,6,1,P2,4w1c1b,8w0c0b,41,40,A,21,false
A,109,7,0,P1,4w1c1b,8w0c0b,41,40,B,22,false
A,109,7,1,P2,4w1c1b,8w0c0b,41,40,B,25,false
A,109,8,0,P1,4w1c1b,8w0c0b,41,40,A,30,false
A,109,8,1,P2,4w1c1b,8w0c0b,41,40,B,21,false
A,109,9,0,P1,4w1c1b,8w0c0b,41,40,A,24,false
A,109,9,1,P2,4w1c1b,8w0c0b,41,40,A,24,false
A,109,10,0,P1,4w1c1b,8w0c0b,41,40,B,22,false
A,109,10,1,P2,4w1c1b,8w0c0b,41,40,B,19,false
A,109,11,0,P1,4w1c1b,8w0c0b,41,40,A,33,false
A,109,11,1,P2,4w1c1b,8w0c0b,41,40,A,27,false
A,109,12,0,P1,4w1c1b,8w0c0b,41,40,B,37,false
A,109,12,1,P2,4w1c1b,8w0c0b,41,40,A,25,false
A,109,13,0,P1,4w1c1b,8w0c0b,41,40,B,24,false
A,109,13,1,P2,4w1c1b,8w0c0b,41,40,A,29,false
A,109,14,0,P1,4w1c1b,8w0c0b,41,40,B,26,false
A,109,14,1,P2,4w1c1b,8w0c0b,41,40,A,32,false
A,109,15,0,P1,4w1c1b,8w0c0b,41,40,B,23,false
A,109,15,1,P2,4w1c1b,8w0c0b,41,40,B,21,false
A,109,16,0,P1,4w1c1b,8w0c0b,41,40,B,18,false
A,109,16,1,P2,4w1c1b,8w0c0b,41,40,B,21,false
A,109,17,0,P1,4w1c1b,8w0c0b,41,40,A,23,false
A,109,17,1,P2,4w1c1b,8w0c0b,41,40,B,27,false
A,109,18,0,P1,4w1c1b,8w0c0b,41,40,B,18,false
A,109,18,1,P2,4w1c1b,8w0c0b,41,40,A,26,false
A,109,19,0,P1,4w1c1b,8w0c0b,41,40,A,34,false
A,109,19,1,P2,4w1c1b,8w0c0b,41,40,A,31,false
A,109,20,0,P1,4w1c1b,8w0c0b,41,40,A,33,false
A,109,20,1,P2,4w1c1b,8w0c0b,41,40,B,23,false
A,110,1,0,P1,4w3c0b,5w0c1b,41,39,A,23,false
A,110,1,1,P2,4w3c0b,5w0c1b,41,39,A,22,false
A,110,2,0,P1,4w3c0b,5w0c1b,41,39,B,24,false
A,110,2,1,P2,4w3c0b,5w0c1b,41,39,A,18,false
A,110,3,0,P1,4w3c0b,5w0c1b,41,39,A,25,false
A,110,3,1,P2,4w3c0b,5w0c1b,41,39,A,24,false
A,110,4,0,P1,4w3c0b,5w0c1b,41,39,B,24,false
A,110,4,1,P2,4w3c0b,5w0c1b,41,39,A,24,false
A,110,5,0,P1,4w3c0b,5w0c1b,41,39,A,19,false
A,110,5,1,P2,4w3c0b,5w0c1b,41,39,A,20,false
A,110,6,0,P1,4w3c0b,5w0c1b,41,39,A,21,false
A,110,6,1,P2,4w3c0b,5w0c1b,41,39,A,24,false
A,110,7,0,P1,4w3c0b,5w0c1b,41,39,B,22,false
A,110,7,1,P2,4w3c0b,5w0c1b,41,39,B,21,false
A,110,8,0,P1,4w3c0b,5w0c1b,41,39,A,26,false
A,110,8,1,P2,4w3c0b,5w0c1b,41,39,B,22,false
A,110,9,0,P1,4w3c0b,5w0c1b,41,39,A,26,false
A,110,9,1,P2,4w3c0b,5w0c1b,41,39,A,35,false
A,110,10,0,P1,4w3c0b,5w0c1b,41,39,A,21,false
A,110,10,1,P2,4w3c0b,5w0c1b,41,39,B,21,false
A,110,11,0,P1,4w3c0b,5w0c1b,41,39,A,21,false
A,110,11,1,P2,4w3c0b,5w0c1b,41,39,A,20,false
A,110,12,0,P1,4w3c0b,5w0c1b,41,39,B,24,false
A,110,12,1,P2,4w3c0b,5w0c1b,41,39,B,21,false
A,110,13,0,P1,4w3c0b,5w0c1b,41,39,B,24,false
A,110,13,1,P2,4w3c0b,5w0c1b,41,39,A,26,false
A,110,14,0,P1,4w3c0b,5w0c1b,41,39,A,23,false
A,110,14,1,P2,4w3c0b,5w0c1b,41,39,A,26,false
A,110,15,0,P1,4w3c0b,5w0c1b,41,39,A,25,false
A,110,15,1,P2,4w3c0b,5w0c1b,41,39,A,20,false
A,110,16,0,P1,4w3c0b,5w0c1b,41,39,A,19,false
A,110,16,1,P2,4w3c0b,5w0c1b,41,39,A,24,false
A,110,17,0,P1,4w3c0b,5w0c1b,41,39,A,25,false
A,110,17,1,P2,4w3c0b,5w0c1b,41,39,A,26,false
A,110,18,0,P1,4w3c0b,5w0c1b,41,39,B,18,false
A,110,18,1,P2,4w3c0b,5w0c1b,41,39,B,23,false
A,110,19,0,P1,4w3c0b,5w0c1b,41,39,B,20,false
A,110,19,1,P2,4w3c0b,5w0c1b,41,39,A,28,false
A,110,20,0,P1,4w3c0b,5w0c1b,41,39,A,17,false
A,110,20,1,P2,4w3c0b,5w0c1b,41,39,B,32,false
A,111,1,0,P1,4w3c0b,5w2c0b,41,39,B,20,false
A,111,1,1,P2,4w3c0b,5w2c0b,41,39,A,33,false
A,111,2,0,P1,4w3c0b,5w2c0b,41,39,A,31,false
A,111,2,1,P2,4w3c0b,5w2c0b,41,39,B,30,false
A,111,3,0,P1,4w3c0b,5w2c0b,41,39,B,32,false
A,111,3,1,P2,4w3c0b,5w2c0b,41,39,A,20,false
A,111,4,0,P1,4w3c0b,5w2c0b,41,39,B,19,false
A,111,4,1,P2,4w3c0b,5w2c0b,41,39,A,28,false
A,111,5,0,P1,4w3c0b,5w2c0b,41,39,B,22,false
A,111,5,1,P2,4w3c0b,5w2c0b,41,39,B,21,false
A,111,6,0,P1,4w3c0b,5w2c0b,41,39,A,17,false
A,111,6,1,P2,4w3c0b,5w2c0b,41,39,B,19,false
A,111,7,0,P1,4w3c0b,5w2c0b,41,39,B,18,false
A,111,7,1,P2,4w3c0b,5w2c0b,41,39,A,24,false
A,111,8,0,P1,4w3c0b,5w2c0b,41,39,A,19,false
A,111,8,1,P2,4w3c0b,5w2c0b,41,39,A,18,false
A,111,9,0,P1,4w3c0b,5w2c0b,41,39,A,19,false
A,111,9,1,P2,4w3c0b,5w2c0b,41,39,B,19,false
A,111,10,0,P1,4w3c0b,5w2c0b,41,39,B,27,false
A,111,10,1,P2,4w3c0b,5w2c0b,41,39,A,24,false
A,111,11,0,P1,4w3c0b,5w2c0b,41,39,B,20,false
A,111,11,1,P2,4w3c0b,5w2c0b,41,39,B,27,false
A,111,12,0,P1,4w3c0b,5w2c0b,41,39,A,23,false
A,111,12,1,P2,4w3c0b,5w2c0b,41,39,B,19,false
A,111,13,0,P1,4w3c0b,5w2c0b,41,39,B,25,false
A,111,13,1,P2,4w3c0b,5w2c0b,41,39,B,30,false
A,111,14,0,P1,4w3c0b,5w2c0b,41,39,A,25,false
A,111,14,1,P2,4w3c0b,5w2c0b,41,39,B,27,false
A,111,15,0,P1,4w3c0b,5w2c0b,41,39,B,18,false
A,111,15,1,P2,4w3c0b,5w2c0b,41,39,B,25,false
A,111,16,0,P1,4w3c0b,5w2c0b,41,39,A,19,false
A,111,16,1,P2,4w3c0b,5w2c0b,41,39,A,27,false
A,111,17,0,P1,4w3c0b,5w2c0b,41,39,B,32,false
A,111,17,1,P2,4w3c0b,5w2c0b,41,39,A,28,false
A,111,18,0,P1,4w3c0b,5w2c0b,41,39,B,30,false
A,111,18,1,P2,4w3c0b,5w2c0b,41,39,A,22,false
A,111,19,0,P1,4w3c0b,5w2c0b,41,39,B,22,false
A,111,19,1,P2,4w3c0b,5w2c0b,41,39,A,30,false
A,111,20,0,P1,4w3c0b,5w2c0b,41,39,A,21,false
A,111,20,1,P2,4w3c0b,5w2c0b,41,39,B,28,false
A,112,1,0,P1,4w3c0b,7w1c0b,41,42,A,23,false
A,112,1,1,P2,4w3c0b,7w1c0b,41,42,B,19,false
A,112,2,0,P1,4w3c0b,7w1c0b,41,42,B,28,false
A,112,2,1,P2,4w3c0b,7w1c0b,41,42,A,20,false
A,112,3,0,P1,4w3c0b,7w1c0b,41,42,B,18,false
A,112,3,1,P2,4w3c0b,7w1c0b,41,42,A,20,false
A,112,4,0,P1,4w3c0b,7w1c0b,41,42,B,18,false
A,112,4,1,P2,4w3c0b,7w1c0b,41,42,A,25,false
A,112,5,0,P1,4w3c0b,7w1c0b,41,42,B,24,false
A,112,5,1,P2,4w3c0b,7w1c0b,41,42,A,20,false
A,112,6,0,P1,4w3c0b,7w1c0b,41,42,B,18,false
A,112,6,1,P2,4w3c0b,7w1c0b,41,42,B,18,false
A,112,7,0,P1,4w3c0b,7w1c0b,41,42,A,23,false
A,112,7,1,P2,4w3c0b,7w1c0b,41,42,B,20,false
A,112,8,0,P1,4w3c0b,7w1c0b,41,42,A,19,false
A,112,8,1,P2,4w3c0b,7w1c0b,41,42,B,17,false
A,112,9,0,P1,4w3c0b,7w1c0b,41,42,B,20,false
A,112,9,1,P2,4w3c0b,7w1c0b,41,42,B,23,false
A,112,10,0,P1,4w3c0b,7w1c0b,41,42,A,33,false
A,112,10,1,P2,4w3c0b,7w1c0b,41,42,B,19,false
A,112,11,0,P1,4w3c0b,7w1c0b,41,42,B,22,false
A,112,11,1,P2,4w3c0b,7w1c0b,41,42,A,28,false
A,112,12,0,P1,4w3c0b,7w1c0b,41,42,B,22,false
A,112,12,1,P2,4w3c0b,7w1c0b,41,42,B,23,false
A,112,13,0,P1,4w3c0b,7w1c0b,41,42,A,26,false
A,112,13,1,P2,4w3c0b,7w1c0b,41,42,B,23,false
A,112,14,0,P1,4w3c0b,7w1c0b,41,42,B,24,false
A,112,14,1,P2,4w3c0b,7w1c0b,41,42,A,25,false
A,112,15,0,P1,4w3c0b,7w1c0b,41,42,A,17,false
A,112,15,1,P2,4w3c0b,7w1c0b,41,42,B,23,false
A,112,16,0,P1,4w3c0b,7w1c0b,41,42,A,19,false
A,112,16,1,P2,4w3c0b,7w1c0b,41,42,B,21,false
A,112,17,0,P1,4w3c0b,7w1c0b,41,42,A,21,false
A,112,17,1,P2,4w3c0b,7w1c0b,41,42,A,30,false
A,112,18,0,P1,4w3c0b,7w1c0b,41,42,B,22,false
A,112,18,1,P2,4w3c0b,7w1c0b,41,42,A,20,false
A,112,19,0,P1,4w3c0b,7w1c0b,41,42,B,20,false
A,112,19,1,P2,4w3c0b,7w1c0b,41,42,B,21,false
A,112,20,0,P1,4w3c0b,7w1c0b,41,42,A,30,false
A,112,20,1,P2,4w3c0b,7w1c0b,41,42,B,25,false
A,113,1,0,P1,4w3c0b,8w0c0b,41,40,A,25,false
A,113,1,1,P2,4w3c0b,8w0c0b,41,40,B,21,false
A,113,2,0,P1,4w3c0b,8w0c0b,41,40,B,24,false
A,113,2,1,P2,4w3c0b,8w0c0b,41,40,A,20,false
A,113,3,0,P1,4w3c0b,8w0c0b,41,40,B,19,false
A,113,3,1,P2,4w3c0b,8w0c0b,41,40,A,24,false
A,113,4,0,P1,4w3c0b,8w0c0b,41,40,B,22,false
A,113,4,1,P2,4w3c0b,8w0c0b,41,40,A,24,false
A,113,5,0,P1,4w3c0b,8w0c0b,41,40,B,23,false
A,113,5,1,P2,4w3c0b,8w0c0b,41,40,B,29,false
A,113,6,0,P1,4w3c0b,8w0c0b,41,40,B,23,false
A,113,6,1,P2,4w3c0b,8w0c0b,41,40,B,19,false
A,113,7,0,P1,4w3c0b,8w0c0b,41,40,A,19,false
A,113,7,1,P2,4w3c0b,8w0c0b,41,40,A,20,false
A,113,8,0,P1,4w3c0b,8w0c0b,41,40,A,17,false
A,113,8,1,P2,4w3c0b,8w0c0b,41,40,B,29,false
A,113,9,0,P1,4w3c0b,8w0c0b,41,40,A,28,false
A,113,9,1,P2,4w3c0b,8w0c0b,41,40,B,23,false
A,113,10,0,P1,4w3c0b,8w0c0b,41,40,A,29,false
A,113,10,1,P2,4w3c0b,8w0c0b,41,40,B,21,false
A,113,11,0,P1,4w3c0b,8w0c0b,41,40,B,16,false
A,113,11,1,P2,4w3c0b,8w0c0b,41,40,B,31,false
A,113,12,0,P1,4w3c0b,8w0c0b,41,40,B,20,false
A,113,12,1,P2,4w3c0b,8w0c0b,41,40,A,22,false
A,113,13,0,P1,4w3c0b,8w0c0b,41,40,A,19,false
A,113,13,1,P2,4w3c0b,8w0c0b,41,40,B,27,false
A,113,14,0,P1,4w3c0b,8w0c0b,41,40,B,26,false
A,113,14,1,P2,4w3c0b,8w0c0b,41,40,B,33,false
A,113,15,0,P1,4w3c0b,8w0c0b,41,40,A,35,false
A,113,15,1,P2,4w3c0b,8w0c0b,41,40,B,23,false
A,113,16,0,P1,4w3c0b,8w0c0b,41,40,A,21,false
A,113,16,1,P2,4w3c0b,8w0c0b,41,40,B,19,false
A,113,17,0,P1,4w3c0b,8w0c0b,41,40,A,27,false
A,113,17,1,P2,4w3c0b,8w0c0b,41,40,B,27,false
A,113,18,0,P1,4w3c0b,8w0c0b,41,40,B,16,false
A,113,18,1,P2,4w3c0b,8w0c0b,41,40,A,30,false
A,113,19,0,P1,4w3c0b,8w0c0b,41,40,B,20,false
A,113,19,1,P2,4w3c0b,8w0c0b,41,40,B,21,false
A,113,20,0,P1,4w3c0b,8w0c0b,41,40,A,25,false
A,113,20,1,P2,4w3c0b,8w0c0b,41,40,B,25,false
A,114,1,0,P1,5w0c1b,5w2c0b,39,39,B,23,false
A,114,1,1,P2,5w0c1b,5w2c0b,39,39,A,24,false
A,114,2,0,P1,5w0c1b,5w2c0b,39,39,B,22,false
A,114,2,1,P2,5w0c1b,5w2c0b,39,39,A,18,false
A,114,3,0,P1,5w0c1b,5w2c0b,39,39,A,23,false
A,114,3,1,P2,5w0c1b,5w2c0b,39,39,A,22,false
A,114,4,0,P1,5w0c1b,5w2c0b,39,39,B,26,false
A,114,4,1,P2,5w0c1b,5w2c0b,39,39,A,28,false
A,114,5,0,P1,5w0c1b,5w2c0b,39,39,A,25,false
A,114,5,1,P2,5w0c1b,5w2c0b,39,39,B,29,false
A,114,6,0,P1,5w0c1b,5w2c0b,39,39,A,16,false
A,114,6,1,P2,5w0c1b,5w2c0b,39,39,B,17,false
A,114,7,0,P1,5w0c1b,5w2c0b,39,39,B,28,false
A,114,7,1,P2,5w0c1b,5w2c0b,39,39,B,17,false
A,114,8,0,P1,5w0c1b,5w2c0b,39,39,B,33,false
A,114,8,1,P2,5w0c1b,5w2c0b,39,39,B,23,false
A,114,9,0,P1,5w0c1b,5w2c0b,39,39,B,24,false
A,114,9,1,P2,5w0c1b,5w2c0b,39,39,A,41,false
A,114,10,0,P1,5w0c1b,5w2c0b,39,39,A,19,false
A,114,10,1,P2,5w0c1b,5w2c0b,39,39,A,39,false
A,114,11,0,P1,5w0c1b,5w2c0b,39,39,A,20,false
A,114,11,1,P2,5w0c1b,5w2c0b,39,39,A,22,false
A,114,12,0,P1,5w0c1b,5w2c0b,39,39,B,22,false
A,114,12,1,P2,5w0c1b,5w2c0b,39,39,B,23,false
A,114,13,0,P1,5w0c1b,5w2c0b,39,39,A,19,false
A,114,13,1,P2,5w0c1b,5w2c0b,39,39,B,21,false
A,114,14,0,P1,5w0c1b,5w2c0b,39,39,B,24,false
A,114,14,1,P2,5w0c1b,5w2c0b,39,39,B,28,false
A,114,15,0,P1,5w0c1b,5w2c0b,39,39,B,28,false
A,114,15,1,P2,5w0c1b,5w2c0b,39,39,B,25,false
A,114,16,0,P1,5w0c1b,5w2c0b,39,39,B,21,false
A,114,16,1,P2,5w0c1b,5w2c0b,39,39,A,21,false
A,114,17,0,P1,5w0c1b,5w2c0b,39,39,A,27,false
A,114,17,1,P2,5w0c1b,5w2c0b,39,39,B,33,false
A,114,18,0,P1,5w0c1b,5w2c0b,39,39,A,30,false
A,114,18,1,P2,5w0c1b,5w2c0b,39,39,A,23,false
A,114,19,0,P1,5w0c1b,5w2c0b,39,39,B,20,false
A,114,19,1,P2,5w0c1b,5w2c0b,39,39,A,31,false
A,114,20,0,P1,5w0c1b,5w2c0b,39,39,B,22,false
A,114,20,1,P2,5w0c1b,5w2c0b,39,39,B,23,false
A,115,1,0,P1,5w0c1b,7w1c0b,39,42,B,25,false
A,115,1,1,P2,5w0c1b,7w1c0b,39,42,A,26,false
A,115,2,0,P1,5w0c1b,7w1c0b,39,42,B,24,false
A,115,2,1,P2,5w0c1b,7w1c0b,39,42,B,23,false
A,115,3,0,P1,5w0c1b,7w1c0b,39,42,B,16,false
A,115,3,1,P2,5w0c1b,7w1c0b,39,42,A,31,false
A,115,4,0,P1,5w0c1b,7w1c0b,39,42,B,25,false
A,115,4,1,P2,5w0c1b,7w1c0b,39,42,B,23,false
A,115,5,0,P1,5w0c1b,7w1c0b,39,42,A,27,false
A,115,5,1,P2,5w0c1b,7w1c0b,39,42,A,33,false
A,115,6,0,P1,5w0c1b,7w1c0b,39,42,B,28,false
A,115,6,1,P2,5w0c1b,7w1c0b,39,42,A,26,false
A,115,7,0,P1,5w0c1b,7w1c0b,39,42,B,22,false
A,115,7,1,P2,5w0c1b,7w1c0b,39,42,B,19,false
A,115,8,0,P1,5w0c1b,7w1c0b,39,42,A,25,false
A,115,8,1,P2,5w0c1b,7w1c0b,39,42,B,21,false
A,115,9,0,P1,5w0c1b,7w1c0b,39,42,B,24,false
A,115,9,1,P2,5w0c1b,7w1c0b,39,42,B,25,false
A,115,10,0,P1,5w0c1b,7w1c0b,39,42,B,20,false
A,115,10,1,P2,5w0c1b,7w1c0b,39,42,A,25,false
A,115,11,0,P1,5w0c1b,7w1c0b,39,42,B,16,false
A,115,11,1,P2,5w0c1b,7w1c0b,39,42,B,21,false
A,115,12,0,P1,5w0c1b,7w1c0b,39,42,B,24,false
A,115,12,1,P2,5w0c1b,7w1c0b,39,42,B,21,false
A,115,13,0,P1,5w0c1b,7w1c0b,39,42,B,23,false
A,115,13,1,P2,5w0c1b,7w1c0b,39,42,A,26,false
A,115,14,0,P1,5w0c1b,7w1c0b,39,42,A,23,false
A,115,14,1,P2,5w0c1b,7w1c0b,39,42,B,41,false
A,115,15,0,P1,5w0c1b,7w1c0b,39,42,B,19,false
A,115,15,1,P2,5w0c1b,7w1c0b,39,42,A,28,false
A,115,16,0,P1,5w0c1b,7w1c0b,39,42,B,28,false
A,115,16,1,P2,5w0c1b,7w1c0b,39,42,B,25,false
A,115,17,0,P1,5w0c1b,7w1c0b,39,42,A,33,false
A,115,17,1,P2,5w0c1b,7w1c0b,39,42,B,25,false
A,115,18,0,P1,5w0c1b,7w1c0b,39,42,A,30,false
A,115,18,1,P2,5w0c1b,7w1c0b,39,42,A,20,false
A,115,19,0,P1,5w0c1b,7w1c0b,39,42,B,28,false
A,115,19,1,P2,5w0c1b,7w1c0b,39,42,A,27,false
A,115,20,0,P1,5w0c1b,7w1c0b,39,42,A,27,false
A,115,20,1,P2,5w0c1b,7w1c0b,39,42,A,28,false
A,116,1,0,P1,5w0c1b,8w0c0b,39,40,A,26,false
A,116,1,1,P2,5w0c1b,8w0c0b,39,40,A,25,false
A,116,2,0,P1,5w0c1b,8w0c0b,39,40,B,20,false
A,116,2,1,P2,5w0c1b,8w0c0b,39,40,A,20,false
A,116,3,0,P1,5w0c1b,8w0c0b,39,40,B,28,false
A,116,3,1,P2,5w0c1b,8w0c0b,39,40,A,31,false
A,116,4,0,P1,5w0c1b,8w0c0b,39,40,B,20,false
A,116,4,1,P2,5w0c1b,8w0c0b,39,40,B,25,false
A,116,5,0,P1,5w0c1b,8w0c0b,39,40,A,23,false
A,116,5,1,P2,5w0c1b,8w0c0b,39,40,B,25,false
A,116,6,0,P1,5w0c1b,8w0c0b,39,40,A,24,false
A,116,6,1,P2,5w0c1b,8w0c0b,39,40,A,20,false
A,116,7,0,P1,5w0c1b,8w0c0b,39,40,B,16,false
A,116,7,1,P2,5w0c1b,8w0c0b,39,40,B,15,false
A,116,8,0,P1,5w0c1b,8w0c0b,39,40,A,25,false
A,116,8,1,P2,5w0c1b,8w0c0b,39,40,B,17,false
A,116,9,0,P1,5w0c1b,8w0c0b,39,40,A,34,false
A,116,9,1,P2,5w0c1b,8w0c0b,39,40,A,21,false
A,116,10,0,P1,5w0c1b,8w0c0b,39,40,B,37,false
A,116,10,1,P2,5w0c1b,8w0c0b,39,40,A,30,false
A,116,11,0,P1,5w0c1b,8w0c0b,39,40,B,20,false
A,116,11,1,P2,5w0c1b,8w0c0b,39,40,B,19,false
A,116,12,0,P1,5w0c1b,8w0c0b,39,40,A,26,false
A,116,12,1,P2,5w0c1b,8w0c0b,39,40,B,23,false
A,116,13,0,P1,5w0c1b,8w0c0b,39,40,A,25,false
A,116,13,1,P2,5w0c1b,8w0c0b,39,40,B,20,false
A,116,14,0,P1,5w0c1b,8w0c0b,39,40,A,23,false
A,116,14,1,P2,5w0c1b,8w0c0b,39,40,B,21,false
A,116,15,0,P1,5w0c1b,8w0c0b,39,40,A,21,false
A,116,15,1,P2,5w0c1b,8w0c0b,39,40,B,21,false
A,116,16,0,P1,5w0c1b,8w0c0b,39,40,B,22,false
A,116,16,1,P2,5w0c1b,8w0c0b,39,40,B,25,false
A,116,17,0,P1,5w0c1b,8w0c0b,39,40,B,26,false
A,116,17,1,P2,5w0c1b,8w0c0b,39,40,A,26,false
A,116,18,0,P1,5w0c1b,8w0c0b,39,40,B,16,false
A,116,18,1,P2,5w0c1b,8w0c0b,39,40,A,24,false
A,116,19,0,P1,5w0c1b,8w0c0b,39,40,A,39,false
A,116,19,1,P2,5w0c1b,8w0c0b,39,40,A,25,false
A,116,20,0,P1,5w0c1b,8w0c0b,39,40,A,26,false
A,116,20,1,P2,5w0c1b,8w0c0b,39,40,B,25,false
A,117,1,0,P1,5w2c0b,7w1c0b,39,42,B,34,false
A,117,1,1,P2,5w2c0b,7w1c0b,39,42,B,22,false
A,117,2,0,P1,5w2c0b,7w1c0b,39,42,B,28,false
A,117,2,1,P2,5w2c0b,7w1c0b,39,42,A,23,false
A,117,3,0,P1,5w2c0b,7w1c0b,39,42,B,16,false
A,117,3,1,P2,5w2c0b,7w1c0b,39,42,B,21,false
A,117,4,0,P1,5w2c0b,7w1c0b,39,42,B,21,false
A,117,4,1,P2,5w2c0b,7w1c0b,39,42,A,24,false
A,117,5,0,P1,5w2c0b,7w1c0b,39,42,B,20,false
A,117,5,1,P2,5w2c0b,7w1c0b,39,42,A,23,false
A,117,6,0,P1,5w2c0b,7w1c0b,39,42,A,24,false
A,117,6,1,P2,5w2c0b,7w1c0b,39,42,B,29,false
A,117,7,0,P1,5w2c0b,7w1c0b,39,42,B,28,false
A,117,7,1,P2,5w2c0b,7w1c0b,39,42,B,21,false
A,117,8,0,P1,5w2c0b,7w1c0b,39,42,A,19,false
A,117,8,1,P2,5w2c0b,7w1c0b,39,42,B,25,false
A,117,9,0,P1,5w2c0b,7w1c0b,39,42,A,21,false
A,117,9,1,P2,5w2c0b,7w1c0b,39,42,B,19,false
A,117,10,0,P1,5w2c0b,7w1c0b,39,42,A,27,false
A,117,10,1,P2,5w2c0b,7w1c0b,39,42,B,17,false
A,117,11,0,P1,5w2c0b,7w1c0b,39,42,B,21,false
A,117,11,1,P2,5w2c0b,7w1c0b,39,42,A,22,false
A,117,12,0,P1,5w2c0b,7w1c0b,39,42,B,20,false
A,117,12,1,P2,5w2c0b,7w1c0b,39,42,B,20,false
A,117,13,0,P1,5w2c0b,7w1c0b,39,42,A,31,false
A,117,13,1,P2,5w2c0b,7w1c0b,39,42,B,23,false
A,117,14,0,P1,5w2c0b,7w1c0b,39,42,B,20,false
A,117,14,1,P2,5w2c0b,7w1c0b,39,42,A,28,false
A,117,15,0,P1,5w2c0b,7w1c0b,39,42,B,26,false
A,117,15,1,P2,5w2c0b,7w1c0b,39,42,A,22,false
A,117,16,0,P1,5w2c0b,7w1c0b,39,42,A,23,false
A,117,16,1,P2,5w2c0b,7w1c0b,39,42,B,27,false
A,117,17,0,P1,5w2c0b,7w1c0b,39,42,B,28,false
A,117,17,1,P2,5w2c0b,7w1c0b,39,42,B,31,false
A,117,18,0,P1,5w2c0b,7w1c0b,39,42,B,18,false
A,117,18,1,P2,5w2c0b,7w1c0b,39,42,A,20,false
A,117,19,0,P1,5w2c0b,7w1c0b,39,42,B,22,false
A,117,19,1,P2,5w2c0b,7w1c0b,39,42,B,19,false
A,117,20,0,P1,5w2c0b,7w1c0b,39,42,B,22,false
A,117,20,1,P2,5w2c0b,7w1c0b,39,42,B,23,false
A,118,1,0,P1,5w2c0b,8w0c0b,39,40,A,19,false
A,118,1,1,P2,5w2c0b,8w0c0b,39,40,B,21,false
A,118,2,0,P1,5w2c0b,8w0c0b,39,40,A,25,false
A,118,2,1,P2,5w2c0b,8w0c0b,39,40,A,24,false
A,118,3,0,P1,5w2c0b,8w0c0b,39,40,B,20,false
A,118,3,1,P2,5w2c0b,8w0c0b,39,40,B,21,false
A,118,4,0,P1,5w2c0b,8w0c0b,39,40,B,24,false
A,118,4,1,P2,5w2c0b,8w0c0b,39,40,A,31,false
A,118,5,0,P1,5w2c0b,8w0c0b,39,40,A,22,false
A,118,5,1,P2,5w2c0b,8w0c0b,39,40,B,23,false
A,118,6,0,P1,5w2c0b,8w0c0b,39,40,B,32,false
A,118,6,1,P2,5w2c0b,8w0c0b,39,40,B,19,false
A,118,7,0,P1,5w2c0b,8w0c0b,39,40,A,21,false
A,118,7,1,P2,5w2c0b,8w0c0b,39,40,B,19,false
A,118,8,0,P1,5w2c0b,8w0c0b,39,40,A,19,false
A,118,8,1,P2,5w2c0b,8w0c0b,39,40,B,20,false
A,118,9,0,P1,5w2c0b,8w0c0b,39,40,B,24,false
A,118,9,1,P2,5w2c0b,8w0c0b,39,40,A,29,false
A,118,10,0,P1,5w2c0b,8w0c0b,39,40,B,26,false
A,118,10,1,P2,5w2c0b,8w0c0b,39,40,B,18,false
A,118,11,0,P1,5w2c0b,8w0c0b,39,40,A,25,false
A,118,11,1,P2,5w2c0b,8w0c0b,39,40,B,17,false
A,118,12,0,P1,5w2c0b,8w0c0b,39,40,B,23,false
A,118,12,1,P2,5w2c0b,8w0c0b,39,40,B,21,false
A,118,13,0,P1,5w2c0b,8w0c0b,39,40,A,19,false
A,118,13,1,P2,5w2c0b,8w0c0b,39,40,B,25,false
A,118,14,0,P1,5w2c0b,8w0c0b,39,40,B,33,false
A,118,14,1,P2,5w2c0b,8w0c0b,39,40,B,27,false
A,118,15,0,P1,5w2c0b,8w0c0b,39,40,B,24,false
A,118,15,1,P2,5w2c0b,8w0c0b,39,40,B,25,false
A,118,16,0,P1,5w2c0b,8w0c0b,39,40,A,25,false
A,118,16,1,P2,5w2c0b,8w0c0b,39,40,A,26,false
A,118,17,0,P1,5w2c0b,8w0c0b,39,40,B,26,false
A,118,17,1,P2,5w2c0b,8w0c0b,39,40,A,26,false
A,118,18,0,P1,5w2c0b,8w0c0b,39,40,B,22,false
A,118,18,1,P2,5w2c0b,8w0c0b,39,40,A,28,false
A,118,19,0,P1,5w2c0b,8w0c0b,39,40,B,20,false
A,118,19,1,P2,5w2c0b,8w0c0b,39,40,B,21,false
A,118,20,0,P1,5w2c0b,8w0c0b,39,40,B,24,false
A,118,20,1,P2,5w2c0b,8w0c0b,39,40,B,25,false
A,119,1,0,P1,7w1c0b,8w0c0b,42,40,B,39,false
A,119,1,1,P2,7w1c0b,8w0c0b,42,40,B,25,false
A,119,2,0,P1,7w1c0b,8w0c0b,42,40,B,18,false
A,119,2,1,P2,7w1c0b,8w0c0b,42,40,A,25,false
A,119,3,0,P1,7w1c0b,8w0c0b,42,40,B,20,false
A,119,3,1,P2,7w1c0b,8w0c0b,42,40,A,20,false
A,119,4,0,P1,7w1c0b,8w0c0b,42,40,A,25,false
A,119,4,1,P2,7w1c0b,8w0c0b,42,40,A,27,false
A,119,5,0,P1,7w1c0b,8w0c0b,42,40,B,26,false
A,119,5,1,P2,7w1c0b,8w0c0b,42,40,A,30,false
A,119,6,0,P1,7w1c0b,8w0c0b,42,40,B,24,false
A,119,6,1,P2,7w1c0b,8w0c0b,42,40,B,19,false
A,119,7,0,P1,7w1c0b,8w0c0b,42,40,B,29,false
A,119,7,1,P2,7w1c0b,8w0c0b,42,40,B,19,false
A,119,8,0,P1,7w1c0b,8w0c0b,42,40,B,18,false
A,119,8,1,P2,7w1c0b,8w0c0b,42,40,B,26,false
A,119,9,0,P1,7w1c0b,8w0c0b,42,40,A,23,false
A,119,9,1,P2,7w1c0b,8w0c0b,42,40,A,26,false
A,119,10,0,P1,7w1c0b,8w0c0b,42,40,B,32,false
A,119,10,1,P2,7w1c0b,8w0c0b,42,40,B,29,false
A,119,11,0,P1,7w1c0b,8w0c0b,42,40,A,21,false
A,119,11,1,P2,7w1c0b,8w0c0b,42,40,B,23,false
A,119,12,0,P1,7w1c0b,8w0c0b,42,40,B,28,false
A,119,12,1,P2,7w1c0b,8w0c0b,42,40,A,24,false
A,119,13,0,P1,7w1c0b,8w0c0b,42,40,A,23,false
A,119,13,1,P2,7w1c0b,8w0c0b,42,40,A,28,false
A,119,14,0,P1,7w1c0b,8w0c0b,42,40,B,22,false
A,119,14,1,P2,7w1c0b,8w0c0b,42,40,B,30,false
A,119,15,0,P1,7w1c0b,8w0c0b,42,40,A,21,false
A,119,15,1,P2,7w1c0b,8w0c0b,42,40,B,19,false
A,119,16,0,P1,7w1c0b,8w0c0b,42,40,A,25,false
A,119,16,1,P2,7w1c0b,8w0c0b,42,40,A,18,false
A,119,17,0,P1,7w1c0b,8w0c0b,42,40,A,27,false
A,119,17,1,P2,7w1c0b,8w0c0b,42,40,A,32,false
A,119,18,0,P1,7w1c0b,8w0c0b,42,40,A,23,false
A,119,18,1,P2,7w1c0b,8w0c0b,42,40,A,18,false
A,119,19,0,P1,7w1c0b,8w0c0b,42,40,A,25,false
A,119,19,1,P2,7w1c0b,8w0c0b,42,40,B,23,false
A,119,20,0,P1,7w1c0b,8w0c0b,42,40,A,35,false
A,119,20,1,P2,7w1c0b,8w0c0b,42,40,A,28,false
