cls,stat,k,value,seed,mirror,pos_a,winner_label,turns,unresolved
WDD,hp,0.7,11,1,0,P1,B,22,false
WDD,hp,0.7,11,1,1,P2,A,22,false
WDD,hp,0.7,11,2,0,P1,B,29,false
WDD,hp,0.7,11,2,1,P2,B,24,false
WDD,hp,0.7,11,3,0,P1,B,16,false
WDD,hp,0.7,11,3,1,P2,A,25,false
WDD,hp,0.7,11,4,0,P1,B,33,false
WDD,hp,0.7,11,4,1,P2,B,25,false
WDD,hp,0.7,11,5,0,P1,B,22,false
WDD,hp,0.7,11,5,1,P2,B,23,false
WDD,hp,0.7,11,6,0,P1,B,32,false
WDD,hp,0.7,11,6,1,P2,B,19,false
WDD,hp,0.7,11,7,0,P1,B,23,false
WDD,hp,0.7,11,7,1,P2,B,15,false
WDD,hp,0.7,11,8,0,P1,B,26,false
WDD,hp,0.7,11,8,1,P2,A,32,false
WDD,hp,0.7,11,9,0,P1,B,22,false
WDD,hp,0.7,11,9,1,P2,B,25,false
WDD,hp,0.7,11,10,0,P1,A,24,false
WDD,hp,0.7,11,10,1,P2,A,26,false
WDD,hp,0.7,11,11,0,P1,B,18,false
WDD,hp,0.7,11,11,1,P2,A,20,false
WDD,hp,0.7,11,12,0,P1,A,23,false
WDD,hp,0.7,11,12,1,P2,B,23,false
WDD,hp,0.7,11,13,0,P1,A,34,false
WDD,hp,0.7,11,13,1,P2,A,21,false
WDD,hp,0.7,11,14,0,P1,A,31,false
WDD,hp,0.7,11,14,1,P2,B,22,false
WDD,hp,0.7,11,15,0,P1,A,23,false
WDD,hp,0.7,11,15,1,P2,A,22,false
WDD,hp,0.7,11,16,0,P1,B,22,false
WDD,hp,0.7,11,16,1,P2,A,26,false
WDD,hp,0.7,11,17,0,P1,B,52,false
WDD,hp,0.7,11,17,1,P2,B,25,false
WDD,hp,0.7,11,18,0,P1,A,23,false
WDD,hp,0.7,11,18,1,P2,A,19,false
WDD,hp,0.7,11,19,0,P1,A,25,false
WDD,hp,0.7,11,19,1,P2,B,21,false
WDD,hp,0.7,11,20,0,P1,B,26,false
WDD,hp,0.7,11,20,1,P2,A,33,false
WDD,hp,0.7,11,21,0,P1,B,26,false
WDD,hp,0.7,11,21,1,P2,A,25,false
WDD,hp,0.7,11,22,0,P1,B,22,false
WDD,hp,0.7,11,22,1,P2,B,19,false
WDD,hp,0.7,11,23,0,P1,A,27,false
WDD,hp,0.7,11,23,1,P2,B,27,false
WDD,hp,0.7,11,24,0,P1,A,20,false
WDD,hp,0.7,11,24,1,P2,B,21,false
WDD,hp,0.7,11,25,0,P1,B,25,false
WDD,hp,0.7,11,25,1,P2,A,20,false
WDD,hp,0.7,11,26,0,P1,B,21,false
WDD,hp,0.7,11,26,1,P2,B,19,false
WDD,hp,0.7,11,27,0,P1,B,24,false
WDD,hp,0.7,11,27,1,P2,B,19,false
WDD,hp,0.7,11,28,0,P1,A,25,false
WDD,hp,0.7,11,28,1,P2,A,25,false
WDD,hp,0.7,11,29,0,P1,B,27,false
WDD,hp,0.7,11,29,1,P2,B,21,false
WDD,hp,0.7,11,30,0,P1,A,23,false
WDD,hp,0.7,11,30,1,P2,B,22,false
WDD,hp,0.7,11,31,0,P1,B,26,false
WDD,hp,0.7,11,31,1,P2,B,21,false
WDD,hp,0.7,11,32,0,P1,B,23,false
WDD,hp,0.7,11,32,1,P2,B,25,false
WDD,hp,0.7,11,33,0,P1,A,57,false
WDD,hp,0.7,11,33,1,P2,B,26,false
WDD,hp,0.7,11,34,0,P1,B,22,false
WDD,hp,0.7,11,34,1,P2,A,24,false
WDD,hp,0.7,11,35,0,P1,B,20,false
WDD,hp,0.7,11,35,1,P2,B,33,false
WDD,hp,0.7,11,36,0,P1,B,47,false
WDD,hp,0.7,11,36,1,P2,A,25,false
WDD,hp,0.7,11,37,0,P1,B,38,false
WDD,hp,0.7,11,37,1,P2,B,36,false
WDD,hp,0.7,11,38,0,P1,A,23,false
WDD,hp,0.7,11,38,1,P2,B,27,false
WDD,hp,0.7,11,39,0,P1,A,28,false
WDD,hp,0.7,11,39,1,P2,B,26,false
WDD,hp,0.7,11,40,0,P1,A,22,false
WDD,hp,0.7,11,40,1,P2,B,23,false
WDD,hp,0.7,11,41,0,P1,B,24,false
WDD,hp,0.7,11,41,1,P2,B,19,false
WDD,hp,0.7,11,42,0,P1,B,20,false
WDD,hp,0.7,11,42,1,P2,B,23,false
WDD,hp,0.7,11,43,0,P1,A,17,false
WDD,hp,0.7,11,43,1,P2,A,23,false
WDD,hp,0.7,11,44,0,P1,A,25,false
WDD,hp,0.7,11,44,1,P2,B,23,false
WDD,hp,0.7,11,45,0,P1,B,30,false
WDD,hp,0.7,11,45,1,P2,B,25,false
WDD,hp,0.7,11,46,0,P1,A,29,false
WDD,hp,0.7,11,46,1,P2,A,34,false
WDD,hp,0.7,11,47,0,P1,B,20,false
WDD,hp,0.7,11,47,1,P2,A,29,false
WDD,hp,0.7,11,48,0,P1,B,20,false
WDD,hp,0.7,11,48,1,P2,A,20,false
WDD,hp,0.7,11,49,0,P1,B,28,false
WDD,hp,0.7,11,49,1,P2,A,22,false
WDD,hp,0.7,11,50,0,P1,A,18,false
WDD,hp,0.7,11,50,1,P2,B,20,false
WDD,hp,0.85,13,1,0,P1,B,22,false
WDD,hp,0.85,13,1,1,P2,A,22,false
WDD,hp,0.85,13,2,0,P1,B,29,false
WDD,hp,0.85,13,2,1,P2,B,24,false
WDD,hp,0.85,13,3,0,P1,B,17,false
WDD,hp,0.85,13,3,1,P2,A,25,false
WDD,hp,0.85,13,4,0,P1,A,28,false
WDD,hp,0.85,13,4,1,P2,B,25,false
WDD,hp,0.85,13,5,0,P1,B,27,false
WDD,hp,0.85,13,5,1,P2,A,26,false
WDD,hp,0.85,13,6,0,P1,B,32,false
WDD,hp,0.85,13,6,1,P2,B,17,false
WDD,hp,0.85,13,7,0,P1,B,23,false
WDD,hp,0.85,13,7,1,P2,B,19,false
WDD,hp,0.85,13,8,0,P1,B,24,false
WDD,hp,0.85,13,8,1,P2,A,32,false
WDD,hp,0.85,13,9,0,P1,B,23,false
WDD,hp,0.85,13,9,1,P2,B,25,false
WDD,hp,0.85,13,10,0,P1,A,22,false
WDD,hp,0.85,13,10,1,P2,draw,100,true
WDD,hp,0.85,13,11,0,P1,A,25,false
WDD,hp,0.85,13,11,1,P2,A,22,false
WDD,hp,0.85,13,12,0,P1,A,21,false
WDD,hp,0.85,13,12,1,P2,B,23,false
WDD,hp,0.85,13,13,0,P1,A,20,false
WDD,hp,0.85,13,13,1,P2,A,21,false
WDD,hp,0.85,13,14,0,P1,A,31,false
WDD,hp,0.85,13,14,1,P2,B,26,false
WDD,hp,0.85,13,15,0,P1,A,23,false
WDD,hp,0.85,13,15,1,P2,A,21,false
WDD,hp,0.85,13,16,0,P1,B,22,false
WDD,hp,0.85,13,16,1,P2,A,21,false
WDD,hp,0.85,13,17,0,P1,B,52,false
WDD,hp,0.85,13,17,1,P2,B,25,false
WDD,hp,0.85,13,18,0,P1,A,21,false
WDD,hp,0.85,13,18,1,P2,B,23,false
WDD,hp,0.85,13,19,0,P1,A,25,false
WDD,hp,0.85,13,19,1,P2,B,21,false
WDD,hp,0.85,13,20,0,P1,B,32,false
WDD,hp,0.85,13,20,1,P2,A,30,false
WDD,hp,0.85,13,21,0,P1,B,22,false
WDD,hp,0.85,13,21,1,P2,A,25,false
WDD,hp,0.85,13,22,0,P1,B,22,false
WDD,hp,0.85,13,22,1,P2,B,19,false
WDD,hp,0.85,13,23,0,P1,A,27,false
WDD,hp,0.85,13,23,1,P2,A,27,false
WDD,hp,0.85,13,24,0,P1,A,31,false
WDD,hp,0.85,13,24,1,P2,B,22,false
WDD,hp,0.85,13,25,0,P1,B,24,false
WDD,hp,0.85,13,25,1,P2,A,20,false
WDD,hp,0.85,13,26,0,P1,B,22,false
WDD,hp,0.85,13,26,1,P2,B,19,false
WDD,hp,0.85,13,27,0,P1,B,23,false
WDD,hp,0.85,13,27,1,P2,B,19,false
WDD,hp,0.85,13,28,0,P1,A,23,false
WDD,hp,0.85,13,28,1,P2,A,26,false
WDD,hp,0.85,13,29,0,P1,A,25,false
WDD,hp,0.85,13,29,1,P2,B,21,false
WDD,hp,0.85,13,30,0,P1,A,21,false
WDD,hp,0.85,13,30,1,P2,B,21,false
WDD,hp,0.85,13,31,0,P1,B,27,false
WDD,hp,0.85,13,31,1,P2,B,22,false
WDD,hp,0.85,13,32,0,P1,B,23,false
WDD,hp,0.85,13,32,1,P2,B,28,false
WDD,hp,0.85,13,33,0,P1,B,32,false
WDD,hp,0.85,13,33,1,P2,A,30,false
WDD,hp,0.85,13,34,0,P1,B,22,false
WDD,hp,0.85,13,34,1,P2,A,24,false
WDD,hp,0.85,13,35,0,P1,B,24,false
WDD,hp,0.85,13,35,1,P2,B,34,false
WDD,hp,0.85,13,36,0,P1,B,47,false
WDD,hp,0.85,13,36,1,P2,A,25,false
WDD,hp,0.85,13,37,0,P1,B,38,false
WDD,hp,0.85,13,37,1,P2,B,25,false
WDD,hp,0.85,13,38,0,P1,A,23,false
WDD,hp,0.85,13,38,1,P2,B,43,false
WDD,hp,0.85,13,39,0,P1,A,28,false
WDD,hp,0.85,13,39,1,P2,B,28,false
WDD,hp,0.85,13,40,0,P1,A,26,false
WDD,hp,0.85,13,40,1,P2,B,22,false
WDD,hp,0.85,13,41,0,P1,B,24,false
WDD,hp,0.85,13,41,1,P2,B,20,false
WDD,hp,0.85,13,42,0,P1,B,20,false
WDD,hp,0.85,13,42,1,P2,B,23,false
WDD,hp,0.85,13,43,0,P1,A,19,false
WDD,hp,0.85,13,43,1,P2,A,24,false
WDD,hp,0.85,13,44,0,P1,A,30,false
WDD,hp,0.85,13,44,1,P2,A,22,false
WDD,hp,0.85,13,45,0,P1,B,28,false
WDD,hp,0.85,13,45,1,P2,B,25,false
WDD,hp,0.85,13,46,0,P1,A,28,false
WDD,hp,0.85,13,46,1,P2,draw,100,true
WDD,hp,0.85,13,47,0,P1,B,22,false
WDD,hp,0.85,13,47,1,P2,A,41,false
WDD,hp,0.85,13,48,0,P1,B,20,false
WDD,hp,0.85,13,48,1,P2,A,20,false
WDD,hp,0.85,13,49,0,P1,B,26,false
WDD,hp,0.85,13,49,1,P2,B,24,false
WDD,hp,0.85,13,50,0,P1,A,18,false
WDD,hp,0.85,13,50,1,P2,B,21,false
WDD,hp,1.15,17,1,0,P1,B,24,false
WDD,hp,1.15,17,1,1,P2,A,22,false
WDD,hp,1.15,17,2,0,P1,B,31,false
WDD,hp,1.15,17,2,1,P2,A,22,false
WDD,hp,1.15,17,3,0,P1,B,21,false
WDD,hp,1.15,17,3,1,P2,A,25,false
WDD,hp,1.15,17,4,0,P1,A,27,false
WDD,hp,1.15,17,4,1,P2,B,33,false
WDD,hp,1.15,17,5,0,P1,A,21,false
WDD,hp,1.15,17,5,1,P2,A,22,false
WDD,hp,1.15,17,6,0,P1,B,32,false
WDD,hp,1.15,17,6,1,P2,B,26,false
WDD,hp,1.15,17,7,0,P1,B,18,false
WDD,hp,1.15,17,7,1,P2,B,15,false
WDD,hp,1.15,17,8,0,P1,B,26,false
WDD,hp,1.15,17,8,1,P2,A,30,false
WDD,hp,1.15,17,9,0,P1,A,25,false
WDD,hp,1.15,17,9,1,P2,B,25,false
WDD,hp,1.15,17,10,0,P1,A,21,false
WDD,hp,1.15,17,10,1,P2,A,28,false
WDD,hp,1.15,17,11,0,P1,B,29,false
WDD,hp,1.15,17,11,1,P2,A,24,false
WDD,hp,1.15,17,12,0,P1,A,23,false
WDD,hp,1.15,17,12,1,P2,A,27,false
WDD,hp,1.15,17,13,0,P1,A,17,false
WDD,hp,1.15,17,13,1,P2,A,18,false
WDD,hp,1.15,17,14,0,P1,A,25,false
WDD,hp,1.15,17,14,1,P2,B,23,false
WDD,hp,1.15,17,15,0,P1,A,29,false
WDD,hp,1.15,17,15,1,P2,A,24,false
WDD,hp,1.15,17,16,0,P1,B,24,false
WDD,hp,1.15,17,16,1,P2,A,21,false
WDD,hp,1.15,17,17,0,P1,A,27,false
WDD,hp,1.15,17,17,1,P2,B,25,false
WDD,hp,1.15,17,18,0,P1,A,21,false
WDD,hp,1.15,17,18,1,P2,A,20,false
WDD,hp,1.15,17,19,0,P1,A,25,false
WDD,hp,1.15,17,19,1,P2,B,24,false
WDD,hp,1.15,17,20,0,P1,B,34,false
WDD,hp,1.15,17,20,1,P2,A,33,false
WDD,hp,1.15,17,21,0,P1,B,24,false
WDD,hp,1.15,17,21,1,P2,A,32,false
WDD,hp,1.15,17,22,0,P1,B,21,false
WDD,hp,1.15,17,22,1,P2,B,19,false
WDD,hp,1.15,17,23,0,P1,A,31,false
WDD,hp,1.15,17,23,1,P2,A,22,false
WDD,hp,1.15,17,24,0,P1,A,25,false
WDD,hp,1.15,17,24,1,P2,B,21,false
WDD,hp,1.15,17,25,0,P1,A,28,false
WDD,hp,1.15,17,25,1,P2,A,18,false
WDD,hp,1.15,17,26,0,P1,B,24,false
WDD,hp,1.15,17,26,1,P2,A,20,false
WDD,hp,1.15,17,27,0,P1,B,16,false
WDD,hp,1.15,17,27,1,P2,B,19,false
WDD,hp,1.15,17,28,0,P1,A,25,false
WDD,hp,1.15,17,28,1,P2,A,24,false
WDD,hp,1.15,17,29,0,P1,A,19,false
WDD,hp,1.15,17,29,1,P2,B,24,false
WDD,hp,1.15,17,30,0,P1,A,21,false
WDD,hp,1.15,17,30,1,P2,A,22,false
WDD,hp,1.15,17,31,0,P1,A,26,false
WDD,hp,1.15,17,31,1,P2,A,26,false
WDD,hp,1.15,17,32,0,P1,A,23,false
WDD,hp,1.15,17,32,1,P2,B,31,false
WDD,hp,1.15,17,33,0,P1,B,32,false
WDD,hp,1.15,17,33,1,P2,A,26,false
WDD,hp,1.15,17,34,0,P1,B,23,false
WDD,hp,1.15,17,34,1,P2,A,26,false
WDD,hp,1.15,17,35,0,P1,B,22,false
WDD,hp,1.15,17,35,1,P2,A,23,false
WDD,hp,1.15,17,36,0,P1,B,27,false
WDD,hp,1.15,17,36,1,P2,A,20,false
WDD,hp,1.15,17,37,0,P1,B,30,false
WDD,hp,1.15,17,37,1,P2,B,36,false
WDD,hp,1.15,17,38,0,P1,A,24,false
WDD,hp,1.15,17,38,1,P2,B,23,false
WDD,hp,1.15,17,39,0,P1,A,24,false
WDD,hp,1.15,17,39,1,P2,B,25,false
WDD,hp,1.15,17,40,0,P1,A,34,false
WDD,hp,1.15,17,40,1,P2,B,33,false
WDD,hp,1.15,17,41,0,P1,B,26,false
WDD,hp,1.15,17,41,1,P2,B,20,false
WDD,hp,1.15,17,42,0,P1,B,26,false
WDD,hp,1.15,17,42,1,P2,B,21,false
WDD,hp,1.15,17,43,0,P1,A,21,false
WDD,hp,1.15,17,43,1,P2,A,27,false
WDD,hp,1.15,17,44,0,P1,A,25,false
WDD,hp,1.15,17,44,1,P2,A,22,false
WDD,hp,1.15,17,45,0,P1,B,28,false
WDD,hp,1.15,17,45,1,P2,B,23,false
WDD,hp,1.15,17,46,0,P1,A,30,false
WDD,hp,1.15,17,46,1,P2,A,32,false
WDD,hp,1.15,17,47,0,P1,B,26,false
WDD,hp,1.15,17,47,1,P2,A,29,false
WDD,hp,1.15,17,48,0,P1,A,21,false
WDD,hp,1.15,17,48,1,P2,A,20,false
WDD,hp,1.15,17,49,0,P1,A,29,false
WDD,hp,1.15,17,49,1,P2,B,24,false
WDD,hp,1.15,17,50,0,P1,A,17,false
WDD,hp,1.15,17,50,1,P2,A,21,false
WDD,hp,1.3,20,1,0,P1,B,26,false
WDD,hp,1.3,20,1,1,P2,A,22,false
WDD,hp,1.3,20,2,0,P1,A,27,false
WDD,hp,1.3,20,2,1,P2,A,22,false
WDD,hp,1.3,20,3,0,P1,B,25,false
WDD,hp,1.3,20,3,1,P2,A,25,false
WDD,hp,1.3,20,4,0,P1,A,37,false
WDD,hp,1.3,20,4,1,P2,B,33,false
WDD,hp,1.3,20,5,0,P1,A,21,false
WDD,hp,1.3,20,5,1,P2,A,25,false
WDD,hp,1.3,20,6,0,P1,B,22,false
WDD,hp,1.3,20,6,1,P2,B,26,false
WDD,hp,1.3,20,7,0,P1,B,25,false
WDD,hp,1.3,20,7,1,P2,B,17,false
WDD,hp,1.3,20,8,0,P1,A,23,false
WDD,hp,1.3,20,8,1,P2,A,26,false
WDD,hp,1.3,20,9,0,P1,A,23,false
WDD,hp,1.3,20,9,1,P2,B,27,false
WDD,hp,1.3,20,10,0,P1,A,20,false
WDD,hp,1.3,20,10,1,P2,A,34,false
WDD,hp,1.3,20,11,0,P1,draw,100,true
WDD,hp,1.3,20,11,1,P2,A,22,false
WDD,hp,1.3,20,12,0,P1,A,23,false
WDD,hp,1.3,20,12,1,P2,A,27,false
WDD,hp,1.3,20,13,0,P1,A,17,false
WDD,hp,1.3,20,13,1,P2,A,17,false
WDD,hp,1.3,20,14,0,P1,A,29,false
WDD,hp,1.3,20,14,1,P2,B,21,false
WDD,hp,1.3,20,15,0,P1,A,21,false
WDD,hp,1.3,20,15,1,P2,A,27,false
WDD,hp,1.3,20,16,0,P1,B,22,false
WDD,hp,1.3,20,16,1,P2,A,18,false
WDD,hp,1.3,20,17,0,P1,A,27,false
WDD,hp,1.3,20,17,1,P2,B,27,false
WDD,hp,1.3,20,18,0,P1,A,21,false
WDD,hp,1.3,20,18,1,P2,A,20,false
WDD,hp,1.3,20,19,0,P1,A,23,false
WDD,hp,1.3,20,19,1,P2,A,22,false
WDD,hp,1.3,20,20,0,P1,B,24,false
WDD,hp,1.3,20,20,1,P2,A,30,false
WDD,hp,1.3,20,21,0,P1,B,24,false
WDD,hp,1.3,20,21,1,P2,A,25,false
WDD,hp,1.3,20,22,0,P1,B,25,false
WDD,hp,1.3,20,22,1,P2,B,28,false
WDD,hp,1.3,20,23,0,P1,A,25,false
WDD,hp,1.3,20,23,1,P2,A,22,false
WDD,hp,1.3,20,24,0,P1,A,32,false
WDD,hp,1.3,20,24,1,P2,B,22,false
WDD,hp,1.3,20,25,0,P1,A,28,false
WDD,hp,1.3,20,25,1,P2,A,18,false
WDD,hp,1.3,20,26,0,P1,B,25,false
WDD,hp,1.3,20,26,1,P2,A,20,false
WDD,hp,1.3,20,27,0,P1,B,16,false
WDD,hp,1.3,20,27,1,P2,B,19,false
WDD,hp,1.3,20,28,0,P1,A,23,false
WDD,hp,1.3,20,28,1,P2,A,24,false
WDD,hp,1.3,20,29,0,P1,A,19,false
WDD,hp,1.3,20,29,1,P2,B,21,false
WDD,hp,1.3,20,30,0,P1,A,21,false
WDD,hp,1.3,20,30,1,P2,A,22,false
WDD,hp,1.3,20,31,0,P1,A,28,false
WDD,hp,1.3,20,31,1,P2,A,26,false
WDD,hp,1.3,20,32,0,P1,A,23,false
WDD,hp,1.3,20,32,1,P2,B,31,false
WDD,hp,1.3,20,33,0,P1,B,36,false
WDD,hp,1.3,20,33,1,P2,A,29,false
WDD,hp,1.3,20,34,0,P1,B,24,false
WDD,hp,1.3,20,34,1,P2,A,26,false
WDD,hp,1.3,20,35,0,P1,A,19,false
WDD,hp,1.3,20,35,1,P2,A,19,false
WDD,hp,1.3,20,36,0,P1,B,34,false
WDD,hp,1.3,20,36,1,P2,A,20,false
WDD,hp,1.3,20,37,0,P1,B,32,false
WDD,hp,1.3,20,37,1,P2,B,43,false
WDD,hp,1.3,20,38,0,P1,A,26,false
WDD,hp,1.3,20,38,1,P2,B,23,false
WDD,hp,1.3,20,39,0,P1,A,24,false
WDD,hp,1.3,20,39,1,P2,B,25,false
WDD,hp,1.3,20,40,0,P1,A,26,false
WDD,hp,1.3,20,40,1,P2,B,33,false
WDD,hp,1.3,20,41,0,P1,A,27,false
WDD,hp,1.3,20,41,1,P2,B,28,false
WDD,hp,1.3,20,42,0,P1,B,36,false
WDD,hp,1.3,20,42,1,P2,B,23,false
WDD,hp,1.3,20,43,0,P1,A,23,false
WDD,hp,1.3,20,43,1,P2,A,26,false
WDD,hp,1.3,20,44,0,P1,A,27,false
WDD,hp,1.3,20,44,1,P2,A,22,false
WDD,hp,1.3,20,45,0,P1,B,28,false
WDD,hp,1.3,20,45,1,P2,B,23,false
WDD,hp,1.3,20,46,0,P1,A,57,false
WDD,hp,1.3,20,46,1,P2,A,32,false
WDD,hp,1.3,20,47,0,P1,B,33,false
WDD,hp,1.3,20,47,1,P2,A,20,false
WDD,hp,1.3,20,48,0,P1,A,21,false
WDD,hp,1.3,20,48,1,P2,B,22,false
WDD,hp,1.3,20,49,0,P1,A,28,false
WDD,hp,1.3,20,49,1,P2,B,24,false
WDD,hp,1.3,20,50,0,P1,A,17,false
WDD,hp,1.3,20,50,1,P2,A,21,false
WDD,atk,0.7,1.4,1,0,P1,B,23,false
WDD,atk,0.7,1.4,1,1,P2,B,27,false
WDD,atk,0.7,1.4,2,0,P1,B,29,false
WDD,atk,0.7,1.4,2,1,P2,A,24,false
WDD,atk,0.7,1.4,3,0,P1,B,24,false
WDD,atk,0.7,1.4,3,1,P2,B,21,false
WDD,atk,0.7,1.4,4,0,P1,B,27,false
WDD,atk,0.7,1.4,4,1,P2,B,27,false
WDD,atk,0.7,1.4,5,0,P1,B,22,false
WDD,atk,0.7,1.4,5,1,P2,B,36,false
WDD,atk,0.7,1.4,6,0,P1,B,20,false
WDD,atk,0.7,1.4,6,1,P2,B,20,false
WDD,atk,0.7,1.4,7,0,P1,B,17,false
WDD,atk,0.7,1.4,7,1,P2,B,14,false
WDD,atk,0.7,1.4,8,0,P1,B,32,false
WDD,atk,0.7,1.4,8,1,P2,B,35,false
WDD,atk,0.7,1.4,9,0,P1,B,23,false
WDD,atk,0.7,1.4,9,1,P2,B,25,false
WDD,atk,0.7,1.4,10,0,P1,A,22,false
WDD,atk,0.7,1.4,10,1,P2,B,41,false
WDD,atk,0.7,1.4,11,0,P1,B,20,false
WDD,atk,0.7,1.4,11,1,P2,A,18,false
WDD,atk,0.7,1.4,12,0,P1,B,27,false
WDD,atk,0.7,1.4,12,1,P2,B,21,false
WDD,atk,0.7,1.4,13,0,P1,A,19,false
WDD,atk,0.7,1.4,13,1,P2,A,19,false
WDD,atk,0.7,1.4,14,0,P1,A,35,false
WDD,atk,0.7,1.4,14,1,P2,B,23,false
WDD,atk,0.7,1.4,15,0,P1,A,21,false
WDD,atk,0.7,1.4,15,1,P2,A,25,false
WDD,atk,0.7,1.4,16,0,P1,B,22,false
WDD,atk,0.7,1.4,16,1,P2,A,16,false
WDD,atk,0.7,1.4,17,0,P1,A,29,false
WDD,atk,0.7,1.4,17,1,P2,B,25,false
WDD,atk,0.7,1.4,18,0,P1,A,21,false
WDD,atk,0.7,1.4,18,1,P2,B,20,false
WDD,atk,0.7,1.4,19,0,P1,A,25,false
WDD,atk,0.7,1.4,19,1,P2,B,27,false
WDD,atk,0.7,1.4,20,0,P1,B,22,false
WDD,atk,0.7,1.4,20,1,P2,A,29,false
WDD,atk,0.7,1.4,21,0,P1,B,24,false
WDD,atk,0.7,1.4,21,1,P2,A,27,false
WDD,atk,0.7,1.4,22,0,P1,B,23,false
WDD,atk,0.7,1.4,22,1,P2,B,17,false
WDD,atk,0.7,1.4,23,0,P1,B,30,false
WDD,atk,0.7,1.4,23,1,P2,draw,100,true
WDD,atk,0.7,1.4,24,0,P1,B,25,false
WDD,atk,0.7,1.4,24,1,P2,B,21,false
WDD,atk,0.7,1.4,25,0,P1,B,23,false
WDD,atk,0.7,1.4,25,1,P2,A,18,false
WDD,atk,0.7,1.4,26,0,P1,B,19,false
WDD,atk,0.7,1.4,26,1,P2,B,22,false
WDD,atk,0.7,1.4,27,0,P1,B,20,false
WDD,atk,0.7,1.4,27,1,P2,B,23,false
WDD,atk,0.7,1.4,28,0,P1,B,31,false
WDD,atk,0.7,1.4,28,1,P2,B,27,false
WDD,atk,0.7,1.4,29,0,P1,B,25,false
WDD,atk,0.7,1.4,29,1,P2,B,21,false
WDD,atk,0.7,1.4,30,0,P1,A,23,false
WDD,atk,0.7,1.4,30,1,P2,B,21,false
WDD,atk,0.7,1.4,31,0,P1,B,23,false
WDD,atk,0.7,1.4,31,1,P2,B,22,false
WDD,atk,0.7,1.4,32,0,P1,B,24,false
WDD,atk,0.7,1.4,32,1,P2,B,28,false
WDD,atk,0.7,1.4,33,0,P1,B,32,false
WDD,atk,0.7,1.4,33,1,P2,B,25,false
WDD,atk,0.7,1.4,34,0,P1,B,21,false
WDD,atk,0.7,1.4,34,1,P2,A,27,false
WDD,atk,0.7,1.4,35,0,P1,A,22,false
WDD,atk,0.7,1.4,35,1,P2,A,27,false
WDD,atk,0.7,1.4,36,0,P1,B,41,false
WDD,atk,0.7,1.4,36,1,P2,B,23,false
WDD,atk,0.7,1.4,37,0,P1,B,54,false
WDD,atk,0.7,1.4,37,1,P2,B,32,false
WDD,atk,0.7,1.4,38,0,P1,A,23,false
WDD,atk,0.7,1.4,38,1,P2,B,25,false
WDD,atk,0.7,1.4,39,0,P1,A,23,false
WDD,atk,0.7,1.4,39,1,P2,B,27,false
WDD,atk,0.7,1.4,40,0,P1,B,31,false
WDD,atk,0.7,1.4,40,1,P2,B,22,false
WDD,atk,0.7,1.4,41,0,P1,A,25,false
WDD,atk,0.7,1.4,41,1,P2,B,20,false
WDD,atk,0.7,1.4,42,0,P1,B,18,false
WDD,atk,0.7,1.4,42,1,P2,B,21,false
WDD,atk,0.7,1.4,43,0,P1,A,23,false
WDD,atk,0.7,1.4,43,1,P2,B,23,false
WDD,atk,0.7,1.4,44,0,P1,B,30,false
WDD,atk,0.7,1.4,44,1,P2,B,19,false
WDD,atk,0.7,1.4,45,0,P1,B,28,false
WDD,atk,0.7,1.4,45,1,P2,B,23,false
WDD,atk,0.7,1.4,46,0,P1,B,30,false
WDD,atk,0.7,1.4,46,1,P2,A,31,false
WDD,atk,0.7,1.4,47,0,P1,B,22,false
WDD,atk,0.7,1.4,47,1,P2,B,21,false
WDD,atk,0.7,1.4,48,0,P1,B,26,false
WDD,atk,0.7,1.4,48,1,P2,B,24,false
WDD,atk,0.7,1.4,49,0,P1,B,18,false
WDD,atk,0.7,1.4,49,1,P2,B,26,false
WDD,atk,0.7,1.4,50,0,P1,A,28,false
WDD,atk,0.7,1.4,50,1,P2,B,22,false
WDD,atk,0.85,1.7,1,0,P1,B,22,false
WDD,atk,0.85,1.7,1,1,P2,A,34,false
WDD,atk,0.85,1.7,2,0,P1,B,31,false
WDD,atk,0.85,1.7,2,1,P2,B,24,false
WDD,atk,0.85,1.7,3,0,P1,B,24,false
WDD,atk,0.85,1.7,3,1,P2,A,25,false
WDD,atk,0.85,1.7,4,0,P1,draw,100,true
WDD,atk,0.85,1.7,4,1,P2,B,29,false
WDD,atk,0.85,1.7,5,0,P1,B,23,false
WDD,atk,0.85,1.7,5,1,P2,A,26,false
WDD,atk,0.85,1.7,6,0,P1,B,21,false
WDD,atk,0.85,1.7,6,1,P2,B,26,false
WDD,atk,0.85,1.7,7,0,P1,B,17,false
WDD,atk,0.85,1.7,7,1,P2,B,19,false
WDD,atk,0.85,1.7,8,0,P1,A,26,false
WDD,atk,0.85,1.7,8,1,P2,A,42,false
WDD,atk,0.85,1.7,9,0,P1,B,23,false
WDD,atk,0.85,1.7,9,1,P2,B,25,false
WDD,atk,0.85,1.7,10,0,P1,B,20,false
WDD,atk,0.85,1.7,10,1,P2,A,28,false
WDD,atk,0.85,1.7,11,0,P1,B,16,false
WDD,atk,0.85,1.7,11,1,P2,A,20,false
WDD,atk,0.85,1.7,12,0,P1,A,23,false
WDD,atk,0.85,1.7,12,1,P2,B,21,false
WDD,atk,0.85,1.7,13,0,P1,A,25,false
WDD,atk,0.85,1.7,13,1,P2,A,21,false
WDD,atk,0.85,1.7,14,0,P1,A,27,false
WDD,atk,0.85,1.7,14,1,P2,B,21,false
WDD,atk,0.85,1.7,15,0,P1,A,23,false
WDD,atk,0.85,1.7,15,1,P2,A,24,false
WDD,atk,0.85,1.7,16,0,P1,B,22,false
WDD,atk,0.85,1.7,16,1,P2,A,18,false
WDD,atk,0.85,1.7,17,0,P1,A,29,false
WDD,atk,0.85,1.7,17,1,P2,B,25,false
WDD,atk,0.85,1.7,18,0,P1,A,21,false
WDD,atk,0.85,1.7,18,1,P2,B,20,false
WDD,atk,0.85,1.7,19,0,P1,A,25,false
WDD,atk,0.85,1.7,19,1,P2,B,21,false
WDD,atk,0.85,1.7,20,0,P1,B,32,false
WDD,atk,0.85,1.7,20,1,P2,A,30,false
WDD,atk,0.85,1.7,21,0,P1,B,24,false
WDD,atk,0.85,1.7,21,1,P2,A,28,false
WDD,atk,0.85,1.7,22,0,P1,B,20,false
WDD,atk,0.85,1.7,22,1,P2,B,32,false
WDD,atk,0.85,1.7,23,0,P1,B,28,false
WDD,atk,0.85,1.7,23,1,P2,draw,100,true
WDD,atk,0.85,1.7,24,0,P1,B,18,false
WDD,atk,0.85,1.7,24,1,P2,B,21,false
WDD,atk,0.85,1.7,25,0,P1,B,28,false
WDD,atk,0.85,1.7,25,1,P2,A,22,false
WDD,atk,0.85,1.7,26,0,P1,B,23,false
WDD,atk,0.85,1.7,26,1,P2,A,22,false
WDD,atk,0.85,1.7,27,0,P1,B,20,false
WDD,atk,0.85,1.7,27,1,P2,B,19,false
WDD,atk,0.85,1.7,28,0,P1,A,25,false
WDD,atk,0.85,1.7,28,1,P2,A,37,false
WDD,atk,0.85,1.7,29,0,P1,A,27,false
WDD,atk,0.85,1.7,29,1,P2,B,21,false
WDD,atk,0.85,1.7,30,0,P1,A,29,false
WDD,atk,0.85,1.7,30,1,P2,B,21,false
WDD,atk,0.85,1.7,31,0,P1,A,30,false
WDD,atk,0.85,1.7,31,1,P2,B,22,false
WDD,atk,0.85,1.7,32,0,P1,B,25,false
WDD,atk,0.85,1.7,32,1,P2,B,27,false
WDD,atk,0.85,1.7,33,0,P1,B,32,false
WDD,atk,0.85,1.7,33,1,P2,B,27,false
WDD,atk,0.85,1.7,34,0,P1,B,23,false
WDD,atk,0.85,1.7,34,1,P2,A,28,false
WDD,atk,0.85,1.7,35,0,P1,B,20,false
WDD,atk,0.85,1.7,35,1,P2,B,27,false
WDD,atk,0.85,1.7,36,0,P1,A,25,false
WDD,atk,0.85,1.7,36,1,P2,B,27,false
WDD,atk,0.85,1.7,37,0,P1,B,38,false
WDD,atk,0.85,1.7,37,1,P2,B,24,false
WDD,atk,0.85,1.7,38,0,P1,A,23,false
WDD,atk,0.85,1.7,38,1,P2,B,27,false
WDD,atk,0.85,1.7,39,0,P1,A,29,false
WDD,atk,0.85,1.7,39,1,P2,B,25,false
WDD,atk,0.85,1.7,40,0,P1,B,31,false
WDD,atk,0.85,1.7,40,1,P2,B,22,false
WDD,atk,0.85,1.7,41,0,P1,B,26,false
WDD,atk,0.85,1.7,41,1,P2,B,20,false
WDD,atk,0.85,1.7,42,0,P1,B,18,false
WDD,atk,0.85,1.7,42,1,P2,B,27,false
WDD,atk,0.85,1.7,43,0,P1,A,19,false
WDD,atk,0.85,1.7,43,1,P2,B,26,false
WDD,atk,0.85,1.7,44,0,P1,A,27,false
WDD,atk,0.85,1.7,44,1,P2,A,24,false
WDD,atk,0.85,1.7,45,0,P1,B,30,false
WDD,atk,0.85,1.7,45,1,P2,B,23,false
WDD,atk,0.85,1.7,46,0,P1,A,31,false
WDD,atk,0.85,1.7,46,1,P2,draw,100,true
WDD,atk,0.85,1.7,47,0,P1,B,22,false
WDD,atk,0.85,1.7,47,1,P2,A,29,false
WDD,atk,0.85,1.7,48,0,P1,B,26,false
WDD,atk,0.85,1.7,48,1,P2,B,26,false
WDD,atk,0.85,1.7,49,0,P1,B,28,false
WDD,atk,0.85,1.7,49,1,P2,B,26,false
WDD,atk,0.85,1.7,50,0,P1,A,28,false
WDD,atk,0.85,1.7,50,1,P2,B,21,false
WDD,atk,1.15,2.3,1,0,P1,B,24,false
WDD,atk,1.15,2.3,1,1,P2,A,25,false
WDD,atk,1.15,2.3,2,0,P1,B,24,false
WDD,atk,1.15,2.3,2,1,P2,A,22,false
WDD,atk,1.15,2.3,3,0,P1,B,18,false
WDD,atk,1.15,2.3,3,1,P2,A,30,false
WDD,atk,1.15,2.3,4,0,P1,draw,100,true
WDD,atk,1.15,2.3,4,1,P2,B,33,false
WDD,atk,1.15,2.3,5,0,P1,A,23,false
WDD,atk,1.15,2.3,5,1,P2,A,22,false
WDD,atk,1.15,2.3,6,0,P1,B,24,false
WDD,atk,1.15,2.3,6,1,P2,B,17,false
WDD,atk,1.15,2.3,7,0,P1,B,25,false
WDD,atk,1.15,2.3,7,1,P2,B,17,false
WDD,atk,1.15,2.3,8,0,P1,A,32,false
WDD,atk,1.15,2.3,8,1,P2,A,26,false
WDD,atk,1.15,2.3,9,0,P1,A,23,false
WDD,atk,1.15,2.3,9,1,P2,B,21,false
WDD,atk,1.15,2.3,10,0,P1,A,20,false
WDD,atk,1.15,2.3,10,1,P2,A,28,false
WDD,atk,1.15,2.3,11,0,P1,B,17,false
WDD,atk,1.15,2.3,11,1,P2,A,20,false
WDD,atk,1.15,2.3,12,0,P1,A,19,false
WDD,atk,1.15,2.3,12,1,P2,A,27,false
WDD,atk,1.15,2.3,13,0,P1,A,23,false
WDD,atk,1.15,2.3,13,1,P2,A,21,false
WDD,atk,1.15,2.3,14,0,P1,A,27,false
WDD,atk,1.15,2.3,14,1,P2,B,23,false
WDD,atk,1.15,2.3,15,0,P1,A,22,false
WDD,atk,1.15,2.3,15,1,P2,A,20,false
WDD,atk,1.15,2.3,16,0,P1,B,22,false
WDD,atk,1.15,2.3,16,1,P2,A,18,false
WDD,atk,1.15,2.3,17,0,P1,A,31,false
WDD,atk,1.15,2.3,17,1,P2,B,25,false
WDD,atk,1.15,2.3,18,0,P1,A,21,false
WDD,atk,1.15,2.3,18,1,P2,A,20,false
WDD,atk,1.15,2.3,19,0,P1,A,25,false
WDD,atk,1.15,2.3,19,1,P2,A,20,false
WDD,atk,1.15,2.3,20,0,P1,A,26,false
WDD,atk,1.15,2.3,20,1,P2,A,25,false
WDD,atk,1.15,2.3,21,0,P1,B,28,false
WDD,atk,1.15,2.3,21,1,P2,B,25,false
WDD,atk,1.15,2.3,22,0,P1,A,19,false
WDD,atk,1.15,2.3,22,1,P2,B,34,false
WDD,atk,1.15,2.3,23,0,P1,A,25,false
WDD,atk,1.15,2.3,23,1,P2,A,27,false
WDD,atk,1.15,2.3,24,0,P1,A,25,false
WDD,atk,1.15,2.3,24,1,P2,B,21,false
WDD,atk,1.15,2.3,25,0,P1,draw,100,true
WDD,atk,1.15,2.3,25,1,P2,A,18,false
WDD,atk,1.15,2.3,26,0,P1,B,22,false
WDD,atk,1.15,2.3,26,1,P2,A,32,false
WDD,atk,1.15,2.3,27,0,P1,B,25,false
WDD,atk,1.15,2.3,27,1,P2,B,19,false
WDD,atk,1.15,2.3,28,0,P1,B,31,false
WDD,atk,1.15,2.3,28,1,P2,A,24,false
WDD,atk,1.15,2.3,29,0,P1,A,19,false
WDD,atk,1.15,2.3,29,1,P2,B,21,false
WDD,atk,1.15,2.3,30,0,P1,A,21,false
WDD,atk,1.15,2.3,30,1,P2,B,21,false
WDD,atk,1.15,2.3,31,0,P1,B,27,false
WDD,atk,1.15,2.3,31,1,P2,B,26,false
WDD,atk,1.15,2.3,32,0,P1,A,21,false
WDD,atk,1.15,2.3,32,1,P2,A,27,false
WDD,atk,1.15,2.3,33,0,P1,B,32,false
WDD,atk,1.15,2.3,33,1,P2,A,26,false
WDD,atk,1.15,2.3,34,0,P1,B,24,false
WDD,atk,1.15,2.3,34,1,P2,A,24,false
WDD,atk,1.15,2.3,35,0,P1,B,22,false
WDD,atk,1.15,2.3,35,1,P2,A,24,false
WDD,atk,1.15,2.3,36,0,P1,B,38,false
WDD,atk,1.15,2.3,36,1,P2,A,27,false
WDD,atk,1.15,2.3,37,0,P1,B,38,false
WDD,atk,1.15,2.3,37,1,P2,A,38,false
WDD,atk,1.15,2.3,38,0,P1,A,23,false
WDD,atk,1.15,2.3,38,1,P2,B,23,false
WDD,atk,1.15,2.3,39,0,P1,A,24,false
WDD,atk,1.15,2.3,39,1,P2,B,28,false
WDD,atk,1.15,2.3,40,0,P1,A,27,false
WDD,atk,1.15,2.3,40,1,P2,B,21,false
WDD,atk,1.15,2.3,41,0,P1,A,25,false
WDD,atk,1.15,2.3,41,1,P2,A,23,false
WDD,atk,1.15,2.3,42,0,P1,B,36,false
WDD,atk,1.15,2.3,42,1,P2,B,21,false
WDD,atk,1.15,2.3,43,0,P1,A,23,false
WDD,atk,1.15,2.3,43,1,P2,A,24,false
WDD,atk,1.15,2.3,44,0,P1,A,26,false
WDD,atk,1.15,2.3,44,1,P2,B,27,false
WDD,atk,1.15,2.3,45,0,P1,B,30,false
WDD,atk,1.15,2.3,45,1,P2,B,23,false
WDD,atk,1.15,2.3,46,0,P1,A,30,false
WDD,atk,1.15,2.3,46,1,P2,A,39,false
WDD,atk,1.15,2.3,47,0,P1,B,26,false
WDD,atk,1.15,2.3,47,1,P2,A,27,false
WDD,atk,1.15,2.3,48,0,P1,A,25,false
WDD,atk,1.15,2.3,48,1,P2,A,18,false
WDD,atk,1.15,2.3,49,0,P1,A,24,false
WDD,atk,1.15,2.3,49,1,P2,B,24,false
WDD,atk,1.15,2.3,50,0,P1,A,17,false
WDD,atk,1.15,2.3,50,1,P2,A,20,false
WDD,atk,1.3,2.6,1,0,P1,A,28,false
WDD,atk,1.3,2.6,1,1,P2,A,24,false
WDD,atk,1.3,2.6,2,0,P1,B,22,false
WDD,atk,1.3,2.6,2,1,P2,A,22,false
WDD,atk,1.3,2.6,3,0,P1,B,18,false
WDD,atk,1.3,2.6,3,1,P2,A,18,false
WDD,atk,1.3,2.6,4,0,P1,draw,100,true
WDD,atk,1.3,2.6,4,1,P2,B,33,false
WDD,atk,1.3,2.6,5,0,P1,A,21,false
WDD,atk,1.3,2.6,5,1,P2,A,24,false
WDD,atk,1.3,2.6,6,0,P1,B,24,false
WDD,atk,1.3,2.6,6,1,P2,B,17,false
WDD,atk,1.3,2.6,7,0,P1,A,25,false
WDD,atk,1.3,2.6,7,1,P2,B,21,false
WDD,atk,1.3,2.6,8,0,P1,A,28,false
WDD,atk,1.3,2.6,8,1,P2,A,26,false
WDD,atk,1.3,2.6,9,0,P1,B,24,false
WDD,atk,1.3,2.6,9,1,P2,B,27,false
WDD,atk,1.3,2.6,10,0,P1,A,17,false
WDD,atk,1.3,2.6,10,1,P2,A,35,false
WDD,atk,1.3,2.6,11,0,P1,A,19,false
WDD,atk,1.3,2.6,11,1,P2,A,20,false
WDD,atk,1.3,2.6,12,0,P1,A,27,false
WDD,atk,1.3,2.6,12,1,P2,B,21,false
WDD,atk,1.3,2.6,13,0,P1,A,17,false
WDD,atk,1.3,2.6,13,1,P2,A,21,false
WDD,atk,1.3,2.6,14,0,P1,A,43,false
WDD,atk,1.3,2.6,14,1,P2,B,23,false
WDD,atk,1.3,2.6,15,0,P1,A,19,false
WDD,atk,1.3,2.6,15,1,P2,A,20,false
WDD,atk,1.3,2.6,16,0,P1,B,24,false
WDD,atk,1.3,2.6,16,1,P2,A,20,false
WDD,atk,1.3,2.6,17,0,P1,A,29,false
WDD,atk,1.3,2.6,17,1,P2,B,25,false
WDD,atk,1.3,2.6,18,0,P1,A,21,false
WDD,atk,1.3,2.6,18,1,P2,A,18,false
WDD,atk,1.3,2.6,19,0,P1,A,23,false
WDD,atk,1.3,2.6,19,1,P2,A,20,false
WDD,atk,1.3,2.6,20,0,P1,A,26,false
WDD,atk,1.3,2.6,20,1,P2,A,26,false
WDD,atk,1.3,2.6,21,0,P1,B,33,false
WDD,atk,1.3,2.6,21,1,P2,A,27,false
WDD,atk,1.3,2.6,22,0,P1,A,21,false
WDD,atk,1.3,2.6,22,1,P2,B,22,false
WDD,atk,1.3,2.6,23,0,P1,A,27,false
WDD,atk,1.3,2.6,23,1,P2,A,18,false
WDD,atk,1.3,2.6,24,0,P1,A,27,false
WDD,atk,1.3,2.6,24,1,P2,B,21,false
WDD,atk,1.3,2.6,25,0,P1,A,23,false
WDD,atk,1.3,2.6,25,1,P2,A,18,false
WDD,atk,1.3,2.6,26,0,P1,B,22,false
WDD,atk,1.3,2.6,26,1,P2,A,26,false
WDD,atk,1.3,2.6,27,0,P1,B,26,false
WDD,atk,1.3,2.6,27,1,P2,B,19,false
WDD,atk,1.3,2.6,28,0,P1,A,31,false
WDD,atk,1.3,2.6,28,1,P2,A,24,false
WDD,atk,1.3,2.6,29,0,P1,A,17,false
WDD,atk,1.3,2.6,29,1,P2,B,23,false
WDD,atk,1.3,2.6,30,0,P1,A,21,false
WDD,atk,1.3,2.6,30,1,P2,B,21,false
WDD,atk,1.3,2.6,31,0,P1,A,41,false
WDD,atk,1.3,2.6,31,1,P2,A,22,false
WDD,atk,1.3,2.6,32,0,P1,A,23,false
WDD,atk,1.3,2.6,32,1,P2,B,23,false
WDD,atk,1.3,2.6,33,0,P1,B,32,false
WDD,atk,1.3,2.6,33,1,P2,A,32,false
WDD,atk,1.3,2.6,34,0,P1,B,22,false
WDD,atk,1.3,2.6,34,1,P2,A,26,false
WDD,atk,1.3,2.6,35,0,P1,B,22,false
WDD,atk,1.3,2.6,35,1,P2,A,21,false
WDD,atk,1.3,2.6,36,0,P1,B,38,false
WDD,atk,1.3,2.6,36,1,P2,A,27,false
WDD,atk,1.3,2.6,37,0,P1,A,41,false
WDD,atk,1.3,2.6,37,1,P2,A,30,false
WDD,atk,1.3,2.6,38,0,P1,A,23,false
WDD,atk,1.3,2.6,38,1,P2,B,23,false
WDD,atk,1.3,2.6,39,0,P1,A,27,false
WDD,atk,1.3,2.6,39,1,P2,A,26,false
WDD,atk,1.3,2.6,40,0,P1,A,26,false
WDD,atk,1.3,2.6,40,1,P2,B,21,false
WDD,atk,1.3,2.6,41,0,P1,A,25,false
WDD,atk,1.3,2.6,41,1,P2,A,20,false
WDD,atk,1.3,2.6,42,0,P1,B,36,false
WDD,atk,1.3,2.6,42,1,P2,draw,100,true
WDD,atk,1.3,2.6,43,0,P1,A,19,false
WDD,atk,1.3,2.6,43,1,P2,A,22,false
WDD,atk,1.3,2.6,44,0,P1,draw,100,true
WDD,atk,1.3,2.6,44,1,P2,A,21,false
WDD,atk,1.3,2.6,45,0,P1,B,30,false
WDD,atk,1.3,2.6,45,1,P2,B,23,false
WDD,atk,1.3,2.6,46,0,P1,A,29,false
WDD,atk,1.3,2.6,46,1,P2,A,26,false
WDD,atk,1.3,2.6,47,0,P1,A,39,false
WDD,atk,1.3,2.6,47,1,P2,A,24,false
WDD,atk,1.3,2.6,48,0,P1,A,23,false
WDD,atk,1.3,2.6,48,1,P2,A,18,false
WDD,atk,1.3,2.6,49,0,P1,A,25,false
WDD,atk,1.3,2.6,49,1,P2,A,22,false
WDD,atk,1.3,2.6,50,0,P1,A,17,false
WDD,atk,1.3,2.6,50,1,P2,A,20,false
WDD,def,0.7,1,1,0,P1,B,22,false
WDD,def,0.7,1,1,1,P2,A,24,false
WDD,def,0.7,1,2,0,P1,A,29,false
WDD,def,0.7,1,2,1,P2,A,24,false
WDD,def,0.7,1,3,0,P1,B,18,false
WDD,def,0.7,1,3,1,P2,A,27,false
WDD,def,0.7,1,4,0,P1,B,33,false
WDD,def,0.7,1,4,1,P2,B,23,false
WDD,def,0.7,1,5,0,P1,B,23,false
WDD,def,0.7,1,5,1,P2,A,26,false
WDD,def,0.7,1,6,0,P1,B,21,false
WDD,def,0.7,1,6,1,P2,B,17,false
WDD,def,0.7,1,7,0,P1,B,22,false
WDD,def,0.7,1,7,1,P2,B,16,false
WDD,def,0.7,1,8,0,P1,A,28,false
WDD,def,0.7,1,8,1,P2,A,30,false
WDD,def,0.7,1,9,0,P1,B,18,false
WDD,def,0.7,1,9,1,P2,A,29,false
WDD,def,0.7,1,10,0,P1,A,21,false
WDD,def,0.7,1,10,1,P2,B,23,false
WDD,def,0.7,1,11,0,P1,A,25,false
WDD,def,0.7,1,11,1,P2,B,24,false
WDD,def,0.7,1,12,0,P1,A,21,false
WDD,def,0.7,1,12,1,P2,A,22,false
WDD,def,0.7,1,13,0,P1,A,17,false
WDD,def,0.7,1,13,1,P2,A,21,false
WDD,def,0.7,1,14,0,P1,A,31,false
WDD,def,0.7,1,14,1,P2,B,21,false
WDD,def,0.7,1,15,0,P1,A,23,false
WDD,def,0.7,1,15,1,P2,A,21,false
WDD,def,0.7,1,16,0,P1,B,22,false
WDD,def,0.7,1,16,1,P2,A,18,false
WDD,def,0.7,1,17,0,P1,A,27,false
WDD,def,0.7,1,17,1,P2,B,25,false
WDD,def,0.7,1,18,0,P1,A,19,false
WDD,def,0.7,1,18,1,P2,A,19,false
WDD,def,0.7,1,19,0,P1,B,32,false
WDD,def,0.7,1,19,1,P2,B,21,false
WDD,def,0.7,1,20,0,P1,B,26,false
WDD,def,0.7,1,20,1,P2,A,30,false
WDD,def,0.7,1,21,0,P1,B,22,false
WDD,def,0.7,1,21,1,P2,B,26,false
WDD,def,0.7,1,22,0,P1,B,22,false
WDD,def,0.7,1,22,1,P2,B,19,false
WDD,def,0.7,1,23,0,P1,A,31,false
WDD,def,0.7,1,23,1,P2,A,22,false
WDD,def,0.7,1,24,0,P1,A,21,false
WDD,def,0.7,1,24,1,P2,B,21,false
WDD,def,0.7,1,25,0,P1,B,26,false
WDD,def,0.7,1,25,1,P2,A,29,false
WDD,def,0.7,1,26,0,P1,B,22,false
WDD,def,0.7,1,26,1,P2,B,24,false
WDD,def,0.7,1,27,0,P1,B,27,false
WDD,def,0.7,1,27,1,P2,B,21,false
WDD,def,0.7,1,28,0,P1,A,25,false
WDD,def,0.7,1,28,1,P2,A,25,false
WDD,def,0.7,1,29,0,P1,A,19,false
WDD,def,0.7,1,29,1,P2,B,21,false
WDD,def,0.7,1,30,0,P1,A,26,false
WDD,def,0.7,1,30,1,P2,B,26,false
WDD,def,0.7,1,31,0,P1,B,30,false
WDD,def,0.7,1,31,1,P2,B,22,false
WDD,def,0.7,1,32,0,P1,B,23,false
WDD,def,0.7,1,32,1,P2,B,29,false
WDD,def,0.7,1,33,0,P1,B,33,false
WDD,def,0.7,1,33,1,P2,A,30,false
WDD,def,0.7,1,34,0,P1,B,22,false
WDD,def,0.7,1,34,1,P2,A,24,false
WDD,def,0.7,1,35,0,P1,A,26,false
WDD,def,0.7,1,35,1,P2,A,24,false
WDD,def,0.7,1,36,0,P1,B,24,false
WDD,def,0.7,1,36,1,P2,A,25,false
WDD,def,0.7,1,37,0,P1,B,38,false
WDD,def,0.7,1,37,1,P2,B,31,false
WDD,def,0.7,1,38,0,P1,A,23,false
WDD,def,0.7,1,38,1,P2,B,25,false
WDD,def,0.7,1,39,0,P1,A,32,false
WDD,def,0.7,1,39,1,P2,B,29,false
WDD,def,0.7,1,40,0,P1,A,23,false
WDD,def,0.7,1,40,1,P2,B,23,false
WDD,def,0.7,1,41,0,P1,B,28,false
WDD,def,0.7,1,41,1,P2,B,20,false
WDD,def,0.7,1,42,0,P1,B,22,false
WDD,def,0.7,1,42,1,P2,B,21,false
WDD,def,0.7,1,43,0,P1,A,29,false
WDD,def,0.7,1,43,1,P2,A,24,false
WDD,def,0.7,1,44,0,P1,A,29,false
WDD,def,0.7,1,44,1,P2,A,22,false
WDD,def,0.7,1,45,0,P1,B,28,false
WDD,def,0.7,1,45,1,P2,B,23,false
WDD,def,0.7,1,46,0,P1,B,30,false
WDD,def,0.7,1,46,1,P2,A,41,false
WDD,def,0.7,1,47,0,P1,B,22,false
WDD,def,0.7,1,47,1,P2,A,29,false
WDD,def,0.7,1,48,0,P1,A,25,false
WDD,def,0.7,1,48,1,P2,A,20,false
WDD,def,0.7,1,49,0,P1,B,26,false
WDD,def,0.7,1,49,1,P2,B,26,false
WDD,def,0.7,1,50,0,P1,A,18,false
WDD,def,0.7,1,50,1,P2,B,21,false
WDD,def,0.85,1.3,1,0,P1,B,22,false
WDD,def,0.85,1.3,1,1,P2,A,24,false
WDD,def,0.85,1.3,2,0,P1,B,24,false
WDD,def,0.85,1.3,2,1,P2,A,22,false
WDD,def,0.85,1.3,3,0,P1,B,18,false
WDD,def,0.85,1.3,3,1,P2,A,21,false
WDD,def,0.85,1.3,4,0,P1,B,33,false
WDD,def,0.85,1.3,4,1,P2,B,25,false
WDD,def,0.85,1.3,5,0,P1,B,23,false
WDD,def,0.85,1.3,5,1,P2,A,26,false
WDD,def,0.85,1.3,6,0,P1,B,32,false
WDD,def,0.85,1.3,6,1,P2,B,17,false
WDD,def,0.85,1.3,7,0,P1,B,25,false
WDD,def,0.85,1.3,7,1,P2,B,17,false
WDD,def,0.85,1.3,8,0,P1,B,24,false
WDD,def,0.85,1.3,8,1,P2,A,30,false
WDD,def,0.85,1.3,9,0,P1,A,25,false
WDD,def,0.85,1.3,9,1,P2,B,25,false
WDD,def,0.85,1.3,10,0,P1,A,21,false
WDD,def,0.85,1.3,10,1,P2,A,28,false
WDD,def,0.85,1.3,11,0,P1,A,25,false
WDD,def,0.85,1.3,11,1,P2,A,22,false
WDD,def,0.85,1.3,12,0,P1,A,21,false
WDD,def,0.85,1.3,12,1,P2,B,21,false
WDD,def,0.85,1.3,13,0,P1,A,17,false
WDD,def,0.85,1.3,13,1,P2,A,25,false
WDD,def,0.85,1.3,14,0,P1,A,31,false
WDD,def,0.85,1.3,14,1,P2,B,21,false
WDD,def,0.85,1.3,15,0,P1,A,23,false
WDD,def,0.85,1.3,15,1,P2,A,21,false
WDD,def,0.85,1.3,16,0,P1,B,22,false
WDD,def,0.85,1.3,16,1,P2,B,30,false
WDD,def,0.85,1.3,17,0,P1,A,31,false
WDD,def,0.85,1.3,17,1,P2,B,25,false
WDD,def,0.85,1.3,18,0,P1,A,21,false
WDD,def,0.85,1.3,18,1,P2,A,22,false
WDD,def,0.85,1.3,19,0,P1,A,25,false
WDD,def,0.85,1.3,19,1,P2,B,21,false
WDD,def,0.85,1.3,20,0,P1,B,26,false
WDD,def,0.85,1.3,20,1,P2,A,33,false
WDD,def,0.85,1.3,21,0,P1,B,26,false
WDD,def,0.85,1.3,21,1,P2,A,25,false
WDD,def,0.85,1.3,22,0,P1,B,22,false
WDD,def,0.85,1.3,22,1,P2,B,26,false
WDD,def,0.85,1.3,23,0,P1,A,31,false
WDD,def,0.85,1.3,23,1,P2,A,24,false
WDD,def,0.85,1.3,24,0,P1,A,31,false
WDD,def,0.85,1.3,24,1,P2,B,21,false
WDD,def,0.85,1.3,25,0,P1,A,38,false
WDD,def,0.85,1.3,25,1,P2,A,20,false
WDD,def,0.85,1.3,26,0,P1,B,22,false
WDD,def,0.85,1.3,26,1,P2,B,19,false
WDD,def,0.85,1.3,27,0,P1,B,23,false
WDD,def,0.85,1.3,27,1,P2,B,19,false
WDD,def,0.85,1.3,28,0,P1,A,23,false
WDD,def,0.85,1.3,28,1,P2,A,26,false
WDD,def,0.85,1.3,29,0,P1,A,19,false
WDD,def,0.85,1.3,29,1,P2,B,21,false
WDD,def,0.85,1.3,30,0,P1,A,21,false
WDD,def,0.85,1.3,30,1,P2,B,26,false
WDD,def,0.85,1.3,31,0,P1,B,30,false
WDD,def,0.85,1.3,31,1,P2,B,22,false
WDD,def,0.85,1.3,32,0,P1,B,23,false
WDD,def,0.85,1.3,32,1,P2,B,29,false
WDD,def,0.85,1.3,33,0,P1,A,23,false
WDD,def,0.85,1.3,33,1,P2,A,26,false
WDD,def,0.85,1.3,34,0,P1,B,23,false
WDD,def,0.85,1.3,34,1,P2,A,24,false
WDD,def,0.85,1.3,35,0,P1,A,26,false
WDD,def,0.85,1.3,35,1,P2,A,19,false
WDD,def,0.85,1.3,36,0,P1,B,38,false
WDD,def,0.85,1.3,36,1,P2,A,25,false
WDD,def,0.85,1.3,37,0,P1,B,38,false
WDD,def,0.85,1.3,37,1,P2,B,34,false
WDD,def,0.85,1.3,38,0,P1,A,25,false
WDD,def,0.85,1.3,38,1,P2,B,25,false
WDD,def,0.85,1.3,39,0,P1,A,25,false
WDD,def,0.85,1.3,39,1,P2,B,25,false
WDD,def,0.85,1.3,40,0,P1,A,23,false
WDD,def,0.85,1.3,40,1,P2,B,33,false
WDD,def,0.85,1.3,41,0,P1,A,32,false
WDD,def,0.85,1.3,41,1,P2,B,20,false
WDD,def,0.85,1.3,42,0,P1,B,20,false
WDD,def,0.85,1.3,42,1,P2,B,21,false
WDD,def,0.85,1.3,43,0,P1,A,19,false
WDD,def,0.85,1.3,43,1,P2,B,26,false
WDD,def,0.85,1.3,44,0,P1,A,27,false
WDD,def,0.85,1.3,44,1,P2,A,22,false
WDD,def,0.85,1.3,45,0,P1,B,28,false
WDD,def,0.85,1.3,45,1,P2,B,23,false
WDD,def,0.85,1.3,46,0,P1,B,30,false
WDD,def,0.85,1.3,46,1,P2,A,32,false
WDD,def,0.85,1.3,47,0,P1,B,20,false
WDD,def,0.85,1.3,47,1,P2,A,29,false
WDD,def,0.85,1.3,48,0,P1,A,25,false
WDD,def,0.85,1.3,48,1,P2,A,20,false
WDD,def,0.85,1.3,49,0,P1,B,26,false
WDD,def,0.85,1.3,49,1,P2,B,26,false
WDD,def,0.85,1.3,50,0,P1,A,17,false
WDD,def,0.85,1.3,50,1,P2,A,21,false
WDD,def,1.15,1.7,1,0,P1,B,24,false
WDD,def,1.15,1.7,1,1,P2,A,22,false
WDD,def,1.15,1.7,2,0,P1,B,24,false
WDD,def,1.15,1.7,2,1,P2,A,24,false
WDD,def,1.15,1.7,3,0,P1,B,25,false
WDD,def,1.15,1.7,3,1,P2,A,27,false
WDD,def,1.15,1.7,4,0,P1,A,27,false
WDD,def,1.15,1.7,4,1,P2,B,27,false
WDD,def,1.15,1.7,5,0,P1,B,23,false
WDD,def,1.15,1.7,5,1,P2,A,22,false
WDD,def,1.15,1.7,6,0,P1,B,26,false
WDD,def,1.15,1.7,6,1,P2,B,17,false
WDD,def,1.15,1.7,7,0,P1,B,17,false
WDD,def,1.15,1.7,7,1,P2,B,15,false
WDD,def,1.15,1.7,8,0,P1,draw,100,true
WDD,def,1.15,1.7,8,1,P2,A,26,false
WDD,def,1.15,1.7,9,0,P1,A,25,false
WDD,def,1.15,1.7,9,1,P2,B,25,false
WDD,def,1.15,1.7,10,0,P1,A,21,false
WDD,def,1.15,1.7,10,1,P2,A,28,false
WDD,def,1.15,1.7,11,0,P1,B,25,false
WDD,def,1.15,1.7,11,1,P2,A,18,false
WDD,def,1.15,1.7,12,0,P1,A,21,false
WDD,def,1.15,1.7,12,1,P2,B,23,false
WDD,def,1.15,1.7,13,0,P1,A,17,false
WDD,def,1.15,1.7,13,1,P2,A,21,false
WDD,def,1.15,1.7,14,0,P1,A,31,false
WDD,def,1.15,1.7,14,1,P2,B,23,false
WDD,def,1.15,1.7,15,0,P1,A,29,false
WDD,def,1.15,1.7,15,1,P2,A,21,false
WDD,def,1.15,1.7,16,0,P1,B,24,false
WDD,def,1.15,1.7,16,1,P2,A,22,false
WDD,def,1.15,1.7,17,0,P1,A,29,false
WDD,def,1.15,1.7,17,1,P2,B,25,false
WDD,def,1.15,1.7,18,0,P1,A,21,false
WDD,def,1.15,1.7,18,1,P2,B,20,false
WDD,def,1.15,1.7,19,0,P1,B,27,false
WDD,def,1.15,1.7,19,1,P2,B,21,false
WDD,def,1.15,1.7,20,0,P1,B,32,false
WDD,def,1.15,1.7,20,1,P2,A,30,false
WDD,def,1.15,1.7,21,0,P1,B,24,false
WDD,def,1.15,1.7,21,1,P2,A,25,false
WDD,def,1.15,1.7,22,0,P1,B,21,false
WDD,def,1.15,1.7,22,1,P2,B,19,false
WDD,def,1.15,1.7,23,0,P1,A,31,false
WDD,def,1.15,1.7,23,1,P2,A,24,false
WDD,def,1.15,1.7,24,0,P1,A,31,false
WDD,def,1.15,1.7,24,1,P2,B,23,false
WDD,def,1.15,1.7,25,0,P1,A,38,false
WDD,def,1.15,1.7,25,1,P2,A,20,false
WDD,def,1.15,1.7,26,0,P1,B,22,false
WDD,def,1.15,1.7,26,1,P2,B,19,false
WDD,def,1.15,1.7,27,0,P1,B,23,false
WDD,def,1.15,1.7,27,1,P2,B,19,false
WDD,def,1.15,1.7,28,0,P1,A,25,false
WDD,def,1.15,1.7,28,1,P2,A,26,false
WDD,def,1.15,1.7,29,0,P1,A,21,false
WDD,def,1.15,1.7,29,1,P2,B,21,false
WDD,def,1.15,1.7,30,0,P1,A,21,false
WDD,def,1.15,1.7,30,1,P2,B,21,false
WDD,def,1.15,1.7,31,0,P1,A,45,false
WDD,def,1.15,1.7,31,1,P2,B,26,false
WDD,def,1.15,1.7,32,0,P1,B,23,false
WDD,def,1.15,1.7,32,1,P2,B,29,false
WDD,def,1.15,1.7,33,0,P1,B,32,false
WDD,def,1.15,1.7,33,1,P2,A,29,false
WDD,def,1.15,1.7,34,0,P1,B,23,false
WDD,def,1.15,1.7,34,1,P2,A,26,false
WDD,def,1.15,1.7,35,0,P1,A,20,false
WDD,def,1.15,1.7,35,1,P2,A,23,false
WDD,def,1.15,1.7,36,0,P1,A,25,false
WDD,def,1.15,1.7,36,1,P2,A,19,false
WDD,def,1.15,1.7,37,0,P1,B,30,false
WDD,def,1.15,1.7,37,1,P2,B,25,false
WDD,def,1.15,1.7,38,0,P1,A,24,false
WDD,def,1.15,1.7,38,1,P2,B,23,false
WDD,def,1.15,1.7,39,0,P1,A,25,false
WDD,def,1.15,1.7,39,1,P2,B,28,false
WDD,def,1.15,1.7,40,0,P1,A,30,false
WDD,def,1.15,1.7,40,1,P2,B,33,false
WDD,def,1.15,1.7,41,0,P1,B,26,false
WDD,def,1.15,1.7,41,1,P2,B,20,false
WDD,def,1.15,1.7,42,0,P1,B,26,false
WDD,def,1.15,1.7,42,1,P2,B,25,false
WDD,def,1.15,1.7,43,0,P1,A,21,false
WDD,def,1.15,1.7,43,1,P2,B,27,false
WDD,def,1.15,1.7,44,0,P1,A,26,false
WDD,def,1.15,1.7,44,1,P2,A,22,false
WDD,def,1.15,1.7,45,0,P1,B,28,false
WDD,def,1.15,1.7,45,1,P2,B,25,false
WDD,def,1.15,1.7,46,0,P1,B,34,false
WDD,def,1.15,1.7,46,1,P2,A,32,false
WDD,def,1.15,1.7,47,0,P1,B,20,false
WDD,def,1.15,1.7,47,1,P2,A,29,false
WDD,def,1.15,1.7,48,0,P1,A,25,false
WDD,def,1.15,1.7,48,1,P2,A,20,false
WDD,def,1.15,1.7,49,0,P1,B,26,false
WDD,def,1.15,1.7,49,1,P2,B,24,false
WDD,def,1.15,1.7,50,0,P1,A,17,false
WDD,def,1.15,1.7,50,1,P2,A,21,false
WDD,def,1.3,2,1,0,P1,B,24,false
WDD,def,1.3,2,1,1,P2,A,22,false
WDD,def,1.3,2,2,0,P1,A,21,false
WDD,def,1.3,2,2,1,P2,A,26,false
WDD,def,1.3,2,3,0,P1,B,39,false
WDD,def,1.3,2,3,1,P2,A,27,false
WDD,def,1.3,2,4,0,P1,A,27,false
WDD,def,1.3,2,4,1,P2,B,33,false
WDD,def,1.3,2,5,0,P1,A,21,false
WDD,def,1.3,2,5,1,P2,A,23,false
WDD,def,1.3,2,6,0,P1,B,26,false
WDD,def,1.3,2,6,1,P2,B,19,false
WDD,def,1.3,2,7,0,P1,B,17,false
WDD,def,1.3,2,7,1,P2,B,17,false
WDD,def,1.3,2,8,0,P1,draw,100,true
WDD,def,1.3,2,8,1,P2,A,26,false
WDD,def,1.3,2,9,0,P1,A,25,false
WDD,def,1.3,2,9,1,P2,B,25,false
WDD,def,1.3,2,10,0,P1,A,21,false
WDD,def,1.3,2,10,1,P2,A,32,false
WDD,def,1.3,2,11,0,P1,A,21,false
WDD,def,1.3,2,11,1,P2,A,18,false
WDD,def,1.3,2,12,0,P1,A,21,false
WDD,def,1.3,2,12,1,P2,B,25,false
WDD,def,1.3,2,13,0,P1,A,17,false
WDD,def,1.3,2,13,1,P2,A,21,false
WDD,def,1.3,2,14,0,P1,A,29,false
WDD,def,1.3,2,14,1,P2,B,23,false
WDD,def,1.3,2,15,0,P1,A,23,false
WDD,def,1.3,2,15,1,P2,A,21,false
WDD,def,1.3,2,16,0,P1,B,24,false
WDD,def,1.3,2,16,1,P2,A,18,false
WDD,def,1.3,2,17,0,P1,A,31,false
WDD,def,1.3,2,17,1,P2,A,28,false
WDD,def,1.3,2,18,0,P1,A,21,false
WDD,def,1.3,2,18,1,P2,B,20,false
WDD,def,1.3,2,19,0,P1,A,25,false
WDD,def,1.3,2,19,1,P2,A,22,false
WDD,def,1.3,2,20,0,P1,B,24,false
WDD,def,1.3,2,20,1,P2,A,30,false
WDD,def,1.3,2,21,0,P1,B,36,false
WDD,def,1.3,2,21,1,P2,A,25,false
WDD,def,1.3,2,22,0,P1,B,21,false
WDD,def,1.3,2,22,1,P2,B,17,false
WDD,def,1.3,2,23,0,P1,A,31,false
WDD,def,1.3,2,23,1,P2,A,22,false
WDD,def,1.3,2,24,0,P1,A,21,false
WDD,def,1.3,2,24,1,P2,B,23,false
WDD,def,1.3,2,25,0,P1,A,38,false
WDD,def,1.3,2,25,1,P2,A,20,false
WDD,def,1.3,2,26,0,P1,B,29,false
WDD,def,1.3,2,26,1,P2,B,19,false
WDD,def,1.3,2,27,0,P1,B,23,false
WDD,def,1.3,2,27,1,P2,B,22,false
WDD,def,1.3,2,28,0,P1,A,25,false
WDD,def,1.3,2,28,1,P2,A,31,false
WDD,def,1.3,2,29,0,P1,A,21,false
WDD,def,1.3,2,29,1,P2,B,19,false
WDD,def,1.3,2,30,0,P1,A,21,false
WDD,def,1.3,2,30,1,P2,A,24,false
WDD,def,1.3,2,31,0,P1,A,45,false
WDD,def,1.3,2,31,1,P2,B,26,false
WDD,def,1.3,2,32,0,P1,A,24,false
WDD,def,1.3,2,32,1,P2,B,29,false
WDD,def,1.3,2,33,0,P1,B,62,false
WDD,def,1.3,2,33,1,P2,A,29,false
WDD,def,1.3,2,34,0,P1,A,24,false
WDD,def,1.3,2,34,1,P2,A,24,false
WDD,def,1.3,2,35,0,P1,A,21,false
WDD,def,1.3,2,35,1,P2,A,23,false
WDD,def,1.3,2,36,0,P1,A,27,false
WDD,def,1.3,2,36,1,P2,A,22,false
WDD,def,1.3,2,37,0,P1,B,30,false
WDD,def,1.3,2,37,1,P2,B,31,false
WDD,def,1.3,2,38,0,P1,A,24,false
WDD,def,1.3,2,38,1,P2,B,23,false
WDD,def,1.3,2,39,0,P1,A,25,false
WDD,def,1.3,2,39,1,P2,B,27,false
WDD,def,1.3,2,40,0,P1,A,25,false
WDD,def,1.3,2,40,1,P2,B,36,false
WDD,def,1.3,2,41,0,P1,A,28,false
WDD,def,1.3,2,41,1,P2,B,20,false
WDD,def,1.3,2,42,0,P1,B,36,false
WDD,def,1.3,2,42,1,P2,B,25,false
WDD,def,1.3,2,43,0,P1,A,23,false
WDD,def,1.3,2,43,1,P2,A,26,false
WDD,def,1.3,2,44,0,P1,A,27,false
WDD,def,1.3,2,44,1,P2,A,20,false
WDD,def,1.3,2,45,0,P1,B,28,false
WDD,def,1.3,2,45,1,P2,B,23,false
WDD,def,1.3,2,46,0,P1,B,34,false
WDD,def,1.3,2,46,1,P2,A,32,false
WDD,def,1.3,2,47,0,P1,B,24,false
WDD,def,1.3,2,47,1,P2,A,23,false
WDD,def,1.3,2,48,0,P1,A,25,false
WDD,def,1.3,2,48,1,P2,A,20,false
WDD,def,1.3,2,49,0,P1,B,26,false
WDD,def,1.3,2,49,1,P2,B,24,false
WDD,def,1.3,2,50,0,P1,A,17,false
WDD,def,1.3,2,50,1,P2,A,21,false
WCC,hp,0.7,14,1,0,P1,B,24,false
WCC,hp,0.7,14,1,1,P2,B,22,false
WCC,hp,0.7,14,2,0,P1,B,22,false
WCC,hp,0.7,14,2,1,P2,B,31,false
WCC,hp,0.7,14,3,0,P1,B,22,false
WCC,hp,0.7,14,3,1,P2,A,36,false
WCC,hp,0.7,14,4,0,P1,B,29,false
WCC,hp,0.7,14,4,1,P2,B,29,false
WCC,hp,0.7,14,5,0,P1,B,22,false
WCC,hp,0.7,14,5,1,P2,B,24,false
WCC,hp,0.7,14,6,0,P1,B,22,false
WCC,hp,0.7,14,6,1,P2,B,26,false
WCC,hp,0.7,14,7,0,P1,B,27,false
WCC,hp,0.7,14,7,1,P2,B,19,false
WCC,hp,0.7,14,8,0,P1,B,24,false
WCC,hp,0.7,14,8,1,P2,A,40,false
WCC,hp,0.7,14,9,0,P1,B,27,false
WCC,hp,0.7,14,9,1,P2,B,31,false
WCC,hp,0.7,14,10,0,P1,A,22,false
WCC,hp,0.7,14,10,1,P2,A,28,false
WCC,hp,0.7,14,11,0,P1,B,18,false
WCC,hp,0.7,14,11,1,P2,A,27,false
WCC,hp,0.7,14,12,0,P1,B,29,false
WCC,hp,0.7,14,12,1,P2,B,41,false
WCC,hp,0.7,14,13,0,P1,A,21,false
WCC,hp,0.7,14,13,1,P2,A,21,false
WCC,hp,0.7,14,14,0,P1,A,25,false
WCC,hp,0.7,14,14,1,P2,B,21,false
WCC,hp,0.7,14,15,0,P1,B,20,false
WCC,hp,0.7,14,15,1,P2,A,29,false
WCC,hp,0.7,14,16,0,P1,B,22,false
WCC,hp,0.7,14,16,1,P2,A,18,false
WCC,hp,0.7,14,17,0,P1,A,35,false
WCC,hp,0.7,14,17,1,P2,B,25,false
WCC,hp,0.7,14,18,0,P1,B,27,false
WCC,hp,0.7,14,18,1,P2,B,20,false
WCC,hp,0.7,14,19,0,P1,A,31,false
WCC,hp,0.7,14,19,1,P2,B,23,false
WCC,hp,0.7,14,20,0,P1,B,16,false
WCC,hp,0.7,14,20,1,P2,A,27,false
WCC,hp,0.7,14,21,0,P1,B,24,false
WCC,hp,0.7,14,21,1,P2,A,27,false
WCC,hp,0.7,14,22,0,P1,A,29,false
WCC,hp,0.7,14,22,1,P2,B,19,false
WCC,hp,0.7,14,23,0,P1,B,22,false
WCC,hp,0.7,14,23,1,P2,B,19,false
WCC,hp,0.7,14,24,0,P1,A,20,false
WCC,hp,0.7,14,24,1,P2,B,26,false
WCC,hp,0.7,14,25,0,P1,B,38,false
WCC,hp,0.7,14,25,1,P2,B,21,false
WCC,hp,0.7,14,26,0,P1,B,22,false
WCC,hp,0.7,14,26,1,P2,B,22,false
WCC,hp,0.7,14,27,0,P1,B,28,false
WCC,hp,0.7,14,27,1,P2,B,22,false
WCC,hp,0.7,14,28,0,P1,A,21,false
WCC,hp,0.7,14,28,1,P2,A,33,false
WCC,hp,0.7,14,29,0,P1,B,36,false
WCC,hp,0.7,14,29,1,P2,B,21,false
WCC,hp,0.7,14,30,0,P1,A,23,false
WCC,hp,0.7,14,30,1,P2,B,29,false
WCC,hp,0.7,14,31,0,P1,A,28,false
WCC,hp,0.7,14,31,1,P2,B,24,false
WCC,hp,0.7,14,32,0,P1,B,27,false
WCC,hp,0.7,14,32,1,P2,B,23,false
WCC,hp,0.7,14,33,0,P1,B,22,false
WCC,hp,0.7,14,33,1,P2,B,29,false
WCC,hp,0.7,14,34,0,P1,B,20,false
WCC,hp,0.7,14,34,1,P2,B,21,false
WCC,hp,0.7,14,35,0,P1,B,22,false
WCC,hp,0.7,14,35,1,P2,A,23,false
WCC,hp,0.7,14,36,0,P1,A,25,false
WCC,hp,0.7,14,36,1,P2,B,20,false
WCC,hp,0.7,14,37,0,P1,B,38,false
WCC,hp,0.7,14,37,1,P2,B,32,false
WCC,hp,0.7,14,38,0,P1,B,25,false
WCC,hp,0.7,14,38,1,P2,B,27,false
WCC,hp,0.7,14,39,0,P1,A,21,false
WCC,hp,0.7,14,39,1,P2,B,29,false
WCC,hp,0.7,14,40,0,P1,A,27,false
WCC,hp,0.7,14,40,1,P2,B,27,false
WCC,hp,0.7,14,41,0,P1,A,24,false
WCC,hp,0.7,14,41,1,P2,B,19,false
WCC,hp,0.7,14,42,0,P1,B,22,false
WCC,hp,0.7,14,42,1,P2,A,37,false
WCC,hp,0.7,14,43,0,P1,B,31,false
WCC,hp,0.7,14,43,1,P2,A,24,false
WCC,hp,0.7,14,44,0,P1,B,39,false
WCC,hp,0.7,14,44,1,P2,B,22,false
WCC,hp,0.7,14,45,0,P1,A,49,false
WCC,hp,0.7,14,45,1,P2,B,25,false
WCC,hp,0.7,14,46,0,P1,B,26,false
WCC,hp,0.7,14,46,1,P2,B,31,false
WCC,hp,0.7,14,47,0,P1,B,24,false
WCC,hp,0.7,14,47,1,P2,B,22,false
WCC,hp,0.7,14,48,0,P1,draw,100,true
WCC,hp,0.7,14,48,1,P2,B,21,false
WCC,hp,0.7,14,49,0,P1,B,28,false
WCC,hp,0.7,14,49,1,P2,B,24,false
WCC,hp,0.7,14,50,0,P1,A,19,false
WCC,hp,0.7,14,50,1,P2,A,18,false
WCC,hp,0.85,17,1,0,P1,B,24,false
WCC,hp,0.85,17,1,1,P2,A,24,false
WCC,hp,0.85,17,2,0,P1,B,26,false
WCC,hp,0.85,17,2,1,P2,A,22,false
WCC,hp,0.85,17,3,0,P1,B,22,false
WCC,hp,0.85,17,3,1,P2,A,36,false
WCC,hp,0.85,17,4,0,P1,B,31,false
WCC,hp,0.85,17,4,1,P2,B,23,false
WCC,hp,0.85,17,5,0,P1,B,25,false
WCC,hp,0.85,17,5,1,P2,B,28,false
WCC,hp,0.85,17,6,0,P1,A,34,false
WCC,hp,0.85,17,6,1,P2,B,26,false
WCC,hp,0.85,17,7,0,P1,B,17,false
WCC,hp,0.85,17,7,1,P2,B,20,false
WCC,hp,0.85,17,8,0,P1,B,26,false
WCC,hp,0.85,17,8,1,P2,A,30,false
WCC,hp,0.85,17,9,0,P1,B,23,false
WCC,hp,0.85,17,9,1,P2,B,23,false
WCC,hp,0.85,17,10,0,P1,A,26,false
WCC,hp,0.85,17,10,1,P2,A,26,false
WCC,hp,0.85,17,11,0,P1,B,21,false
WCC,hp,0.85,17,11,1,P2,A,28,false
WCC,hp,0.85,17,12,0,P1,A,29,false
WCC,hp,0.85,17,12,1,P2,B,23,false
WCC,hp,0.85,17,13,0,P1,A,34,false
WCC,hp,0.85,17,13,1,P2,A,17,false
WCC,hp,0.85,17,14,0,P1,A,43,false
WCC,hp,0.85,17,14,1,P2,B,23,false
WCC,hp,0.85,17,15,0,P1,A,21,false
WCC,hp,0.85,17,15,1,P2,A,26,false
WCC,hp,0.85,17,16,0,P1,B,20,false
WCC,hp,0.85,17,16,1,P2,B,27,false
WCC,hp,0.85,17,17,0,P1,A,29,false
WCC,hp,0.85,17,17,1,P2,B,25,false
WCC,hp,0.85,17,18,0,P1,B,24,false
WCC,hp,0.85,17,18,1,P2,A,19,false
WCC,hp,0.85,17,19,0,P1,B,29,false
WCC,hp,0.85,17,19,1,P2,B,19,false
WCC,hp,0.85,17,20,0,P1,B,26,false
WCC,hp,0.85,17,20,1,P2,A,29,false
WCC,hp,0.85,17,21,0,P1,B,22,false
WCC,hp,0.85,17,21,1,P2,A,27,false
WCC,hp,0.85,17,22,0,P1,B,26,false
WCC,hp,0.85,17,22,1,P2,B,19,false
WCC,hp,0.85,17,23,0,P1,B,30,false
WCC,hp,0.85,17,23,1,P2,A,29,false
WCC,hp,0.85,17,24,0,P1,A,19,false
WCC,hp,0.85,17,24,1,P2,B,30,false
WCC,hp,0.85,17,25,0,P1,B,38,false
WCC,hp,0.85,17,25,1,P2,A,21,false
WCC,hp,0.85,17,26,0,P1,B,22,false
WCC,hp,0.85,17,26,1,P2,B,20,false
WCC,hp,0.85,17,27,0,P1,B,22,false
WCC,hp,0.85,17,27,1,P2,B,23,false
WCC,hp,0.85,17,28,0,P1,B,27,false
WCC,hp,0.85,17,28,1,P2,B,25,false
WCC,hp,0.85,17,29,0,P1,A,19,false
WCC,hp,0.85,17,29,1,P2,B,25,false
WCC,hp,0.85,17,30,0,P1,A,20,false
WCC,hp,0.85,17,30,1,P2,B,32,false
WCC,hp,0.85,17,31,0,P1,B,25,false
WCC,hp,0.85,17,31,1,P2,B,22,false
WCC,hp,0.85,17,32,0,P1,B,25,false
WCC,hp,0.85,17,32,1,P2,B,23,false
WCC,hp,0.85,17,33,0,P1,B,22,false
WCC,hp,0.85,17,33,1,P2,B,37,false
WCC,hp,0.85,17,34,0,P1,B,23,false
WCC,hp,0.85,17,34,1,P2,A,24,false
WCC,hp,0.85,17,35,0,P1,B,24,false
WCC,hp,0.85,17,35,1,P2,A,23,false
WCC,hp,0.85,17,36,0,P1,A,47,false
WCC,hp,0.85,17,36,1,P2,A,22,false
WCC,hp,0.85,17,37,0,P1,B,38,false
WCC,hp,0.85,17,37,1,P2,B,31,false
WCC,hp,0.85,17,38,0,P1,A,25,false
WCC,hp,0.85,17,38,1,P2,B,55,false
WCC,hp,0.85,17,39,0,P1,A,25,false
WCC,hp,0.85,17,39,1,P2,B,25,false
WCC,hp,0.85,17,40,0,P1,A,30,false
WCC,hp,0.85,17,40,1,P2,B,31,false
WCC,hp,0.85,17,41,0,P1,B,28,false
WCC,hp,0.85,17,41,1,P2,B,20,false
WCC,hp,0.85,17,42,0,P1,B,18,false
WCC,hp,0.85,17,42,1,P2,A,37,false
WCC,hp,0.85,17,43,0,P1,A,25,false
WCC,hp,0.85,17,43,1,P2,A,24,false
WCC,hp,0.85,17,44,0,P1,A,27,false
WCC,hp,0.85,17,44,1,P2,B,22,false
WCC,hp,0.85,17,45,0,P1,B,34,false
WCC,hp,0.85,17,45,1,P2,B,23,false
WCC,hp,0.85,17,46,0,P1,B,26,false
WCC,hp,0.85,17,46,1,P2,B,31,false
WCC,hp,0.85,17,47,0,P1,B,22,false
WCC,hp,0.85,17,47,1,P2,A,20,false
WCC,hp,0.85,17,48,0,P1,A,21,false
WCC,hp,0.85,17,48,1,P2,A,20,false
WCC,hp,0.85,17,49,0,P1,B,26,false
WCC,hp,0.85,17,49,1,P2,B,22,false
WCC,hp,0.85,17,50,0,P1,A,17,false
WCC,hp,0.85,17,50,1,P2,A,18,false
WCC,hp,1.15,23,1,0,P1,A,23,false
WCC,hp,1.15,23,1,1,P2,A,46,false
WCC,hp,1.15,23,2,0,P1,A,29,false
WCC,hp,1.15,23,2,1,P2,A,22,false
WCC,hp,1.15,23,3,0,P1,B,16,false
WCC,hp,1.15,23,3,1,P2,A,25,false
WCC,hp,1.15,23,4,0,P1,A,27,false
WCC,hp,1.15,23,4,1,P2,B,33,false
WCC,hp,1.15,23,5,0,P1,A,23,false
WCC,hp,1.15,23,5,1,P2,A,24,false
WCC,hp,1.15,23,6,0,P1,B,26,false
WCC,hp,1.15,23,6,1,P2,B,27,false
WCC,hp,1.15,23,7,0,P1,B,24,false
WCC,hp,1.15,23,7,1,P2,B,15,false
WCC,hp,1.15,23,8,0,P1,A,24,false
WCC,hp,1.15,23,8,1,P2,A,26,false
WCC,hp,1.15,23,9,0,P1,A,21,false
WCC,hp,1.15,23,9,1,P2,B,25,false
WCC,hp,1.15,23,10,0,P1,A,21,false
WCC,hp,1.15,23,10,1,P2,A,28,false
WCC,hp,1.15,23,11,0,P1,B,19,false
WCC,hp,1.15,23,11,1,P2,A,20,false
WCC,hp,1.15,23,12,0,P1,A,21,false
WCC,hp,1.15,23,12,1,P2,B,21,false
WCC,hp,1.15,23,13,0,P1,A,19,false
WCC,hp,1.15,23,13,1,P2,A,21,false
WCC,hp,1.15,23,14,0,P1,A,25,false
WCC,hp,1.15,23,14,1,P2,B,26,false
WCC,hp,1.15,23,15,0,P1,A,19,false
WCC,hp,1.15,23,15,1,P2,A,20,false
WCC,hp,1.15,23,16,0,P1,B,20,false
WCC,hp,1.15,23,16,1,P2,A,31,false
WCC,hp,1.15,23,17,0,P1,A,31,false
WCC,hp,1.15,23,17,1,P2,B,25,false
WCC,hp,1.15,23,18,0,P1,B,22,false
WCC,hp,1.15,23,18,1,P2,B,18,false
WCC,hp,1.15,23,19,0,P1,A,25,false
WCC,hp,1.15,23,19,1,P2,A,20,false
WCC,hp,1.15,23,20,0,P1,B,18,false
WCC,hp,1.15,23,20,1,P2,A,20,false
WCC,hp,1.15,23,21,0,P1,B,22,false
WCC,hp,1.15,23,21,1,P2,A,27,false
WCC,hp,1.15,23,22,0,P1,A,31,false
WCC,hp,1.15,23,22,1,P2,B,19,false
WCC,hp,1.15,23,23,0,P1,B,32,false
WCC,hp,1.15,23,23,1,P2,A,24,false
WCC,hp,1.15,23,24,0,P1,A,24,false
WCC,hp,1.15,23,24,1,P2,B,28,false
WCC,hp,1.15,23,25,0,P1,A,22,false
WCC,hp,1.15,23,25,1,P2,A,18,false
WCC,hp,1.15,23,26,0,P1,A,21,false
WCC,hp,1.15,23,26,1,P2,B,26,false
WCC,hp,1.15,23,27,0,P1,B,22,false
WCC,hp,1.15,23,27,1,P2,B,21,false
WCC,hp,1.15,23,28,0,P1,A,29,false
WCC,hp,1.15,23,28,1,P2,A,24,false
WCC,hp,1.15,23,29,0,P1,A,19,false
WCC,hp,1.15,23,29,1,P2,B,21,false
WCC,hp,1.15,23,30,0,P1,A,24,false
WCC,hp,1.15,23,30,1,P2,B,26,false
WCC,hp,1.15,23,31,0,P1,A,27,false
WCC,hp,1.15,23,31,1,P2,B,22,false
WCC,hp,1.15,23,32,0,P1,B,23,false
WCC,hp,1.15,23,32,1,P2,B,29,false
WCC,hp,1.15,23,33,0,P1,B,34,false
WCC,hp,1.15,23,33,1,P2,B,33,false
WCC,hp,1.15,23,34,0,P1,B,22,false
WCC,hp,1.15,23,34,1,P2,A,26,false
WCC,hp,1.15,23,35,0,P1,A,19,false
WCC,hp,1.15,23,35,1,P2,A,24,false
WCC,hp,1.15,23,36,0,P1,B,28,false
WCC,hp,1.15,23,36,1,P2,A,25,false
WCC,hp,1.15,23,37,0,P1,A,32,false
WCC,hp,1.15,23,37,1,P2,A,26,false
WCC,hp,1.15,23,38,0,P1,A,25,false
WCC,hp,1.15,23,38,1,P2,B,27,false
WCC,hp,1.15,23,39,0,P1,A,25,false
WCC,hp,1.15,23,39,1,P2,B,31,false
WCC,hp,1.15,23,40,0,P1,A,23,false
WCC,hp,1.15,23,40,1,P2,B,24,false
WCC,hp,1.15,23,41,0,P1,A,28,false
WCC,hp,1.15,23,41,1,P2,B,20,false
WCC,hp,1.15,23,42,0,P1,B,24,false
WCC,hp,1.15,23,42,1,P2,B,25,false
WCC,hp,1.15,23,43,0,P1,A,19,false
WCC,hp,1.15,23,43,1,P2,B,23,false
WCC,hp,1.15,23,44,0,P1,draw,100,true
WCC,hp,1.15,23,44,1,P2,A,31,false
WCC,hp,1.15,23,45,0,P1,B,32,false
WCC,hp,1.15,23,45,1,P2,B,23,false
WCC,hp,1.15,23,46,0,P1,A,45,false
WCC,hp,1.15,23,46,1,P2,A,33,false
WCC,hp,1.15,23,47,0,P1,B,24,false
WCC,hp,1.15,23,47,1,P2,A,41,false
WCC,hp,1.15,23,48,0,P1,A,25,false
WCC,hp,1.15,23,48,1,P2,A,20,false
WCC,hp,1.15,23,49,0,P1,B,30,false
WCC,hp,1.15,23,49,1,P2,B,24,false
WCC,hp,1.15,23,50,0,P1,A,17,false
WCC,hp,1.15,23,50,1,P2,A,20,false
WCC,hp,1.3,26,1,0,P1,B,32,false
WCC,hp,1.3,26,1,1,P2,B,29,false
WCC,hp,1.3,26,2,0,P1,A,25,false
WCC,hp,1.3,26,2,1,P2,A,22,false
WCC,hp,1.3,26,3,0,P1,B,20,false
WCC,hp,1.3,26,3,1,P2,A,29,false
WCC,hp,1.3,26,4,0,P1,A,27,false
WCC,hp,1.3,26,4,1,P2,B,21,false
WCC,hp,1.3,26,5,0,P1,A,23,false
WCC,hp,1.3,26,5,1,P2,A,24,false
WCC,hp,1.3,26,6,0,P1,B,22,false
WCC,hp,1.3,26,6,1,P2,B,15,false
WCC,hp,1.3,26,7,0,P1,A,27,false
WCC,hp,1.3,26,7,1,P2,B,20,false
WCC,hp,1.3,26,8,0,P1,A,28,false
WCC,hp,1.3,26,8,1,P2,A,26,false
WCC,hp,1.3,26,9,0,P1,A,27,false
WCC,hp,1.3,26,9,1,P2,B,27,false
WCC,hp,1.3,26,10,0,P1,A,20,false
WCC,hp,1.3,26,10,1,P2,A,29,false
WCC,hp,1.3,26,11,0,P1,A,20,false
WCC,hp,1.3,26,11,1,P2,A,26,false
WCC,hp,1.3,26,12,0,P1,A,19,false
WCC,hp,1.3,26,12,1,P2,B,21,false
WCC,hp,1.3,26,13,0,P1,A,22,false
WCC,hp,1.3,26,13,1,P2,A,16,false
WCC,hp,1.3,26,14,0,P1,A,27,false
WCC,hp,1.3,26,14,1,P2,B,29,false
WCC,hp,1.3,26,15,0,P1,A,23,false
WCC,hp,1.3,26,15,1,P2,A,20,false
WCC,hp,1.3,26,16,0,P1,B,20,false
WCC,hp,1.3,26,16,1,P2,A,31,false
WCC,hp,1.3,26,17,0,P1,A,31,false
WCC,hp,1.3,26,17,1,P2,B,25,false
WCC,hp,1.3,26,18,0,P1,B,23,false
WCC,hp,1.3,26,18,1,P2,B,26,false
WCC,hp,1.3,26,19,0,P1,A,23,false
WCC,hp,1.3,26,19,1,P2,A,20,false
WCC,hp,1.3,26,20,0,P1,B,22,false
WCC,hp,1.3,26,20,1,P2,A,20,false
WCC,hp,1.3,26,21,0,P1,B,22,false
WCC,hp,1.3,26,21,1,P2,B,23,false
WCC,hp,1.3,26,22,0,P1,A,20,false
WCC,hp,1.3,26,22,1,P2,B,23,false
WCC,hp,1.3,26,23,0,P1,B,26,false
WCC,hp,1.3,26,23,1,P2,A,22,false
WCC,hp,1.3,26,24,0,P1,A,24,false
WCC,hp,1.3,26,24,1,P2,B,28,false
WCC,hp,1.3,26,25,0,P1,A,23,false
WCC,hp,1.3,26,25,1,P2,A,18,false
WCC,hp,1.3,26,26,0,P1,A,21,false
WCC,hp,1.3,26,26,1,P2,B,26,false
WCC,hp,1.3,26,27,0,P1,B,22,false
WCC,hp,1.3,26,27,1,P2,B,23,false
WCC,hp,1.3,26,28,0,P1,A,29,false
WCC,hp,1.3,26,28,1,P2,A,22,false
WCC,hp,1.3,26,29,0,P1,A,19,false
WCC,hp,1.3,26,29,1,P2,B,24,false
WCC,hp,1.3,26,30,0,P1,A,19,false
WCC,hp,1.3,26,30,1,P2,A,22,false
WCC,hp,1.3,26,31,0,P1,A,25,false
WCC,hp,1.3,26,31,1,P2,A,22,false
WCC,hp,1.3,26,32,0,P1,A,22,false
WCC,hp,1.3,26,32,1,P2,B,23,false
WCC,hp,1.3,26,33,0,P1,B,33,false
WCC,hp,1.3,26,33,1,P2,B,25,false
WCC,hp,1.3,26,34,0,P1,B,27,false
WCC,hp,1.3,26,34,1,P2,A,22,false
WCC,hp,1.3,26,35,0,P1,A,22,false
WCC,hp,1.3,26,35,1,P2,B,27,false
WCC,hp,1.3,26,36,0,P1,B,34,false
WCC,hp,1.3,26,36,1,P2,A,24,false
WCC,hp,1.3,26,37,0,P1,B,30,false
WCC,hp,1.3,26,37,1,P2,A,26,false
WCC,hp,1.3,26,38,0,P1,A,25,false
WCC,hp,1.3,26,38,1,P2,B,27,false
WCC,hp,1.3,26,39,0,P1,A,23,false
WCC,hp,1.3,26,39,1,P2,A,26,false
WCC,hp,1.3,26,40,0,P1,A,22,false
WCC,hp,1.3,26,40,1,P2,A,22,false
WCC,hp,1.3,26,41,0,P1,A,26,false
WCC,hp,1.3,26,41,1,P2,A,18,false
WCC,hp,1.3,26,42,0,P1,B,24,false
WCC,hp,1.3,26,42,1,P2,A,31,false
WCC,hp,1.3,26,43,0,P1,A,19,false
WCC,hp,1.3,26,43,1,P2,A,20,false
WCC,hp,1.3,26,44,0,P1,draw,100,true
WCC,hp,1.3,26,44,1,P2,A,20,false
WCC,hp,1.3,26,45,0,P1,B,26,false
WCC,hp,1.3,26,45,1,P2,B,23,false
WCC,hp,1.3,26,46,0,P1,B,42,false
WCC,hp,1.3,26,46,1,P2,A,37,false
WCC,hp,1.3,26,47,0,P1,B,24,false
WCC,hp,1.3,26,47,1,P2,A,25,false
WCC,hp,1.3,26,48,0,P1,A,25,false
WCC,hp,1.3,26,48,1,P2,A,30,false
WCC,hp,1.3,26,49,0,P1,B,22,false
WCC,hp,1.3,26,49,1,P2,A,22,false
WCC,hp,1.3,26,50,0,P1,A,17,false
WCC,hp,1.3,26,50,1,P2,A,20,false
WCC,atk,0.7,2.1,1,0,P1,B,26,false
WCC,atk,0.7,2.1,1,1,P2,A,30,false
WCC,atk,0.7,2.1,2,0,P1,B,22,false
WCC,atk,0.7,2.1,2,1,P2,A,46,false
WCC,atk,0.7,2.1,3,0,P1,A,23,false
WCC,atk,0.7,2.1,3,1,P2,B,23,false
WCC,atk,0.7,2.1,4,0,P1,B,33,false
WCC,atk,0.7,2.1,4,1,P2,B,23,false
WCC,atk,0.7,2.1,5,0,P1,B,24,false
WCC,atk,0.7,2.1,5,1,P2,B,28,false
WCC,atk,0.7,2.1,6,0,P1,B,16,false
WCC,atk,0.7,2.1,6,1,P2,B,24,false
WCC,atk,0.7,2.1,7,0,P1,B,27,false
WCC,atk,0.7,2.1,7,1,P2,B,15,false
WCC,atk,0.7,2.1,8,0,P1,B,26,false
WCC,atk,0.7,2.1,8,1,P2,B,33,false
WCC,atk,0.7,2.1,9,0,P1,B,21,false
WCC,atk,0.7,2.1,9,1,P2,B,21,false
WCC,atk,0.7,2.1,10,0,P1,B,20,false
WCC,atk,0.7,2.1,10,1,P2,A,24,false
WCC,atk,0.7,2.1,11,0,P1,B,18,false
WCC,atk,0.7,2.1,11,1,P2,A,22,false
WCC,atk,0.7,2.1,12,0,P1,B,27,false
WCC,atk,0.7,2.1,12,1,P2,B,19,false
WCC,atk,0.7,2.1,13,0,P1,A,24,false
WCC,atk,0.7,2.1,13,1,P2,A,24,false
WCC,atk,0.7,2.1,14,0,P1,B,36,false
WCC,atk,0.7,2.1,14,1,P2,B,26,false
WCC,atk,0.7,2.1,15,0,P1,B,32,false
WCC,atk,0.7,2.1,15,1,P2,A,32,false
WCC,atk,0.7,2.1,16,0,P1,B,20,false
WCC,atk,0.7,2.1,16,1,P2,A,20,false
WCC,atk,0.7,2.1,17,0,P1,A,31,false
WCC,atk,0.7,2.1,17,1,P2,B,25,false
WCC,atk,0.7,2.1,18,0,P1,A,18,false
WCC,atk,0.7,2.1,18,1,P2,B,20,false
WCC,atk,0.7,2.1,19,0,P1,B,25,false
WCC,atk,0.7,2.1,19,1,P2,B,22,false
WCC,atk,0.7,2.1,20,0,P1,B,24,false
WCC,atk,0.7,2.1,20,1,P2,draw,100,true
WCC,atk,0.7,2.1,21,0,P1,B,26,false
WCC,atk,0.7,2.1,21,1,P2,B,27,false
WCC,atk,0.7,2.1,22,0,P1,B,20,false
WCC,atk,0.7,2.1,22,1,P2,B,19,false
WCC,atk,0.7,2.1,23,0,P1,B,24,false
WCC,atk,0.7,2.1,23,1,P2,B,18,false
WCC,atk,0.7,2.1,24,0,P1,B,22,false
WCC,atk,0.7,2.1,24,1,P2,B,28,false
WCC,atk,0.7,2.1,25,0,P1,B,21,false
WCC,atk,0.7,2.1,25,1,P2,B,19,false
WCC,atk,0.7,2.1,26,0,P1,B,23,false
WCC,atk,0.7,2.1,26,1,P2,B,24,false
WCC,atk,0.7,2.1,27,0,P1,B,22,false
WCC,atk,0.7,2.1,27,1,P2,B,19,false
WCC,atk,0.7,2.1,28,0,P1,B,36,false
WCC,atk,0.7,2.1,28,1,P2,B,25,false
WCC,atk,0.7,2.1,29,0,P1,B,23,false
WCC,atk,0.7,2.1,29,1,P2,B,23,false
WCC,atk,0.7,2.1,30,0,P1,A,35,false
WCC,atk,0.7,2.1,30,1,P2,B,21,false
WCC,atk,0.7,2.1,31,0,P1,B,22,false
WCC,atk,0.7,2.1,31,1,P2,B,22,false
WCC,atk,0.7,2.1,32,0,P1,B,22,false
WCC,atk,0.7,2.1,32,1,P2,B,21,false
WCC,atk,0.7,2.1,33,0,P1,B,34,false
WCC,atk,0.7,2.1,33,1,P2,B,31,false
WCC,atk,0.7,2.1,34,0,P1,B,22,false
WCC,atk,0.7,2.1,34,1,P2,B,24,false
WCC,atk,0.7,2.1,35,0,P1,B,20,false
WCC,atk,0.7,2.1,35,1,P2,A,22,false
WCC,atk,0.7,2.1,36,0,P1,B,26,false
WCC,atk,0.7,2.1,36,1,P2,A,27,false
WCC,atk,0.7,2.1,37,0,P1,B,34,false
WCC,atk,0.7,2.1,37,1,P2,B,36,false
WCC,atk,0.7,2.1,38,0,P1,B,29,false
WCC,atk,0.7,2.1,38,1,P2,B,39,false
WCC,atk,0.7,2.1,39,0,P1,B,26,false
WCC,atk,0.7,2.1,39,1,P2,B,28,false
WCC,atk,0.7,2.1,40,0,P1,B,26,false
WCC,atk,0.7,2.1,40,1,P2,B,28,false
WCC,atk,0.7,2.1,41,0,P1,B,26,false
WCC,atk,0.7,2.1,41,1,P2,B,24,false
WCC,atk,0.7,2.1,42,0,P1,B,23,false
WCC,atk,0.7,2.1,42,1,P2,B,25,false
WCC,atk,0.7,2.1,43,0,P1,B,39,false
WCC,atk,0.7,2.1,43,1,P2,A,27,false
WCC,atk,0.7,2.1,44,0,P1,B,21,false
WCC,atk,0.7,2.1,44,1,P2,A,26,false
WCC,atk,0.7,2.1,45,0,P1,B,28,false
WCC,atk,0.7,2.1,45,1,P2,B,23,false
WCC,atk,0.7,2.1,46,0,P1,B,28,false
WCC,atk,0.7,2.1,46,1,P2,B,27,false
WCC,atk,0.7,2.1,47,0,P1,B,37,false
WCC,atk,0.7,2.1,47,1,P2,A,26,false
WCC,atk,0.7,2.1,48,0,P1,A,25,false
WCC,atk,0.7,2.1,48,1,P2,A,20,false
WCC,atk,0.7,2.1,49,0,P1,B,26,false
WCC,atk,0.7,2.1,49,1,P2,B,25,false
WCC,atk,0.7,2.1,50,0,P1,B,20,false
WCC,atk,0.7,2.1,50,1,P2,B,20,false
WCC,atk,0.85,2.6,1,0,P1,B,26,false
WCC,atk,0.85,2.6,1,1,P2,A,20,false
WCC,atk,0.85,2.6,2,0,P1,A,29,false
WCC,atk,0.85,2.6,2,1,P2,A,22,false
WCC,atk,0.85,2.6,3,0,P1,B,23,false
WCC,atk,0.85,2.6,3,1,P2,A,25,false
WCC,atk,0.85,2.6,4,0,P1,A,27,false
WCC,atk,0.85,2.6,4,1,P2,B,29,false
WCC,atk,0.85,2.6,5,0,P1,B,24,false
WCC,atk,0.85,2.6,5,1,P2,B,30,false
WCC,atk,0.85,2.6,6,0,P1,B,21,false
WCC,atk,0.85,2.6,6,1,P2,B,17,false
WCC,atk,0.85,2.6,7,0,P1,B,27,false
WCC,atk,0.85,2.6,7,1,P2,B,15,false
WCC,atk,0.85,2.6,8,0,P1,A,25,false
WCC,atk,0.85,2.6,8,1,P2,A,40,false
WCC,atk,0.85,2.6,9,0,P1,B,23,false
WCC,atk,0.85,2.6,9,1,P2,B,27,false
WCC,atk,0.85,2.6,10,0,P1,A,22,false
WCC,atk,0.85,2.6,10,1,P2,A,26,false
WCC,atk,0.85,2.6,11,0,P1,B,20,false
WCC,atk,0.85,2.6,11,1,P2,A,18,false
WCC,atk,0.85,2.6,12,0,P1,A,21,false
WCC,atk,0.85,2.6,12,1,P2,B,19,false
WCC,atk,0.85,2.6,13,0,P1,A,34,false
WCC,atk,0.85,2.6,13,1,P2,B,20,false
WCC,atk,0.85,2.6,14,0,P1,A,21,false
WCC,atk,0.85,2.6,14,1,P2,B,25,false
WCC,atk,0.85,2.6,15,0,P1,A,25,false
WCC,atk,0.85,2.6,15,1,P2,A,24,false
WCC,atk,0.85,2.6,16,0,P1,B,23,false
WCC,atk,0.85,2.6,16,1,P2,B,19,false
WCC,atk,0.85,2.6,17,0,P1,A,27,false
WCC,atk,0.85,2.6,17,1,P2,B,25,false
WCC,atk,0.85,2.6,18,0,P1,A,21,false
WCC,atk,0.85,2.6,18,1,P2,A,20,false
WCC,atk,0.85,2.6,19,0,P1,B,32,false
WCC,atk,0.85,2.6,19,1,P2,B,19,false
WCC,atk,0.85,2.6,20,0,P1,B,24,false
WCC,atk,0.85,2.6,20,1,P2,A,29,false
WCC,atk,0.85,2.6,21,0,P1,B,26,false
WCC,atk,0.85,2.6,21,1,P2,A,30,false
WCC,atk,0.85,2.6,22,0,P1,B,27,false
WCC,atk,0.85,2.6,22,1,P2,B,19,false
WCC,atk,0.85,2.6,23,0,P1,A,25,false
WCC,atk,0.85,2.6,23,1,P2,A,29,false
WCC,atk,0.85,2.6,24,0,P1,B,20,false
WCC,atk,0.85,2.6,24,1,P2,B,23,false
WCC,atk,0.85,2.6,25,0,P1,B,21,false
WCC,atk,0.85,2.6,25,1,P2,B,21,false
WCC,atk,0.85,2.6,26,0,P1,A,22,false
WCC,atk,0.85,2.6,26,1,P2,B,24,false
WCC,atk,0.85,2.6,27,0,P1,B,20,false
WCC,atk,0.85,2.6,27,1,P2,B,19,false
WCC,atk,0.85,2.6,28,0,P1,B,24,false
WCC,atk,0.85,2.6,28,1,P2,A,25,false
WCC,atk,0.85,2.6,29,0,P1,B,26,false
WCC,atk,0.85,2.6,29,1,P2,B,19,false
WCC,atk,0.85,2.6,30,0,P1,A,21,false
WCC,atk,0.85,2.6,30,1,P2,B,21,false
WCC,atk,0.85,2.6,31,0,P1,B,26,false
WCC,atk,0.85,2.6,31,1,P2,B,22,false
WCC,atk,0.85,2.6,32,0,P1,A,27,false
WCC,atk,0.85,2.6,32,1,P2,B,25,false
WCC,atk,0.85,2.6,33,0,P1,B,32,false
WCC,atk,0.85,2.6,33,1,P2,B,35,false
WCC,atk,0.85,2.6,34,0,P1,B,22,false
WCC,atk,0.85,2.6,34,1,P2,A,26,false
WCC,atk,0.85,2.6,35,0,P1,A,19,false
WCC,atk,0.85,2.6,35,1,P2,A,22,false
WCC,atk,0.85,2.6,36,0,P1,B,38,false
WCC,atk,0.85,2.6,36,1,P2,A,23,false
WCC,atk,0.85,2.6,37,0,P1,B,38,false
WCC,atk,0.85,2.6,37,1,P2,B,35,false
WCC,atk,0.85,2.6,38,0,P1,A,23,false
WCC,atk,0.85,2.6,38,1,P2,B,27,false
WCC,atk,0.85,2.6,39,0,P1,A,27,false
WCC,atk,0.85,2.6,39,1,P2,B,25,false
WCC,atk,0.85,2.6,40,0,P1,A,25,false
WCC,atk,0.85,2.6,40,1,P2,B,22,false
WCC,atk,0.85,2.6,41,0,P1,A,24,false
WCC,atk,0.85,2.6,41,1,P2,B,20,false
WCC,atk,0.85,2.6,42,0,P1,B,26,false
WCC,atk,0.85,2.6,42,1,P2,B,29,false
WCC,atk,0.85,2.6,43,0,P1,A,26,false
WCC,atk,0.85,2.6,43,1,P2,A,27,false
WCC,atk,0.85,2.6,44,0,P1,B,23,false
WCC,atk,0.85,2.6,44,1,P2,A,20,false
WCC,atk,0.85,2.6,45,0,P1,B,34,false
WCC,atk,0.85,2.6,45,1,P2,B,23,false
WCC,atk,0.85,2.6,46,0,P1,B,28,false
WCC,atk,0.85,2.6,46,1,P2,A,32,false
WCC,atk,0.85,2.6,47,0,P1,B,41,false
WCC,atk,0.85,2.6,47,1,P2,A,18,false
WCC,atk,0.85,2.6,48,0,P1,B,22,false
WCC,atk,0.85,2.6,48,1,P2,A,20,false
WCC,atk,0.85,2.6,49,0,P1,B,26,false
WCC,atk,0.85,2.6,49,1,P2,B,23,false
WCC,atk,0.85,2.6,50,0,P1,A,20,false
WCC,atk,0.85,2.6,50,1,P2,A,22,false
WCC,atk,1.15,3.5,1,0,P1,B,26,false
WCC,atk,1.15,3.5,1,1,P2,A,24,false
WCC,atk,1.15,3.5,2,0,P1,B,26,false
WCC,atk,1.15,3.5,2,1,P2,A,24,false
WCC,atk,1.15,3.5,3,0,P1,B,20,false
WCC,atk,1.15,3.5,3,1,P2,A,24,false
WCC,atk,1.15,3.5,4,0,P1,A,29,false
WCC,atk,1.15,3.5,4,1,P2,B,33,false
WCC,atk,1.15,3.5,5,0,P1,A,23,false
WCC,atk,1.15,3.5,5,1,P2,A,22,false
WCC,atk,1.15,3.5,6,0,P1,B,32,false
WCC,atk,1.15,3.5,6,1,P2,B,18,false
WCC,atk,1.15,3.5,7,0,P1,B,21,false
WCC,atk,1.15,3.5,7,1,P2,B,15,false
WCC,atk,1.15,3.5,8,0,P1,A,30,false
WCC,atk,1.15,3.5,8,1,P2,A,26,false
WCC,atk,1.15,3.5,9,0,P1,A,25,false
WCC,atk,1.15,3.5,9,1,P2,B,25,false
WCC,atk,1.15,3.5,10,0,P1,A,26,false
WCC,atk,1.15,3.5,10,1,P2,A,28,false
WCC,atk,1.15,3.5,11,0,P1,A,26,false
WCC,atk,1.15,3.5,11,1,P2,A,20,false
WCC,atk,1.15,3.5,12,0,P1,A,21,false
WCC,atk,1.15,3.5,12,1,P2,B,21,false
WCC,atk,1.15,3.5,13,0,P1,A,23,false
WCC,atk,1.15,3.5,13,1,P2,A,16,false
WCC,atk,1.15,3.5,14,0,P1,A,31,false
WCC,atk,1.15,3.5,14,1,P2,B,21,false
WCC,atk,1.15,3.5,15,0,P1,A,29,false
WCC,atk,1.15,3.5,15,1,P2,A,26,false
WCC,atk,1.15,3.5,16,0,P1,B,22,false
WCC,atk,1.15,3.5,16,1,P2,A,17,false
WCC,atk,1.15,3.5,17,0,P1,A,27,false
WCC,atk,1.15,3.5,17,1,P2,B,25,false
WCC,atk,1.15,3.5,18,0,P1,B,24,false
WCC,atk,1.15,3.5,18,1,P2,A,19,false
WCC,atk,1.15,3.5,19,0,P1,A,23,false
WCC,atk,1.15,3.5,19,1,P2,A,20,false
WCC,atk,1.15,3.5,20,0,P1,B,25,false
WCC,atk,1.15,3.5,20,1,P2,A,26,false
WCC,atk,1.15,3.5,21,0,P1,B,24,false
WCC,atk,1.15,3.5,21,1,P2,A,25,false
WCC,atk,1.15,3.5,22,0,P1,B,22,false
WCC,atk,1.15,3.5,22,1,P2,B,19,false
WCC,atk,1.15,3.5,23,0,P1,B,32,false
WCC,atk,1.15,3.5,23,1,P2,B,28,false
WCC,atk,1.15,3.5,24,0,P1,A,21,false
WCC,atk,1.15,3.5,24,1,P2,A,24,false
WCC,atk,1.15,3.5,25,0,P1,A,38,false
WCC,atk,1.15,3.5,25,1,P2,A,18,false
WCC,atk,1.15,3.5,26,0,P1,A,23,false
WCC,atk,1.15,3.5,26,1,P2,B,23,false
WCC,atk,1.15,3.5,27,0,P1,B,22,false
WCC,atk,1.15,3.5,27,1,P2,B,19,false
WCC,atk,1.15,3.5,28,0,P1,A,27,false
WCC,atk,1.15,3.5,28,1,P2,A,24,false
WCC,atk,1.15,3.5,29,0,P1,A,19,false
WCC,atk,1.15,3.5,29,1,P2,B,20,false
WCC,atk,1.15,3.5,30,0,P1,A,21,false
WCC,atk,1.15,3.5,30,1,P2,B,26,false
WCC,atk,1.15,3.5,31,0,P1,A,28,false
WCC,atk,1.15,3.5,31,1,P2,B,22,false
WCC,atk,1.15,3.5,32,0,P1,A,24,false
WCC,atk,1.15,3.5,32,1,P2,B,23,false
WCC,atk,1.15,3.5,33,0,P1,B,34,false
WCC,atk,1.15,3.5,33,1,P2,B,25,false
WCC,atk,1.15,3.5,34,0,P1,A,23,false
WCC,atk,1.15,3.5,34,1,P2,A,29,false
WCC,atk,1.15,3.5,35,0,P1,B,24,false
WCC,atk,1.15,3.5,35,1,P2,A,19,false
WCC,atk,1.15,3.5,36,0,P1,A,33,false
WCC,atk,1.15,3.5,36,1,P2,A,22,false
WCC,atk,1.15,3.5,37,0,P1,B,30,false
WCC,atk,1.15,3.5,37,1,P2,B,43,false
WCC,atk,1.15,3.5,38,0,P1,A,26,false
WCC,atk,1.15,3.5,38,1,P2,B,23,false
WCC,atk,1.15,3.5,39,0,P1,A,25,false
WCC,atk,1.15,3.5,39,1,P2,B,25,false
WCC,atk,1.15,3.5,40,0,P1,A,30,false
WCC,atk,1.15,3.5,40,1,P2,B,36,false
WCC,atk,1.15,3.5,41,0,P1,A,19,false
WCC,atk,1.15,3.5,41,1,P2,A,19,false
WCC,atk,1.15,3.5,42,0,P1,B,23,false
WCC,atk,1.15,3.5,42,1,P2,B,25,false
WCC,atk,1.15,3.5,43,0,P1,A,17,false
WCC,atk,1.15,3.5,43,1,P2,A,24,false
WCC,atk,1.15,3.5,44,0,P1,A,25,false
WCC,atk,1.15,3.5,44,1,P2,A,22,false
WCC,atk,1.15,3.5,45,0,P1,B,28,false
WCC,atk,1.15,3.5,45,1,P2,B,23,false
WCC,atk,1.15,3.5,46,0,P1,B,30,false
WCC,atk,1.15,3.5,46,1,P2,A,32,false
WCC,atk,1.15,3.5,47,0,P1,B,24,false
WCC,atk,1.15,3.5,47,1,P2,A,31,false
WCC,atk,1.15,3.5,48,0,P1,B,20,false
WCC,atk,1.15,3.5,48,1,P2,A,18,false
WCC,atk,1.15,3.5,49,0,P1,B,26,false
WCC,atk,1.15,3.5,49,1,P2,A,22,false
WCC,atk,1.15,3.5,50,0,P1,A,25,false
WCC,atk,1.15,3.5,50,1,P2,A,20,false
WCC,atk,1.3,3.9,1,0,P1,A,23,false
WCC,atk,1.3,3.9,1,1,P2,A,22,false
WCC,atk,1.3,3.9,2,0,P1,A,27,false
WCC,atk,1.3,3.9,2,1,P2,A,24,false
WCC,atk,1.3,3.9,3,0,P1,B,20,false
WCC,atk,1.3,3.9,3,1,P2,A,25,false
WCC,atk,1.3,3.9,4,0,P1,A,31,false
WCC,atk,1.3,3.9,4,1,P2,A,24,false
WCC,atk,1.3,3.9,5,0,P1,A,23,false
WCC,atk,1.3,3.9,5,1,P2,A,22,false
WCC,atk,1.3,3.9,6,0,P1,B,24,false
WCC,atk,1.3,3.9,6,1,P2,B,22,false
WCC,atk,1.3,3.9,7,0,P1,B,26,false
WCC,atk,1.3,3.9,7,1,P2,B,15,false
WCC,atk,1.3,3.9,8,0,P1,A,25,false
WCC,atk,1.3,3.9,8,1,P2,A,30,false
WCC,atk,1.3,3.9,9,0,P1,A,23,false
WCC,atk,1.3,3.9,9,1,P2,B,27,false
WCC,atk,1.3,3.9,10,0,P1,A,30,false
WCC,atk,1.3,3.9,10,1,P2,A,22,false
WCC,atk,1.3,3.9,11,0,P1,B,20,false
WCC,atk,1.3,3.9,11,1,P2,A,23,false
WCC,atk,1.3,3.9,12,0,P1,A,21,false
WCC,atk,1.3,3.9,12,1,P2,B,23,false
WCC,atk,1.3,3.9,13,0,P1,A,19,false
WCC,atk,1.3,3.9,13,1,P2,A,17,false
WCC,atk,1.3,3.9,14,0,P1,A,29,false
WCC,atk,1.3,3.9,14,1,P2,B,21,false
WCC,atk,1.3,3.9,15,0,P1,A,17,false
WCC,atk,1.3,3.9,15,1,P2,A,20,false
WCC,atk,1.3,3.9,16,0,P1,B,22,false
WCC,atk,1.3,3.9,16,1,P2,B,30,false
WCC,atk,1.3,3.9,17,0,P1,A,27,false
WCC,atk,1.3,3.9,17,1,P2,A,29,false
WCC,atk,1.3,3.9,18,0,P1,B,20,false
WCC,atk,1.3,3.9,18,1,P2,A,19,false
WCC,atk,1.3,3.9,19,0,P1,A,23,false
WCC,atk,1.3,3.9,19,1,P2,A,20,false
WCC,atk,1.3,3.9,20,0,P1,B,22,false
WCC,atk,1.3,3.9,20,1,P2,A,26,false
WCC,atk,1.3,3.9,21,0,P1,B,24,false
WCC,atk,1.3,3.9,21,1,P2,A,27,false
WCC,atk,1.3,3.9,22,0,P1,B,22,false
WCC,atk,1.3,3.9,22,1,P2,B,19,false
WCC,atk,1.3,3.9,23,0,P1,B,28,false
WCC,atk,1.3,3.9,23,1,P2,A,22,false
WCC,atk,1.3,3.9,24,0,P1,A,28,false
WCC,atk,1.3,3.9,24,1,P2,B,24,false
WCC,atk,1.3,3.9,25,0,P1,A,27,false
WCC,atk,1.3,3.9,25,1,P2,A,18,false
WCC,atk,1.3,3.9,26,0,P1,A,23,false
WCC,atk,1.3,3.9,26,1,P2,B,25,false
WCC,atk,1.3,3.9,27,0,P1,B,22,false
WCC,atk,1.3,3.9,27,1,P2,B,19,false
WCC,atk,1.3,3.9,28,0,P1,A,27,false
WCC,atk,1.3,3.9,28,1,P2,A,34,false
WCC,atk,1.3,3.9,29,0,P1,A,19,false
WCC,atk,1.3,3.9,29,1,P2,B,20,false
WCC,atk,1.3,3.9,30,0,P1,A,20,false
WCC,atk,1.3,3.9,30,1,P2,B,26,false
WCC,atk,1.3,3.9,31,0,P1,A,27,false
WCC,atk,1.3,3.9,31,1,P2,A,20,false
WCC,atk,1.3,3.9,32,0,P1,A,26,false
WCC,atk,1.3,3.9,32,1,P2,A,30,false
WCC,atk,1.3,3.9,33,0,P1,B,34,false
WCC,atk,1.3,3.9,33,1,P2,B,25,false
WCC,atk,1.3,3.9,34,0,P1,A,23,false
WCC,atk,1.3,3.9,34,1,P2,B,29,false
WCC,atk,1.3,3.9,35,0,P1,A,27,false
WCC,atk,1.3,3.9,35,1,P2,A,19,false
WCC,atk,1.3,3.9,36,0,P1,B,26,false
WCC,atk,1.3,3.9,36,1,P2,A,18,false
WCC,atk,1.3,3.9,37,0,P1,A,30,false
WCC,atk,1.3,3.9,37,1,P2,A,28,false
WCC,atk,1.3,3.9,38,0,P1,A,21,false
WCC,atk,1.3,3.9,38,1,P2,B,27,false
WCC,atk,1.3,3.9,39,0,P1,A,23,false
WCC,atk,1.3,3.9,39,1,P2,B,25,false
WCC,atk,1.3,3.9,40,0,P1,A,21,false
WCC,atk,1.3,3.9,40,1,P2,B,36,false
WCC,atk,1.3,3.9,41,0,P1,A,29,false
WCC,atk,1.3,3.9,41,1,P2,A,16,false
WCC,atk,1.3,3.9,42,0,P1,B,23,false
WCC,atk,1.3,3.9,42,1,P2,A,39,false
WCC,atk,1.3,3.9,43,0,P1,A,19,false
WCC,atk,1.3,3.9,43,1,P2,A,29,false
WCC,atk,1.3,3.9,44,0,P1,A,27,false
WCC,atk,1.3,3.9,44,1,P2,A,21,false
WCC,atk,1.3,3.9,45,0,P1,B,34,false
WCC,atk,1.3,3.9,45,1,P2,B,23,false
WCC,atk,1.3,3.9,46,0,P1,A,45,false
WCC,atk,1.3,3.9,46,1,P2,A,34,false
WCC,atk,1.3,3.9,47,0,P1,B,22,false
WCC,atk,1.3,3.9,47,1,P2,A,23,false
WCC,atk,1.3,3.9,48,0,P1,A,19,false
WCC,atk,1.3,3.9,48,1,P2,B,28,false
WCC,atk,1.3,3.9,49,0,P1,B,24,false
WCC,atk,1.3,3.9,49,1,P2,A,26,false
WCC,atk,1.3,3.9,50,0,P1,A,17,false
WCC,atk,1.3,3.9,50,1,P2,A,26,false
WCC,def,0.7,1,1,0,P1,B,20,false
WCC,def,0.7,1,1,1,P2,B,23,false
WCC,def,0.7,1,2,0,P1,B,24,false
WCC,def,0.7,1,2,1,P2,A,30,false
WCC,def,0.7,1,3,0,P1,B,25,false
WCC,def,0.7,1,3,1,P2,A,23,false
WCC,def,0.7,1,4,0,P1,B,29,false
WCC,def,0.7,1,4,1,P2,B,29,false
WCC,def,0.7,1,5,0,P1,A,29,false
WCC,def,0.7,1,5,1,P2,A,26,false
WCC,def,0.7,1,6,0,P1,B,21,false
WCC,def,0.7,1,6,1,P2,B,19,false
WCC,def,0.7,1,7,0,P1,B,17,false
WCC,def,0.7,1,7,1,P2,B,15,false
WCC,def,0.7,1,8,0,P1,B,24,false
WCC,def,0.7,1,8,1,P2,A,38,false
WCC,def,0.7,1,9,0,P1,B,24,false
WCC,def,0.7,1,9,1,P2,B,25,false
WCC,def,0.7,1,10,0,P1,A,26,false
WCC,def,0.7,1,10,1,P2,A,38,false
WCC,def,0.7,1,11,0,P1,B,16,false
WCC,def,0.7,1,11,1,P2,A,18,false
WCC,def,0.7,1,12,0,P1,A,21,false
WCC,def,0.7,1,12,1,P2,B,25,false
WCC,def,0.7,1,13,0,P1,A,19,false
WCC,def,0.7,1,13,1,P2,A,21,false
WCC,def,0.7,1,14,0,P1,A,25,false
WCC,def,0.7,1,14,1,P2,B,23,false
WCC,def,0.7,1,15,0,P1,A,19,false
WCC,def,0.7,1,15,1,P2,A,27,false
WCC,def,0.7,1,16,0,P1,B,20,false
WCC,def,0.7,1,16,1,P2,A,18,false
WCC,def,0.7,1,17,0,P1,A,29,false
WCC,def,0.7,1,17,1,P2,B,25,false
WCC,def,0.7,1,18,0,P1,B,28,false
WCC,def,0.7,1,18,1,P2,B,20,false
WCC,def,0.7,1,19,0,P1,B,29,false
WCC,def,0.7,1,19,1,P2,B,19,false
WCC,def,0.7,1,20,0,P1,B,26,false
WCC,def,0.7,1,20,1,P2,A,20,false
WCC,def,0.7,1,21,0,P1,B,28,false
WCC,def,0.7,1,21,1,P2,B,36,false
WCC,def,0.7,1,22,0,P1,B,23,false
WCC,def,0.7,1,22,1,P2,B,21,false
WCC,def,0.7,1,23,0,P1,A,30,false
WCC,def,0.7,1,23,1,P2,A,24,false
WCC,def,0.7,1,24,0,P1,A,20,false
WCC,def,0.7,1,24,1,P2,B,26,false
WCC,def,0.7,1,25,0,P1,B,24,false
WCC,def,0.7,1,25,1,P2,A,20,false
WCC,def,0.7,1,26,0,P1,B,22,false
WCC,def,0.7,1,26,1,P2,A,20,false
WCC,def,0.7,1,27,0,P1,B,22,false
WCC,def,0.7,1,27,1,P2,B,21,false
WCC,def,0.7,1,28,0,P1,A,25,false
WCC,def,0.7,1,28,1,P2,A,33,false
WCC,def,0.7,1,29,0,P1,B,20,false
WCC,def,0.7,1,29,1,P2,B,25,false
WCC,def,0.7,1,30,0,P1,A,19,false
WCC,def,0.7,1,30,1,P2,B,32,false
WCC,def,0.7,1,31,0,P1,B,30,false
WCC,def,0.7,1,31,1,P2,B,21,false
WCC,def,0.7,1,32,0,P1,A,28,false
WCC,def,0.7,1,32,1,P2,B,21,false
WCC,def,0.7,1,33,0,P1,B,22,false
WCC,def,0.7,1,33,1,P2,B,28,false
WCC,def,0.7,1,34,0,P1,B,20,false
WCC,def,0.7,1,34,1,P2,B,34,false
WCC,def,0.7,1,35,0,P1,A,21,false
WCC,def,0.7,1,35,1,P2,A,28,false
WCC,def,0.7,1,36,0,P1,B,21,false
WCC,def,0.7,1,36,1,P2,A,29,false
WCC,def,0.7,1,37,0,P1,B,38,false
WCC,def,0.7,1,37,1,P2,B,28,false
WCC,def,0.7,1,38,0,P1,A,23,false
WCC,def,0.7,1,38,1,P2,B,25,false
WCC,def,0.7,1,39,0,P1,A,23,false
WCC,def,0.7,1,39,1,P2,B,25,false
WCC,def,0.7,1,40,0,P1,A,34,false
WCC,def,0.7,1,40,1,P2,B,22,false
WCC,def,0.7,1,41,0,P1,B,28,false
WCC,def,0.7,1,41,1,P2,B,20,false
WCC,def,0.7,1,42,0,P1,B,20,false
WCC,def,0.7,1,42,1,P2,B,25,false
WCC,def,0.7,1,43,0,P1,A,27,false
WCC,def,0.7,1,43,1,P2,A,24,false
WCC,def,0.7,1,44,0,P1,A,29,false
WCC,def,0.7,1,44,1,P2,B,25,false
WCC,def,0.7,1,45,0,P1,B,30,false
WCC,def,0.7,1,45,1,P2,B,23,false
WCC,def,0.7,1,46,0,P1,B,30,false
WCC,def,0.7,1,46,1,P2,A,33,false
WCC,def,0.7,1,47,0,P1,B,22,false
WCC,def,0.7,1,47,1,P2,A,21,false
WCC,def,0.7,1,48,0,P1,A,23,false
WCC,def,0.7,1,48,1,P2,B,19,false
WCC,def,0.7,1,49,0,P1,B,26,false
WCC,def,0.7,1,49,1,P2,B,22,false
WCC,def,0.7,1,50,0,P1,A,17,false
WCC,def,0.7,1,50,1,P2,A,18,false
WCC,def,0.85,1.3,1,0,P1,B,24,false
WCC,def,0.85,1.3,1,1,P2,A,26,false
WCC,def,0.85,1.3,2,0,P1,B,22,false
WCC,def,0.85,1.3,2,1,P2,B,24,false
WCC,def,0.85,1.3,3,0,P1,B,23,false
WCC,def,0.85,1.3,3,1,P2,A,23,false
WCC,def,0.85,1.3,4,0,P1,A,27,false
WCC,def,0.85,1.3,4,1,P2,B,23,false
WCC,def,0.85,1.3,5,0,P1,B,25,false
WCC,def,0.85,1.3,5,1,P2,A,24,false
WCC,def,0.85,1.3,6,0,P1,B,23,false
WCC,def,0.85,1.3,6,1,P2,B,17,false
WCC,def,0.85,1.3,7,0,P1,B,25,false
WCC,def,0.85,1.3,7,1,P2,B,15,false
WCC,def,0.85,1.3,8,0,P1,draw,100,true
WCC,def,0.85,1.3,8,1,P2,A,36,false
WCC,def,0.85,1.3,9,0,P1,B,23,false
WCC,def,0.85,1.3,9,1,P2,B,23,false
WCC,def,0.85,1.3,10,0,P1,A,27,false
WCC,def,0.85,1.3,10,1,P2,A,28,false
WCC,def,0.85,1.3,11,0,P1,B,18,false
WCC,def,0.85,1.3,11,1,P2,A,29,false
WCC,def,0.85,1.3,12,0,P1,A,23,false
WCC,def,0.85,1.3,12,1,P2,B,21,false
WCC,def,0.85,1.3,13,0,P1,A,19,false
WCC,def,0.85,1.3,13,1,P2,A,17,false
WCC,def,0.85,1.3,14,0,P1,A,21,false
WCC,def,0.85,1.3,14,1,P2,B,21,false
WCC,def,0.85,1.3,15,0,P1,B,27,false
WCC,def,0.85,1.3,15,1,P2,A,21,false
WCC,def,0.85,1.3,16,0,P1,B,20,false
WCC,def,0.85,1.3,16,1,P2,A,23,false
WCC,def,0.85,1.3,17,0,P1,A,29,false
WCC,def,0.85,1.3,17,1,P2,B,25,false
WCC,def,0.85,1.3,18,0,P1,B,22,false
WCC,def,0.85,1.3,18,1,P2,A,19,false
WCC,def,0.85,1.3,19,0,P1,A,25,false
WCC,def,0.85,1.3,19,1,P2,B,19,false
WCC,def,0.85,1.3,20,0,P1,B,26,false
WCC,def,0.85,1.3,20,1,P2,A,29,false
WCC,def,0.85,1.3,21,0,P1,B,28,false
WCC,def,0.85,1.3,21,1,P2,B,29,false
WCC,def,0.85,1.3,22,0,P1,B,22,false
WCC,def,0.85,1.3,22,1,P2,B,19,false
WCC,def,0.85,1.3,23,0,P1,B,28,false
WCC,def,0.85,1.3,23,1,P2,A,24,false
WCC,def,0.85,1.3,24,0,P1,B,22,false
WCC,def,0.85,1.3,24,1,P2,B,23,false
WCC,def,0.85,1.3,25,0,P1,B,24,false
WCC,def,0.85,1.3,25,1,P2,A,22,false
WCC,def,0.85,1.3,26,0,P1,B,22,false
WCC,def,0.85,1.3,26,1,P2,A,22,false
WCC,def,0.85,1.3,27,0,P1,B,20,false
WCC,def,0.85,1.3,27,1,P2,B,19,false
WCC,def,0.85,1.3,28,0,P1,A,25,false
WCC,def,0.85,1.3,28,1,P2,A,26,false
WCC,def,0.85,1.3,29,0,P1,A,19,false
WCC,def,0.85,1.3,29,1,P2,B,23,false
WCC,def,0.85,1.3,30,0,P1,A,28,false
WCC,def,0.85,1.3,30,1,P2,B,26,false
WCC,def,0.85,1.3,31,0,P1,B,28,false
WCC,def,0.85,1.3,31,1,P2,B,22,false
WCC,def,0.85,1.3,32,0,P1,A,27,false
WCC,def,0.85,1.3,32,1,P2,B,33,false
WCC,def,0.85,1.3,33,0,P1,B,22,false
WCC,def,0.85,1.3,33,1,P2,B,35,false
WCC,def,0.85,1.3,34,0,P1,B,20,false
WCC,def,0.85,1.3,34,1,P2,A,26,false
WCC,def,0.85,1.3,35,0,P1,B,24,false
WCC,def,0.85,1.3,35,1,P2,A,23,false
WCC,def,0.85,1.3,36,0,P1,B,36,false
WCC,def,0.85,1.3,36,1,P2,A,29,false
WCC,def,0.85,1.3,37,0,P1,B,38,false
WCC,def,0.85,1.3,37,1,P2,B,28,false
WCC,def,0.85,1.3,38,0,P1,A,28,false
WCC,def,0.85,1.3,38,1,P2,B,55,false
WCC,def,0.85,1.3,39,0,P1,A,25,false
WCC,def,0.85,1.3,39,1,P2,B,25,false
WCC,def,0.85,1.3,40,0,P1,A,34,false
WCC,def,0.85,1.3,40,1,P2,B,31,false
WCC,def,0.85,1.3,41,0,P1,B,26,false
WCC,def,0.85,1.3,41,1,P2,B,20,false
WCC,def,0.85,1.3,42,0,P1,B,18,false
WCC,def,0.85,1.3,42,1,P2,B,21,false
WCC,def,0.85,1.3,43,0,P1,A,23,false
WCC,def,0.85,1.3,43,1,P2,A,24,false
WCC,def,0.85,1.3,44,0,P1,A,27,false
WCC,def,0.85,1.3,44,1,P2,A,22,false
WCC,def,0.85,1.3,45,0,P1,B,30,false
WCC,def,0.85,1.3,45,1,P2,B,25,false
WCC,def,0.85,1.3,46,0,P1,B,30,false
WCC,def,0.85,1.3,46,1,P2,B,31,false
WCC,def,0.85,1.3,47,0,P1,B,20,false
WCC,def,0.85,1.3,47,1,P2,A,27,false
WCC,def,0.85,1.3,48,0,P1,A,21,false
WCC,def,0.85,1.3,48,1,P2,B,27,false
WCC,def,0.85,1.3,49,0,P1,B,26,false
WCC,def,0.85,1.3,49,1,P2,B,22,false
WCC,def,0.85,1.3,50,0,P1,A,17,false
WCC,def,0.85,1.3,50,1,P2,A,21,false
WCC,def,1.15,1.7,1,0,P1,B,26,false
WCC,def,1.15,1.7,1,1,P2,A,21,false
WCC,def,1.15,1.7,2,0,P1,B,24,false
WCC,def,1.15,1.7,2,1,P2,A,24,false
WCC,def,1.15,1.7,3,0,P1,B,27,false
WCC,def,1.15,1.7,3,1,P2,A,23,false
WCC,def,1.15,1.7,4,0,P1,B,37,false
WCC,def,1.15,1.7,4,1,P2,B,25,false
WCC,def,1.15,1.7,5,0,P1,B,28,false
WCC,def,1.15,1.7,5,1,P2,B,27,false
WCC,def,1.15,1.7,6,0,P1,B,32,false
WCC,def,1.15,1.7,6,1,P2,B,19,false
WCC,def,1.15,1.7,7,0,P1,B,25,false
WCC,def,1.15,1.7,7,1,P2,B,15,false
WCC,def,1.15,1.7,8,0,P1,draw,100,true
WCC,def,1.15,1.7,8,1,P2,A,30,false
WCC,def,1.15,1.7,9,0,P1,A,23,false
WCC,def,1.15,1.7,9,1,P2,B,23,false
WCC,def,1.15,1.7,10,0,P1,A,26,false
WCC,def,1.15,1.7,10,1,P2,A,28,false
WCC,def,1.15,1.7,11,0,P1,A,26,false
WCC,def,1.15,1.7,11,1,P2,A,20,false
WCC,def,1.15,1.7,12,0,P1,A,21,false
WCC,def,1.15,1.7,12,1,P2,A,29,false
WCC,def,1.15,1.7,13,0,P1,A,23,false
WCC,def,1.15,1.7,13,1,P2,A,21,false
WCC,def,1.15,1.7,14,0,P1,A,23,false
WCC,def,1.15,1.7,14,1,P2,B,21,false
WCC,def,1.15,1.7,15,0,P1,A,41,false
WCC,def,1.15,1.7,15,1,P2,A,21,false
WCC,def,1.15,1.7,16,0,P1,B,22,false
WCC,def,1.15,1.7,16,1,P2,A,28,false
WCC,def,1.15,1.7,17,0,P1,A,31,false
WCC,def,1.15,1.7,17,1,P2,B,25,false
WCC,def,1.15,1.7,18,0,P1,B,24,false
WCC,def,1.15,1.7,18,1,P2,B,19,false
WCC,def,1.15,1.7,19,0,P1,A,25,false
WCC,def,1.15,1.7,19,1,P2,B,25,false
WCC,def,1.15,1.7,20,0,P1,B,34,false
WCC,def,1.15,1.7,20,1,P2,A,24,false
WCC,def,1.15,1.7,21,0,P1,B,24,false
WCC,def,1.15,1.7,21,1,P2,A,25,false
WCC,def,1.15,1.7,22,0,P1,B,22,false
WCC,def,1.15,1.7,22,1,P2,B,19,false
WCC,def,1.15,1.7,23,0,P1,A,31,false
WCC,def,1.15,1.7,23,1,P2,A,22,false
WCC,def,1.15,1.7,24,0,P1,A,25,false
WCC,def,1.15,1.7,24,1,P2,B,23,false
WCC,def,1.15,1.7,25,0,P1,A,22,false
WCC,def,1.15,1.7,25,1,P2,A,20,false
WCC,def,1.15,1.7,26,0,P1,A,19,false
WCC,def,1.15,1.7,26,1,P2,B,34,false
WCC,def,1.15,1.7,27,0,P1,B,22,false
WCC,def,1.15,1.7,27,1,P2,B,23,false
WCC,def,1.15,1.7,28,0,P1,B,31,false
WCC,def,1.15,1.7,28,1,P2,A,26,false
WCC,def,1.15,1.7,29,0,P1,A,19,false
WCC,def,1.15,1.7,29,1,P2,B,21,false
WCC,def,1.15,1.7,30,0,P1,A,21,false
WCC,def,1.15,1.7,30,1,P2,B,26,false
WCC,def,1.15,1.7,31,0,P1,A,29,false
WCC,def,1.15,1.7,31,1,P2,A,22,false
WCC,def,1.15,1.7,32,0,P1,A,24,false
WCC,def,1.15,1.7,32,1,P2,B,29,false
WCC,def,1.15,1.7,33,0,P1,B,32,false
WCC,def,1.15,1.7,33,1,P2,A,30,false
WCC,def,1.15,1.7,34,0,P1,B,22,false
WCC,def,1.15,1.7,34,1,P2,A,26,false
WCC,def,1.15,1.7,35,0,P1,B,23,false
WCC,def,1.15,1.7,35,1,P2,A,23,false
WCC,def,1.15,1.7,36,0,P1,A,27,false
WCC,def,1.15,1.7,36,1,P2,A,25,false
WCC,def,1.15,1.7,37,0,P1,B,44,false
WCC,def,1.15,1.7,37,1,P2,A,30,false
WCC,def,1.15,1.7,38,0,P1,A,25,false
WCC,def,1.15,1.7,38,1,P2,B,23,false
WCC,def,1.15,1.7,39,0,P1,A,25,false
WCC,def,1.15,1.7,39,1,P2,A,32,false
WCC,def,1.15,1.7,40,0,P1,A,30,false
WCC,def,1.15,1.7,40,1,P2,B,36,false
WCC,def,1.15,1.7,41,0,P1,A,32,false
WCC,def,1.15,1.7,41,1,P2,A,27,false
WCC,def,1.15,1.7,42,0,P1,B,25,false
WCC,def,1.15,1.7,42,1,P2,B,25,false
WCC,def,1.15,1.7,43,0,P1,A,19,false
WCC,def,1.15,1.7,43,1,P2,B,23,false
WCC,def,1.15,1.7,44,0,P1,A,27,false
WCC,def,1.15,1.7,44,1,P2,B,29,false
WCC,def,1.15,1.7,45,0,P1,B,34,false
WCC,def,1.15,1.7,45,1,P2,B,25,false
WCC,def,1.15,1.7,46,0,P1,A,29,false
WCC,def,1.15,1.7,46,1,P2,A,32,false
WCC,def,1.15,1.7,47,0,P1,B,24,false
WCC,def,1.15,1.7,47,1,P2,A,29,false
WCC,def,1.15,1.7,48,0,P1,A,23,false
WCC,def,1.15,1.7,48,1,P2,A,18,false
WCC,def,1.15,1.7,49,0,P1,B,28,false
WCC,def,1.15,1.7,49,1,P2,B,24,false
WCC,def,1.15,1.7,50,0,P1,A,19,false
WCC,def,1.15,1.7,50,1,P2,A,20,false
WCC,def,1.3,2,1,0,P1,B,24,false
WCC,def,1.3,2,1,1,P2,A,22,false
WCC,def,1.3,2,2,0,P1,B,24,false
WCC,def,1.3,2,2,1,P2,A,22,false
WCC,def,1.3,2,3,0,P1,B,20,false
WCC,def,1.3,2,3,1,P2,A,27,false
WCC,def,1.3,2,4,0,P1,draw,100,true
WCC,def,1.3,2,4,1,P2,A,35,false
WCC,def,1.3,2,5,0,P1,B,23,false
WCC,def,1.3,2,5,1,P2,A,26,false
WCC,def,1.3,2,6,0,P1,B,18,false
WCC,def,1.3,2,6,1,P2,B,21,false
WCC,def,1.3,2,7,0,P1,B,19,false
WCC,def,1.3,2,7,1,P2,B,25,false
WCC,def,1.3,2,8,0,P1,A,26,false
WCC,def,1.3,2,8,1,P2,A,32,false
WCC,def,1.3,2,9,0,P1,B,33,false
WCC,def,1.3,2,9,1,P2,A,25,false
WCC,def,1.3,2,10,0,P1,A,21,false
WCC,def,1.3,2,10,1,P2,A,24,false
WCC,def,1.3,2,11,0,P1,A,26,false
WCC,def,1.3,2,11,1,P2,A,20,false
WCC,def,1.3,2,12,0,P1,A,19,false
WCC,def,1.3,2,12,1,P2,A,27,false
WCC,def,1.3,2,13,0,P1,A,33,false
WCC,def,1.3,2,13,1,P2,A,21,false
WCC,def,1.3,2,14,0,P1,A,25,false
WCC,def,1.3,2,14,1,P2,B,23,false
WCC,def,1.3,2,15,0,P1,A,23,false
WCC,def,1.3,2,15,1,P2,A,21,false
WCC,def,1.3,2,16,0,P1,B,24,false
WCC,def,1.3,2,16,1,P2,A,18,false
WCC,def,1.3,2,17,0,P1,A,27,false
WCC,def,1.3,2,17,1,P2,B,25,false
WCC,def,1.3,2,18,0,P1,A,24,false
WCC,def,1.3,2,18,1,P2,B,20,false
WCC,def,1.3,2,19,0,P1,A,27,false
WCC,def,1.3,2,19,1,P2,B,25,false
WCC,def,1.3,2,20,0,P1,B,22,false
WCC,def,1.3,2,20,1,P2,A,29,false
WCC,def,1.3,2,21,0,P1,B,24,false
WCC,def,1.3,2,21,1,P2,A,30,false
WCC,def,1.3,2,22,0,P1,A,25,false
WCC,def,1.3,2,22,1,P2,B,19,false
WCC,def,1.3,2,23,0,P1,B,26,false
WCC,def,1.3,2,23,1,P2,A,26,false
WCC,def,1.3,2,24,0,P1,A,24,false
WCC,def,1.3,2,24,1,P2,B,28,false
WCC,def,1.3,2,25,0,P1,A,24,false
WCC,def,1.3,2,25,1,P2,A,18,false
WCC,def,1.3,2,26,0,P1,A,21,false
WCC,def,1.3,2,26,1,P2,B,34,false
WCC,def,1.3,2,27,0,P1,B,25,false
WCC,def,1.3,2,27,1,P2,B,23,false
WCC,def,1.3,2,28,0,P1,A,29,false
WCC,def,1.3,2,28,1,P2,A,26,false
WCC,def,1.3,2,29,0,P1,A,19,false
WCC,def,1.3,2,29,1,P2,B,21,false
WCC,def,1.3,2,30,0,P1,A,22,false
WCC,def,1.3,2,30,1,P2,B,26,false
WCC,def,1.3,2,31,0,P1,A,29,false
WCC,def,1.3,2,31,1,P2,B,24,false
WCC,def,1.3,2,32,0,P1,A,24,false
WCC,def,1.3,2,32,1,P2,A,25,false
WCC,def,1.3,2,33,0,P1,B,32,false
WCC,def,1.3,2,33,1,P2,B,28,false
WCC,def,1.3,2,34,0,P1,B,21,false
WCC,def,1.3,2,34,1,P2,A,26,false
WCC,def,1.3,2,35,0,P1,A,22,false
WCC,def,1.3,2,35,1,P2,A,23,false
WCC,def,1.3,2,36,0,P1,B,34,false
WCC,def,1.3,2,36,1,P2,A,18,false
WCC,def,1.3,2,37,0,P1,B,32,false
WCC,def,1.3,2,37,1,P2,A,24,false
WCC,def,1.3,2,38,0,P1,A,23,false
WCC,def,1.3,2,38,1,P2,B,27,false
WCC,def,1.3,2,39,0,P1,A,25,false
WCC,def,1.3,2,39,1,P2,A,29,false
WCC,def,1.3,2,40,0,P1,A,23,false
WCC,def,1.3,2,40,1,P2,B,23,false
WCC,def,1.3,2,41,0,P1,A,23,false
WCC,def,1.3,2,41,1,P2,B,27,false
WCC,def,1.3,2,42,0,P1,A,27,false
WCC,def,1.3,2,42,1,P2,B,25,false
WCC,def,1.3,2,43,0,P1,A,19,false
WCC,def,1.3,2,43,1,P2,B,31,false
WCC,def,1.3,2,44,0,P1,A,27,false
WCC,def,1.3,2,44,1,P2,A,25,false
WCC,def,1.3,2,45,0,P1,B,28,false
WCC,def,1.3,2,45,1,P2,B,23,false
WCC,def,1.3,2,46,0,P1,B,30,false
WCC,def,1.3,2,46,1,P2,A,35,false
WCC,def,1.3,2,47,0,P1,B,30,false
WCC,def,1.3,2,47,1,P2,A,18,false
WCC,def,1.3,2,48,0,P1,A,25,false
WCC,def,1.3,2,48,1,P2,A,18,false
WCC,def,1.3,2,49,0,P1,A,22,false
WCC,def,1.3,2,49,1,P2,B,24,false
WCC,def,1.3,2,50,0,P1,A,19,false
WCC,def,1.3,2,50,1,P2,A,20,false
WBB,hp,0.7,18,1,0,P1,B,20,false
WBB,hp,0.7,18,1,1,P2,A,20,false
WBB,hp,0.7,18,2,0,P1,A,25,false
WBB,hp,0.7,18,2,1,P2,B,31,false
WBB,hp,0.7,18,3,0,P1,B,27,false
WBB,hp,0.7,18,3,1,P2,A,20,false
WBB,hp,0.7,18,4,0,P1,B,31,false
WBB,hp,0.7,18,4,1,P2,B,23,false
WBB,hp,0.7,18,5,0,P1,B,27,false
WBB,hp,0.7,18,5,1,P2,A,26,false
WBB,hp,0.7,18,6,0,P1,B,23,false
WBB,hp,0.7,18,6,1,P2,B,22,false
WBB,hp,0.7,18,7,0,P1,B,20,false
WBB,hp,0.7,18,7,1,P2,B,22,false
WBB,hp,0.7,18,8,0,P1,B,24,false
WBB,hp,0.7,18,8,1,P2,A,30,false
WBB,hp,0.7,18,9,0,P1,B,18,false
WBB,hp,0.7,18,9,1,P2,B,21,false
WBB,hp,0.7,18,10,0,P1,A,21,false
WBB,hp,0.7,18,10,1,P2,A,28,false
WBB,hp,0.7,18,11,0,P1,B,21,false
WBB,hp,0.7,18,11,1,P2,B,23,false
WBB,hp,0.7,18,12,0,P1,A,25,false
WBB,hp,0.7,18,12,1,P2,B,21,false
WBB,hp,0.7,18,13,0,P1,B,20,false
WBB,hp,0.7,18,13,1,P2,A,17,false
WBB,hp,0.7,18,14,0,P1,A,23,false
WBB,hp,0.7,18,14,1,P2,B,21,false
WBB,hp,0.7,18,15,0,P1,A,33,false
WBB,hp,0.7,18,15,1,P2,A,21,false
WBB,hp,0.7,18,16,0,P1,B,20,false
WBB,hp,0.7,18,16,1,P2,B,21,false
WBB,hp,0.7,18,17,0,P1,A,29,false
WBB,hp,0.7,18,17,1,P2,B,25,false
WBB,hp,0.7,18,18,0,P1,B,24,false
WBB,hp,0.7,18,18,1,P2,A,22,false
WBB,hp,0.7,18,19,0,P1,A,27,false
WBB,hp,0.7,18,19,1,P2,B,21,false
WBB,hp,0.7,18,20,0,P1,B,22,false
WBB,hp,0.7,18,20,1,P2,A,29,false
WBB,hp,0.7,18,21,0,P1,B,28,false
WBB,hp,0.7,18,21,1,P2,A,25,false
WBB,hp,0.7,18,22,0,P1,B,24,false
WBB,hp,0.7,18,22,1,P2,B,17,false
WBB,hp,0.7,18,23,0,P1,B,26,false
WBB,hp,0.7,18,23,1,P2,A,26,false
WBB,hp,0.7,18,24,0,P1,A,25,false
WBB,hp,0.7,18,24,1,P2,B,19,false
WBB,hp,0.7,18,25,0,P1,B,21,false
WBB,hp,0.7,18,25,1,P2,B,23,false
WBB,hp,0.7,18,26,0,P1,B,18,false
WBB,hp,0.7,18,26,1,P2,A,20,false
WBB,hp,0.7,18,27,0,P1,B,22,false
WBB,hp,0.7,18,27,1,P2,B,19,false
WBB,hp,0.7,18,28,0,P1,A,23,false
WBB,hp,0.7,18,28,1,P2,A,26,false
WBB,hp,0.7,18,29,0,P1,B,23,false
WBB,hp,0.7,18,29,1,P2,B,19,false
WBB,hp,0.7,18,30,0,P1,A,21,false
WBB,hp,0.7,18,30,1,P2,B,21,false
WBB,hp,0.7,18,31,0,P1,B,31,false
WBB,hp,0.7,18,31,1,P2,B,25,false
WBB,hp,0.7,18,32,0,P1,B,26,false
WBB,hp,0.7,18,32,1,P2,B,30,false
WBB,hp,0.7,18,33,0,P1,B,29,false
WBB,hp,0.7,18,33,1,P2,B,26,false
WBB,hp,0.7,18,34,0,P1,B,20,false
WBB,hp,0.7,18,34,1,P2,B,26,false
WBB,hp,0.7,18,35,0,P1,B,18,false
WBB,hp,0.7,18,35,1,P2,B,24,false
WBB,hp,0.7,18,36,0,P1,B,23,false
WBB,hp,0.7,18,36,1,P2,A,25,false
WBB,hp,0.7,18,37,0,P1,B,36,false
WBB,hp,0.7,18,37,1,P2,B,31,false
WBB,hp,0.7,18,38,0,P1,A,24,false
WBB,hp,0.7,18,38,1,P2,B,27,false
WBB,hp,0.7,18,39,0,P1,A,25,false
WBB,hp,0.7,18,39,1,P2,B,28,false
WBB,hp,0.7,18,40,0,P1,A,30,false
WBB,hp,0.7,18,40,1,P2,B,32,false
WBB,hp,0.7,18,41,0,P1,B,24,false
WBB,hp,0.7,18,41,1,P2,B,31,false
WBB,hp,0.7,18,42,0,P1,B,20,false
WBB,hp,0.7,18,42,1,P2,B,23,false
WBB,hp,0.7,18,43,0,P1,B,20,false
WBB,hp,0.7,18,43,1,P2,B,29,false
WBB,hp,0.7,18,44,0,P1,B,25,false
WBB,hp,0.7,18,44,1,P2,A,24,false
WBB,hp,0.7,18,45,0,P1,B,28,false
WBB,hp,0.7,18,45,1,P2,B,23,false
WBB,hp,0.7,18,46,0,P1,A,45,false
WBB,hp,0.7,18,46,1,P2,A,32,false
WBB,hp,0.7,18,47,0,P1,B,22,false
WBB,hp,0.7,18,47,1,P2,A,29,false
WBB,hp,0.7,18,48,0,P1,A,21,false
WBB,hp,0.7,18,48,1,P2,B,20,false
WBB,hp,0.7,18,49,0,P1,B,26,false
WBB,hp,0.7,18,49,1,P2,B,22,false
WBB,hp,0.7,18,50,0,P1,A,17,false
WBB,hp,0.7,18,50,1,P2,B,20,false
WBB,hp,0.85,21,1,0,P1,B,30,false
WBB,hp,0.85,21,1,1,P2,A,24,false
WBB,hp,0.85,21,2,0,P1,A,29,false
WBB,hp,0.85,21,2,1,P2,B,24,false
WBB,hp,0.85,21,3,0,P1,B,18,false
WBB,hp,0.85,21,3,1,P2,A,20,false
WBB,hp,0.85,21,4,0,P1,B,24,false
WBB,hp,0.85,21,4,1,P2,B,23,false
WBB,hp,0.85,21,5,0,P1,B,23,false
WBB,hp,0.85,21,5,1,P2,A,28,false
WBB,hp,0.85,21,6,0,P1,B,23,false
WBB,hp,0.85,21,6,1,P2,B,22,false
WBB,hp,0.85,21,7,0,P1,B,20,false
WBB,hp,0.85,21,7,1,P2,B,15,false
WBB,hp,0.85,21,8,0,P1,B,24,false
WBB,hp,0.85,21,8,1,P2,A,30,false
WBB,hp,0.85,21,9,0,P1,B,18,false
WBB,hp,0.85,21,9,1,P2,B,21,false
WBB,hp,0.85,21,10,0,P1,A,21,false
WBB,hp,0.85,21,10,1,P2,A,28,false
WBB,hp,0.85,21,11,0,P1,B,18,false
WBB,hp,0.85,21,11,1,P2,B,23,false
WBB,hp,0.85,21,12,0,P1,A,21,false
WBB,hp,0.85,21,12,1,P2,B,21,false
WBB,hp,0.85,21,13,0,P1,A,17,false
WBB,hp,0.85,21,13,1,P2,A,17,false
WBB,hp,0.85,21,14,0,P1,A,31,false
WBB,hp,0.85,21,14,1,P2,B,21,false
WBB,hp,0.85,21,15,0,P1,A,33,false
WBB,hp,0.85,21,15,1,P2,A,21,false
WBB,hp,0.85,21,16,0,P1,B,20,false
WBB,hp,0.85,21,16,1,P2,A,18,false
WBB,hp,0.85,21,17,0,P1,A,29,false
WBB,hp,0.85,21,17,1,P2,B,25,false
WBB,hp,0.85,21,18,0,P1,A,21,false
WBB,hp,0.85,21,18,1,P2,draw,100,true
WBB,hp,0.85,21,19,0,P1,A,27,false
WBB,hp,0.85,21,19,1,P2,B,21,false
WBB,hp,0.85,21,20,0,P1,B,22,false
WBB,hp,0.85,21,20,1,P2,A,33,false
WBB,hp,0.85,21,21,0,P1,B,28,false
WBB,hp,0.85,21,21,1,P2,A,25,false
WBB,hp,0.85,21,22,0,P1,B,22,false
WBB,hp,0.85,21,22,1,P2,B,19,false
WBB,hp,0.85,21,23,0,P1,A,31,false
WBB,hp,0.85,21,23,1,P2,A,24,false
WBB,hp,0.85,21,24,0,P1,A,22,false
WBB,hp,0.85,21,24,1,P2,B,28,false
WBB,hp,0.85,21,25,0,P1,B,36,false
WBB,hp,0.85,21,25,1,P2,B,21,false
WBB,hp,0.85,21,26,0,P1,A,19,false
WBB,hp,0.85,21,26,1,P2,A,20,false
WBB,hp,0.85,21,27,0,P1,B,22,false
WBB,hp,0.85,21,27,1,P2,B,19,false
WBB,hp,0.85,21,28,0,P1,A,23,false
WBB,hp,0.85,21,28,1,P2,A,26,false
WBB,hp,0.85,21,29,0,P1,A,19,false
WBB,hp,0.85,21,29,1,P2,B,19,false
WBB,hp,0.85,21,30,0,P1,A,21,false
WBB,hp,0.85,21,30,1,P2,B,26,false
WBB,hp,0.85,21,31,0,P1,B,29,false
WBB,hp,0.85,21,31,1,P2,B,34,false
WBB,hp,0.85,21,32,0,P1,A,23,false
WBB,hp,0.85,21,32,1,P2,B,27,false
WBB,hp,0.85,21,33,0,P1,B,24,false
WBB,hp,0.85,21,33,1,P2,A,30,false
WBB,hp,0.85,21,34,0,P1,B,24,false
WBB,hp,0.85,21,34,1,P2,A,26,false
WBB,hp,0.85,21,35,0,P1,A,23,false
WBB,hp,0.85,21,35,1,P2,B,24,false
WBB,hp,0.85,21,36,0,P1,B,23,false
WBB,hp,0.85,21,36,1,P2,A,25,false
WBB,hp,0.85,21,37,0,P1,B,36,false
WBB,hp,0.85,21,37,1,P2,B,34,false
WBB,hp,0.85,21,38,0,P1,A,25,false
WBB,hp,0.85,21,38,1,P2,B,55,false
WBB,hp,0.85,21,39,0,P1,A,25,false
WBB,hp,0.85,21,39,1,P2,B,25,false
WBB,hp,0.85,21,40,0,P1,A,30,false
WBB,hp,0.85,21,40,1,P2,B,28,false
WBB,hp,0.85,21,41,0,P1,B,24,false
WBB,hp,0.85,21,41,1,P2,B,20,false
WBB,hp,0.85,21,42,0,P1,B,20,false
WBB,hp,0.85,21,42,1,P2,B,21,false
WBB,hp,0.85,21,43,0,P1,A,19,false
WBB,hp,0.85,21,43,1,P2,A,22,false
WBB,hp,0.85,21,44,0,P1,B,25,false
WBB,hp,0.85,21,44,1,P2,A,22,false
WBB,hp,0.85,21,45,0,P1,B,28,false
WBB,hp,0.85,21,45,1,P2,B,23,false
WBB,hp,0.85,21,46,0,P1,A,45,false
WBB,hp,0.85,21,46,1,P2,A,32,false
WBB,hp,0.85,21,47,0,P1,B,22,false
WBB,hp,0.85,21,47,1,P2,A,29,false
WBB,hp,0.85,21,48,0,P1,B,23,false
WBB,hp,0.85,21,48,1,P2,A,20,false
WBB,hp,0.85,21,49,0,P1,B,25,false
WBB,hp,0.85,21,49,1,P2,B,23,false
WBB,hp,0.85,21,50,0,P1,A,17,false
WBB,hp,0.85,21,50,1,P2,A,21,false
WBB,hp,1.15,29,1,0,P1,B,22,false
WBB,hp,1.15,29,1,1,P2,A,24,false
WBB,hp,1.15,29,2,0,P1,B,26,false
WBB,hp,1.15,29,2,1,P2,A,24,false
WBB,hp,1.15,29,3,0,P1,B,21,false
WBB,hp,1.15,29,3,1,P2,A,20,false
WBB,hp,1.15,29,4,0,P1,A,27,false
WBB,hp,1.15,29,4,1,P2,B,27,false
WBB,hp,1.15,29,5,0,P1,A,23,false
WBB,hp,1.15,29,5,1,P2,A,24,false
WBB,hp,1.15,29,6,0,P1,B,24,false
WBB,hp,1.15,29,6,1,P2,B,22,false
WBB,hp,1.15,29,7,0,P1,B,21,false
WBB,hp,1.15,29,7,1,P2,B,17,false
WBB,hp,1.15,29,8,0,P1,A,28,false
WBB,hp,1.15,29,8,1,P2,A,30,false
WBB,hp,1.15,29,9,0,P1,A,21,false
WBB,hp,1.15,29,9,1,P2,A,23,false
WBB,hp,1.15,29,10,0,P1,A,21,false
WBB,hp,1.15,29,10,1,P2,A,28,false
WBB,hp,1.15,29,11,0,P1,A,25,false
WBB,hp,1.15,29,11,1,P2,A,22,false
WBB,hp,1.15,29,12,0,P1,A,23,false
WBB,hp,1.15,29,12,1,P2,A,25,false
WBB,hp,1.15,29,13,0,P1,A,35,false
WBB,hp,1.15,29,13,1,P2,A,25,false
WBB,hp,1.15,29,14,0,P1,A,31,false
WBB,hp,1.15,29,14,1,P2,B,21,false
WBB,hp,1.15,29,15,0,P1,A,23,false
WBB,hp,1.15,29,15,1,P2,A,21,false
WBB,hp,1.15,29,16,0,P1,B,22,false
WBB,hp,1.15,29,16,1,P2,A,26,false
WBB,hp,1.15,29,17,0,P1,A,65,false
WBB,hp,1.15,29,17,1,P2,B,25,false
WBB,hp,1.15,29,18,0,P1,A,21,false
WBB,hp,1.15,29,18,1,P2,B,21,false
WBB,hp,1.15,29,19,0,P1,A,25,false
WBB,hp,1.15,29,19,1,P2,B,23,false
WBB,hp,1.15,29,20,0,P1,B,22,false
WBB,hp,1.15,29,20,1,P2,A,30,false
WBB,hp,1.15,29,21,0,P1,B,26,false
WBB,hp,1.15,29,21,1,P2,A,25,false
WBB,hp,1.15,29,22,0,P1,A,24,false
WBB,hp,1.15,29,22,1,P2,B,19,false
WBB,hp,1.15,29,23,0,P1,A,31,false
WBB,hp,1.15,29,23,1,P2,A,27,false
WBB,hp,1.15,29,24,0,P1,A,21,false
WBB,hp,1.15,29,24,1,P2,A,24,false
WBB,hp,1.15,29,25,0,P1,draw,100,true
WBB,hp,1.15,29,25,1,P2,A,20,false
WBB,hp,1.15,29,26,0,P1,B,22,false
WBB,hp,1.15,29,26,1,P2,B,23,false
WBB,hp,1.15,29,27,0,P1,B,26,false
WBB,hp,1.15,29,27,1,P2,B,27,false
WBB,hp,1.15,29,28,0,P1,A,29,false
WBB,hp,1.15,29,28,1,P2,A,26,false
WBB,hp,1.15,29,29,0,P1,A,19,false
WBB,hp,1.15,29,29,1,P2,B,23,false
WBB,hp,1.15,29,30,0,P1,A,21,false
WBB,hp,1.15,29,30,1,P2,B,23,false
WBB,hp,1.15,29,31,0,P1,A,45,false
WBB,hp,1.15,29,31,1,P2,A,28,false
WBB,hp,1.15,29,32,0,P1,A,23,false
WBB,hp,1.15,29,32,1,P2,A,28,false
WBB,hp,1.15,29,33,0,P1,B,32,false
WBB,hp,1.15,29,33,1,P2,A,33,false
WBB,hp,1.15,29,34,0,P1,B,21,false
WBB,hp,1.15,29,34,1,P2,A,24,false
WBB,hp,1.15,29,35,0,P1,A,24,false
WBB,hp,1.15,29,35,1,P2,A,23,false
WBB,hp,1.15,29,36,0,P1,B,29,false
WBB,hp,1.15,29,36,1,P2,A,25,false
WBB,hp,1.15,29,37,0,P1,A,41,false
WBB,hp,1.15,29,37,1,P2,B,25,false
WBB,hp,1.15,29,38,0,P1,A,23,false
WBB,hp,1.15,29,38,1,P2,B,29,false
WBB,hp,1.15,29,39,0,P1,A,25,false
WBB,hp,1.15,29,39,1,P2,B,25,false
WBB,hp,1.15,29,40,0,P1,A,30,false
WBB,hp,1.15,29,40,1,P2,A,24,false
WBB,hp,1.15,29,41,0,P1,B,26,false
WBB,hp,1.15,29,41,1,P2,B,20,false
WBB,hp,1.15,29,42,0,P1,B,22,false
WBB,hp,1.15,29,42,1,P2,B,21,false
WBB,hp,1.15,29,43,0,P1,A,21,false
WBB,hp,1.15,29,43,1,P2,A,26,false
WBB,hp,1.15,29,44,0,P1,A,27,false
WBB,hp,1.15,29,44,1,P2,B,29,false
WBB,hp,1.15,29,45,0,P1,B,28,false
WBB,hp,1.15,29,45,1,P2,B,25,false
WBB,hp,1.15,29,46,0,P1,A,45,false
WBB,hp,1.15,29,46,1,P2,A,32,false
WBB,hp,1.15,29,47,0,P1,B,24,false
WBB,hp,1.15,29,47,1,P2,A,29,false
WBB,hp,1.15,29,48,0,P1,A,23,false
WBB,hp,1.15,29,48,1,P2,A,20,false
WBB,hp,1.15,29,49,0,P1,B,28,false
WBB,hp,1.15,29,49,1,P2,B,24,false
WBB,hp,1.15,29,50,0,P1,A,17,false
WBB,hp,1.15,29,50,1,P2,A,25,false
WBB,hp,1.3,33,1,0,P1,B,24,false
WBB,hp,1.3,33,1,1,P2,A,24,false
WBB,hp,1.3,33,2,0,P1,B,25,false
WBB,hp,1.3,33,2,1,P2,A,24,false
WBB,hp,1.3,33,3,0,P1,B,23,false
WBB,hp,1.3,33,3,1,P2,A,20,false
WBB,hp,1.3,33,4,0,P1,A,25,false
WBB,hp,1.3,33,4,1,P2,B,31,false
WBB,hp,1.3,33,5,0,P1,A,21,false
WBB,hp,1.3,33,5,1,P2,A,34,false
WBB,hp,1.3,33,6,0,P1,B,24,false
WBB,hp,1.3,33,6,1,P2,B,30,false
WBB,hp,1.3,33,7,0,P1,B,21,false
WBB,hp,1.3,33,7,1,P2,B,17,false
WBB,hp,1.3,33,8,0,P1,A,28,false
WBB,hp,1.3,33,8,1,P2,A,30,false
WBB,hp,1.3,33,9,0,P1,A,21,false
WBB,hp,1.3,33,9,1,P2,A,23,false
WBB,hp,1.3,33,10,0,P1,A,21,false
WBB,hp,1.3,33,10,1,P2,A,28,false
WBB,hp,1.3,33,11,0,P1,A,19,false
WBB,hp,1.3,33,11,1,P2,A,22,false
WBB,hp,1.3,33,12,0,P1,A,26,false
WBB,hp,1.3,33,12,1,P2,A,25,false
WBB,hp,1.3,33,13,0,P1,A,20,false
WBB,hp,1.3,33,13,1,P2,A,25,false
WBB,hp,1.3,33,14,0,P1,A,43,false
WBB,hp,1.3,33,14,1,P2,B,55,false
WBB,hp,1.3,33,15,0,P1,A,23,false
WBB,hp,1.3,33,15,1,P2,A,21,false
WBB,hp,1.3,33,16,0,P1,B,24,false
WBB,hp,1.3,33,16,1,P2,A,18,false
WBB,hp,1.3,33,17,0,P1,A,65,false
WBB,hp,1.3,33,17,1,P2,B,27,false
WBB,hp,1.3,33,18,0,P1,A,22,false
WBB,hp,1.3,33,18,1,P2,B,20,false
WBB,hp,1.3,33,19,0,P1,A,25,false
WBB,hp,1.3,33,19,1,P2,B,23,false
WBB,hp,1.3,33,20,0,P1,B,22,false
WBB,hp,1.3,33,20,1,P2,A,30,false
WBB,hp,1.3,33,21,0,P1,B,26,false
WBB,hp,1.3,33,21,1,P2,A,25,false
WBB,hp,1.3,33,22,0,P1,B,29,false
WBB,hp,1.3,33,22,1,P2,B,21,false
WBB,hp,1.3,33,23,0,P1,A,31,false
WBB,hp,1.3,33,23,1,P2,A,27,false
WBB,hp,1.3,33,24,0,P1,A,21,false
WBB,hp,1.3,33,24,1,P2,B,23,false
WBB,hp,1.3,33,25,0,P1,draw,100,true
WBB,hp,1.3,33,25,1,P2,A,20,false
WBB,hp,1.3,33,26,0,P1,A,19,false
WBB,hp,1.3,33,26,1,P2,B,23,false
WBB,hp,1.3,33,27,0,P1,B,24,false
WBB,hp,1.3,33,27,1,P2,B,27,false
WBB,hp,1.3,33,28,0,P1,A,29,false
WBB,hp,1.3,33,28,1,P2,A,26,false
WBB,hp,1.3,33,29,0,P1,A,23,false
WBB,hp,1.3,33,29,1,P2,B,23,false
WBB,hp,1.3,33,30,0,P1,A,21,false
WBB,hp,1.3,33,30,1,P2,B,23,false
WBB,hp,1.3,33,31,0,P1,A,45,false
WBB,hp,1.3,33,31,1,P2,A,21,false
WBB,hp,1.3,33,32,0,P1,A,25,false
WBB,hp,1.3,33,32,1,P2,B,35,false
WBB,hp,1.3,33,33,0,P1,B,32,false
WBB,hp,1.3,33,33,1,P2,A,25,false
WBB,hp,1.3,33,34,0,P1,A,23,false
WBB,hp,1.3,33,34,1,P2,A,25,false
WBB,hp,1.3,33,35,0,P1,A,22,false
WBB,hp,1.3,33,35,1,P2,A,26,false
WBB,hp,1.3,33,36,0,P1,B,29,false
WBB,hp,1.3,33,36,1,P2,A,25,false
WBB,hp,1.3,33,37,0,P1,A,41,false
WBB,hp,1.3,33,37,1,P2,B,33,false
WBB,hp,1.3,33,38,0,P1,A,21,false
WBB,hp,1.3,33,38,1,P2,B,29,false
WBB,hp,1.3,33,39,0,P1,A,25,false
WBB,hp,1.3,33,39,1,P2,B,27,false
WBB,hp,1.3,33,40,0,P1,A,30,false
WBB,hp,1.3,33,40,1,P2,A,24,false
WBB,hp,1.3,33,41,0,P1,A,27,false
WBB,hp,1.3,33,41,1,P2,B,21,false
WBB,hp,1.3,33,42,0,P1,B,22,false
WBB,hp,1.3,33,42,1,P2,A,29,false
WBB,hp,1.3,33,43,0,P1,A,19,false
WBB,hp,1.3,33,43,1,P2,A,26,false
WBB,hp,1.3,33,44,0,P1,A,19,false
WBB,hp,1.3,33,44,1,P2,A,25,false
WBB,hp,1.3,33,45,0,P1,B,30,false
WBB,hp,1.3,33,45,1,P2,B,25,false
WBB,hp,1.3,33,46,0,P1,A,45,false
WBB,hp,1.3,33,46,1,P2,A,32,false
WBB,hp,1.3,33,47,0,P1,B,32,false
WBB,hp,1.3,33,47,1,P2,A,29,false
WBB,hp,1.3,33,48,0,P1,A,23,false
WBB,hp,1.3,33,48,1,P2,B,21,false
WBB,hp,1.3,33,49,0,P1,B,30,false
WBB,hp,1.3,33,49,1,P2,A,22,false
WBB,hp,1.3,33,50,0,P1,A,17,false
WBB,hp,1.3,33,50,1,P2,A,24,false
WBB,atk,0.7,2.1,1,0,P1,B,24,false
WBB,atk,0.7,2.1,1,1,P2,B,37,false
WBB,atk,0.7,2.1,2,0,P1,B,28,false
WBB,atk,0.7,2.1,2,1,P2,B,24,false
WBB,atk,0.7,2.1,3,0,P1,B,18,false
WBB,atk,0.7,2.1,3,1,P2,A,20,false
WBB,atk,0.7,2.1,4,0,P1,draw,100,true
WBB,atk,0.7,2.1,4,1,P2,B,25,false
WBB,atk,0.7,2.1,5,0,P1,B,23,false
WBB,atk,0.7,2.1,5,1,P2,B,25,false
WBB,atk,0.7,2.1,6,0,P1,B,21,false
WBB,atk,0.7,2.1,6,1,P2,B,17,false
WBB,atk,0.7,2.1,7,0,P1,B,19,false
WBB,atk,0.7,2.1,7,1,P2,B,15,false
WBB,atk,0.7,2.1,8,0,P1,B,24,false
WBB,atk,0.7,2.1,8,1,P2,A,52,false
WBB,atk,0.7,2.1,9,0,P1,B,24,false
WBB,atk,0.7,2.1,9,1,P2,B,21,false
WBB,atk,0.7,2.1,10,0,P1,A,21,false
WBB,atk,0.7,2.1,10,1,P2,A,28,false
WBB,atk,0.7,2.1,11,0,P1,B,21,false
WBB,atk,0.7,2.1,11,1,P2,B,26,false
WBB,atk,0.7,2.1,12,0,P1,B,26,false
WBB,atk,0.7,2.1,12,1,P2,B,21,false
WBB,atk,0.7,2.1,13,0,P1,A,20,false
WBB,atk,0.7,2.1,13,1,P2,A,25,false
WBB,atk,0.7,2.1,14,0,P1,B,32,false
WBB,atk,0.7,2.1,14,1,P2,B,21,false
WBB,atk,0.7,2.1,15,0,P1,A,22,false
WBB,atk,0.7,2.1,15,1,P2,A,28,false
WBB,atk,0.7,2.1,16,0,P1,B,20,false
WBB,atk,0.7,2.1,16,1,P2,B,19,false
WBB,atk,0.7,2.1,17,0,P1,A,29,false
WBB,atk,0.7,2.1,17,1,P2,B,25,false
WBB,atk,0.7,2.1,18,0,P1,B,18,false
WBB,atk,0.7,2.1,18,1,P2,B,26,false
WBB,atk,0.7,2.1,19,0,P1,B,38,false
WBB,atk,0.7,2.1,19,1,P2,B,21,false
WBB,atk,0.7,2.1,20,0,P1,B,23,false
WBB,atk,0.7,2.1,20,1,P2,A,37,false
WBB,atk,0.7,2.1,21,0,P1,B,26,false
WBB,atk,0.7,2.1,21,1,P2,B,29,false
WBB,atk,0.7,2.1,22,0,P1,B,22,false
WBB,atk,0.7,2.1,22,1,P2,B,17,false
WBB,atk,0.7,2.1,23,0,P1,A,27,false
WBB,atk,0.7,2.1,23,1,P2,A,27,false
WBB,atk,0.7,2.1,24,0,P1,A,20,false
WBB,atk,0.7,2.1,24,1,P2,B,22,false
WBB,atk,0.7,2.1,25,0,P1,B,24,false
WBB,atk,0.7,2.1,25,1,P2,B,21,false
WBB,atk,0.7,2.1,26,0,P1,B,23,false
WBB,atk,0.7,2.1,26,1,P2,B,19,false
WBB,atk,0.7,2.1,27,0,P1,B,23,false
WBB,atk,0.7,2.1,27,1,P2,B,19,false
WBB,atk,0.7,2.1,28,0,P1,B,29,false
WBB,atk,0.7,2.1,28,1,P2,A,26,false
WBB,atk,0.7,2.1,29,0,P1,A,25,false
WBB,atk,0.7,2.1,29,1,P2,B,21,false
WBB,atk,0.7,2.1,30,0,P1,A,21,false
WBB,atk,0.7,2.1,30,1,P2,B,26,false
WBB,atk,0.7,2.1,31,0,P1,B,56,false
WBB,atk,0.7,2.1,31,1,P2,B,23,false
WBB,atk,0.7,2.1,32,0,P1,B,23,false
WBB,atk,0.7,2.1,32,1,P2,A,26,false
WBB,atk,0.7,2.1,33,0,P1,B,34,false
WBB,atk,0.7,2.1,33,1,P2,A,30,false
WBB,atk,0.7,2.1,34,0,P1,B,22,false
WBB,atk,0.7,2.1,34,1,P2,B,29,false
WBB,atk,0.7,2.1,35,0,P1,B,16,false
WBB,atk,0.7,2.1,35,1,P2,A,26,false
WBB,atk,0.7,2.1,36,0,P1,B,29,false
WBB,atk,0.7,2.1,36,1,P2,B,29,false
WBB,atk,0.7,2.1,37,0,P1,B,36,false
WBB,atk,0.7,2.1,37,1,P2,B,43,false
WBB,atk,0.7,2.1,38,0,P1,A,23,false
WBB,atk,0.7,2.1,38,1,P2,B,55,false
WBB,atk,0.7,2.1,39,0,P1,A,28,false
WBB,atk,0.7,2.1,39,1,P2,B,25,false
WBB,atk,0.7,2.1,40,0,P1,A,30,false
WBB,atk,0.7,2.1,40,1,P2,B,24,false
WBB,atk,0.7,2.1,41,0,P1,B,26,false
WBB,atk,0.7,2.1,41,1,P2,B,20,false
WBB,atk,0.7,2.1,42,0,P1,B,20,false
WBB,atk,0.7,2.1,42,1,P2,B,21,false
WBB,atk,0.7,2.1,43,0,P1,A,19,false
WBB,atk,0.7,2.1,43,1,P2,A,24,false
WBB,atk,0.7,2.1,44,0,P1,B,25,false
WBB,atk,0.7,2.1,44,1,P2,B,28,false
WBB,atk,0.7,2.1,45,0,P1,B,28,false
WBB,atk,0.7,2.1,45,1,P2,B,25,false
WBB,atk,0.7,2.1,46,0,P1,A,45,false
WBB,atk,0.7,2.1,46,1,P2,A,33,false
WBB,atk,0.7,2.1,47,0,P1,B,22,false
WBB,atk,0.7,2.1,47,1,P2,A,29,false
WBB,atk,0.7,2.1,48,0,P1,B,30,false
WBB,atk,0.7,2.1,48,1,P2,draw,100,true
WBB,atk,0.7,2.1,49,0,P1,B,25,false
WBB,atk,0.7,2.1,49,1,P2,B,32,false
WBB,atk,0.7,2.1,50,0,P1,A,18,false
WBB,atk,0.7,2.1,50,1,P2,A,21,false
WBB,atk,0.85,2.6,1,0,P1,B,22,false
WBB,atk,0.85,2.6,1,1,P2,A,24,false
WBB,atk,0.85,2.6,2,0,P1,B,26,false
WBB,atk,0.85,2.6,2,1,P2,B,24,false
WBB,atk,0.85,2.6,3,0,P1,B,18,false
WBB,atk,0.85,2.6,3,1,P2,A,20,false
WBB,atk,0.85,2.6,4,0,P1,A,27,false
WBB,atk,0.85,2.6,4,1,P2,B,25,false
WBB,atk,0.85,2.6,5,0,P1,B,22,false
WBB,atk,0.85,2.6,5,1,P2,B,25,false
WBB,atk,0.85,2.6,6,0,P1,B,24,false
WBB,atk,0.85,2.6,6,1,P2,B,17,false
WBB,atk,0.85,2.6,7,0,P1,B,21,false
WBB,atk,0.85,2.6,7,1,P2,B,15,false
WBB,atk,0.85,2.6,8,0,P1,B,24,false
WBB,atk,0.85,2.6,8,1,P2,A,52,false
WBB,atk,0.85,2.6,9,0,P1,B,29,false
WBB,atk,0.85,2.6,9,1,P2,B,23,false
WBB,atk,0.85,2.6,10,0,P1,A,21,false
WBB,atk,0.85,2.6,10,1,P2,A,28,false
WBB,atk,0.85,2.6,11,0,P1,A,25,false
WBB,atk,0.85,2.6,11,1,P2,B,23,false
WBB,atk,0.85,2.6,12,0,P1,A,21,false
WBB,atk,0.85,2.6,12,1,P2,B,21,false
WBB,atk,0.85,2.6,13,0,P1,A,20,false
WBB,atk,0.85,2.6,13,1,P2,A,25,false
WBB,atk,0.85,2.6,14,0,P1,B,40,false
WBB,atk,0.85,2.6,14,1,P2,B,21,false
WBB,atk,0.85,2.6,15,0,P1,A,23,false
WBB,atk,0.85,2.6,15,1,P2,A,27,false
WBB,atk,0.85,2.6,16,0,P1,B,20,false
WBB,atk,0.85,2.6,16,1,P2,A,20,false
WBB,atk,0.85,2.6,17,0,P1,A,27,false
WBB,atk,0.85,2.6,17,1,P2,B,25,false
WBB,atk,0.85,2.6,18,0,P1,B,24,false
WBB,atk,0.85,2.6,18,1,P2,A,20,false
WBB,atk,0.85,2.6,19,0,P1,B,27,false
WBB,atk,0.85,2.6,19,1,P2,B,21,false
WBB,atk,0.85,2.6,20,0,P1,B,23,false
WBB,atk,0.85,2.6,20,1,P2,A,37,false
WBB,atk,0.85,2.6,21,0,P1,B,26,false
WBB,atk,0.85,2.6,21,1,P2,A,25,false
WBB,atk,0.85,2.6,22,0,P1,B,22,false
WBB,atk,0.85,2.6,22,1,P2,B,19,false
WBB,atk,0.85,2.6,23,0,P1,A,39,false
WBB,atk,0.85,2.6,23,1,P2,A,24,false
WBB,atk,0.85,2.6,24,0,P1,A,21,false
WBB,atk,0.85,2.6,24,1,P2,B,22,false
WBB,atk,0.85,2.6,25,0,P1,B,22,false
WBB,atk,0.85,2.6,25,1,P2,B,21,false
WBB,atk,0.85,2.6,26,0,P1,B,23,false
WBB,atk,0.85,2.6,26,1,P2,B,19,false
WBB,atk,0.85,2.6,27,0,P1,B,23,false
WBB,atk,0.85,2.6,27,1,P2,B,19,false
WBB,atk,0.85,2.6,28,0,P1,A,31,false
WBB,atk,0.85,2.6,28,1,P2,A,26,false
WBB,atk,0.85,2.6,29,0,P1,A,19,false
WBB,atk,0.85,2.6,29,1,P2,B,21,false
WBB,atk,0.85,2.6,30,0,P1,A,21,false
WBB,atk,0.85,2.6,30,1,P2,B,26,false
WBB,atk,0.85,2.6,31,0,P1,B,36,false
WBB,atk,0.85,2.6,31,1,P2,B,34,false
WBB,atk,0.85,2.6,32,0,P1,B,23,false
WBB,atk,0.85,2.6,32,1,P2,B,27,false
WBB,atk,0.85,2.6,33,0,P1,B,34,false
WBB,atk,0.85,2.6,33,1,P2,A,30,false
WBB,atk,0.85,2.6,34,0,P1,B,22,false
WBB,atk,0.85,2.6,34,1,P2,A,26,false
WBB,atk,0.85,2.6,35,0,P1,B,22,false
WBB,atk,0.85,2.6,35,1,P2,A,18,false
WBB,atk,0.85,2.6,36,0,P1,A,33,false
WBB,atk,0.85,2.6,36,1,P2,A,25,false
WBB,atk,0.85,2.6,37,0,P1,B,38,false
WBB,atk,0.85,2.6,37,1,P2,B,31,false
WBB,atk,0.85,2.6,38,0,P1,A,23,false
WBB,atk,0.85,2.6,38,1,P2,B,55,false
WBB,atk,0.85,2.6,39,0,P1,A,25,false
WBB,atk,0.85,2.6,39,1,P2,B,25,false
WBB,atk,0.85,2.6,40,0,P1,A,30,false
WBB,atk,0.85,2.6,40,1,P2,B,33,false
WBB,atk,0.85,2.6,41,0,P1,B,26,false
WBB,atk,0.85,2.6,41,1,P2,B,20,false
WBB,atk,0.85,2.6,42,0,P1,B,20,false
WBB,atk,0.85,2.6,42,1,P2,B,21,false
WBB,atk,0.85,2.6,43,0,P1,A,37,false
WBB,atk,0.85,2.6,43,1,P2,A,24,false
WBB,atk,0.85,2.6,44,0,P1,B,25,false
WBB,atk,0.85,2.6,44,1,P2,A,24,false
WBB,atk,0.85,2.6,45,0,P1,B,28,false
WBB,atk,0.85,2.6,45,1,P2,B,25,false
WBB,atk,0.85,2.6,46,0,P1,A,45,false
WBB,atk,0.85,2.6,46,1,P2,A,31,false
WBB,atk,0.85,2.6,47,0,P1,B,22,false
WBB,atk,0.85,2.6,47,1,P2,A,27,false
WBB,atk,0.85,2.6,48,0,P1,B,30,false
WBB,atk,0.85,2.6,48,1,P2,A,20,false
WBB,atk,0.85,2.6,49,0,P1,B,26,false
WBB,atk,0.85,2.6,49,1,P2,B,24,false
WBB,atk,0.85,2.6,50,0,P1,A,17,false
WBB,atk,0.85,2.6,50,1,P2,A,21,false
WBB,atk,1.15,3.5,1,0,P1,B,22,false
WBB,atk,1.15,3.5,1,1,P2,A,42,false
WBB,atk,1.15,3.5,2,0,P1,B,31,false
WBB,atk,1.15,3.5,2,1,P2,B,33,false
WBB,atk,1.15,3.5,3,0,P1,B,18,false
WBB,atk,1.15,3.5,3,1,P2,A,20,false
WBB,atk,1.15,3.5,4,0,P1,A,27,false
WBB,atk,1.15,3.5,4,1,P2,B,25,false
WBB,atk,1.15,3.5,5,0,P1,A,23,false
WBB,atk,1.15,3.5,5,1,P2,A,22,false
WBB,atk,1.15,3.5,6,0,P1,B,26,false
WBB,atk,1.15,3.5,6,1,P2,B,26,false
WBB,atk,1.15,3.5,7,0,P1,B,21,false
WBB,atk,1.15,3.5,7,1,P2,B,15,false
WBB,atk,1.15,3.5,8,0,P1,A,24,false
WBB,atk,1.15,3.5,8,1,P2,A,30,false
WBB,atk,1.15,3.5,9,0,P1,B,29,false
WBB,atk,1.15,3.5,9,1,P2,A,23,false
WBB,atk,1.15,3.5,10,0,P1,A,21,false
WBB,atk,1.15,3.5,10,1,P2,A,28,false
WBB,atk,1.15,3.5,11,0,P1,B,26,false
WBB,atk,1.15,3.5,11,1,P2,A,22,false
WBB,atk,1.15,3.5,12,0,P1,A,21,false
WBB,atk,1.15,3.5,12,1,P2,B,21,false
WBB,atk,1.15,3.5,13,0,P1,A,17,false
WBB,atk,1.15,3.5,13,1,P2,A,18,false
WBB,atk,1.15,3.5,14,0,P1,A,43,false
WBB,atk,1.15,3.5,14,1,P2,B,21,false
WBB,atk,1.15,3.5,15,0,P1,A,33,false
WBB,atk,1.15,3.5,15,1,P2,A,20,false
WBB,atk,1.15,3.5,16,0,P1,B,26,false
WBB,atk,1.15,3.5,16,1,P2,A,18,false
WBB,atk,1.15,3.5,17,0,P1,A,27,false
WBB,atk,1.15,3.5,17,1,P2,B,25,false
WBB,atk,1.15,3.5,18,0,P1,A,25,false
WBB,atk,1.15,3.5,18,1,P2,A,19,false
WBB,atk,1.15,3.5,19,0,P1,A,23,false
WBB,atk,1.15,3.5,19,1,P2,B,21,false
WBB,atk,1.15,3.5,20,0,P1,B,22,false
WBB,atk,1.15,3.5,20,1,P2,A,33,false
WBB,atk,1.15,3.5,21,0,P1,B,42,false
WBB,atk,1.15,3.5,21,1,P2,A,25,false
WBB,atk,1.15,3.5,22,0,P1,A,23,false
WBB,atk,1.15,3.5,22,1,P2,B,19,false
WBB,atk,1.15,3.5,23,0,P1,A,31,false
WBB,atk,1.15,3.5,23,1,P2,A,23,false
WBB,atk,1.15,3.5,24,0,P1,A,21,false
WBB,atk,1.15,3.5,24,1,P2,B,22,false
WBB,atk,1.15,3.5,25,0,P1,A,23,false
WBB,atk,1.15,3.5,25,1,P2,A,18,false
WBB,atk,1.15,3.5,26,0,P1,B,22,false
WBB,atk,1.15,3.5,26,1,P2,A,20,false
WBB,atk,1.15,3.5,27,0,P1,B,27,false
WBB,atk,1.15,3.5,27,1,P2,B,19,false
WBB,atk,1.15,3.5,28,0,P1,A,25,false
WBB,atk,1.15,3.5,28,1,P2,A,26,false
WBB,atk,1.15,3.5,29,0,P1,A,21,false
WBB,atk,1.15,3.5,29,1,P2,B,21,false
WBB,atk,1.15,3.5,30,0,P1,A,21,false
WBB,atk,1.15,3.5,30,1,P2,B,26,false
WBB,atk,1.15,3.5,31,0,P1,B,29,false
WBB,atk,1.15,3.5,31,1,P2,B,22,false
WBB,atk,1.15,3.5,32,0,P1,A,23,false
WBB,atk,1.15,3.5,32,1,P2,B,29,false
WBB,atk,1.15,3.5,33,0,P1,B,32,false
WBB,atk,1.15,3.5,33,1,P2,A,24,false
WBB,atk,1.15,3.5,34,0,P1,B,23,false
WBB,atk,1.15,3.5,34,1,P2,A,26,false
WBB,atk,1.15,3.5,35,0,P1,A,23,false
WBB,atk,1.15,3.5,35,1,P2,A,20,false
WBB,atk,1.15,3.5,36,0,P1,B,38,false
WBB,atk,1.15,3.5,36,1,P2,A,23,false
WBB,atk,1.15,3.5,37,0,P1,B,38,false
WBB,atk,1.15,3.5,37,1,P2,B,25,false
WBB,atk,1.15,3.5,38,0,P1,A,21,false
WBB,atk,1.15,3.5,38,1,P2,B,55,false
WBB,atk,1.15,3.5,39,0,P1,A,25,false
WBB,atk,1.15,3.5,39,1,P2,B,25,false
WBB,atk,1.15,3.5,40,0,P1,A,26,false
WBB,atk,1.15,3.5,40,1,P2,A,24,false
WBB,atk,1.15,3.5,41,0,P1,B,26,false
WBB,atk,1.15,3.5,41,1,P2,B,20,false
WBB,atk,1.15,3.5,42,0,P1,B,20,false
WBB,atk,1.15,3.5,42,1,P2,B,21,false
WBB,atk,1.15,3.5,43,0,P1,A,21,false
WBB,atk,1.15,3.5,43,1,P2,A,31,false
WBB,atk,1.15,3.5,44,0,P1,A,27,false
WBB,atk,1.15,3.5,44,1,P2,A,26,false
WBB,atk,1.15,3.5,45,0,P1,B,28,false
WBB,atk,1.15,3.5,45,1,P2,B,25,false
WBB,atk,1.15,3.5,46,0,P1,A,30,false
WBB,atk,1.15,3.5,46,1,P2,A,32,false
WBB,atk,1.15,3.5,47,0,P1,B,22,false
WBB,atk,1.15,3.5,47,1,P2,A,29,false
WBB,atk,1.15,3.5,48,0,P1,B,23,false
WBB,atk,1.15,3.5,48,1,P2,A,20,false
WBB,atk,1.15,3.5,49,0,P1,B,26,false
WBB,atk,1.15,3.5,49,1,P2,B,24,false
WBB,atk,1.15,3.5,50,0,P1,A,17,false
WBB,atk,1.15,3.5,50,1,P2,A,25,false
WBB,atk,1.3,3.9,1,0,P1,B,22,false
WBB,atk,1.3,3.9,1,1,P2,A,22,false
WBB,atk,1.3,3.9,2,0,P1,B,31,false
WBB,atk,1.3,3.9,2,1,P2,A,24,false
WBB,atk,1.3,3.9,3,0,P1,B,18,false
WBB,atk,1.3,3.9,3,1,P2,A,20,false
WBB,atk,1.3,3.9,4,0,P1,B,32,false
WBB,atk,1.3,3.9,4,1,P2,B,25,false
WBB,atk,1.3,3.9,5,0,P1,A,23,false
WBB,atk,1.3,3.9,5,1,P2,A,22,false
WBB,atk,1.3,3.9,6,0,P1,B,26,false
WBB,atk,1.3,3.9,6,1,P2,B,26,false
WBB,atk,1.3,3.9,7,0,P1,B,25,false
WBB,atk,1.3,3.9,7,1,P2,B,15,false
WBB,atk,1.3,3.9,8,0,P1,A,24,false
WBB,atk,1.3,3.9,8,1,P2,A,30,false
WBB,atk,1.3,3.9,9,0,P1,B,20,false
WBB,atk,1.3,3.9,9,1,P2,A,23,false
WBB,atk,1.3,3.9,10,0,P1,A,21,false
WBB,atk,1.3,3.9,10,1,P2,A,26,false
WBB,atk,1.3,3.9,11,0,P1,A,27,false
WBB,atk,1.3,3.9,11,1,P2,A,22,false
WBB,atk,1.3,3.9,12,0,P1,A,26,false
WBB,atk,1.3,3.9,12,1,P2,B,21,false
WBB,atk,1.3,3.9,13,0,P1,A,17,false
WBB,atk,1.3,3.9,13,1,P2,A,17,false
WBB,atk,1.3,3.9,14,0,P1,A,19,false
WBB,atk,1.3,3.9,14,1,P2,B,21,false
WBB,atk,1.3,3.9,15,0,P1,A,33,false
WBB,atk,1.3,3.9,15,1,P2,A,20,false
WBB,atk,1.3,3.9,16,0,P1,B,26,false
WBB,atk,1.3,3.9,16,1,P2,A,22,false
WBB,atk,1.3,3.9,17,0,P1,A,27,false
WBB,atk,1.3,3.9,17,1,P2,B,29,false
WBB,atk,1.3,3.9,18,0,P1,A,25,false
WBB,atk,1.3,3.9,18,1,P2,B,20,false
WBB,atk,1.3,3.9,19,0,P1,A,23,false
WBB,atk,1.3,3.9,19,1,P2,B,21,false
WBB,atk,1.3,3.9,20,0,P1,B,25,false
WBB,atk,1.3,3.9,20,1,P2,A,33,false
WBB,atk,1.3,3.9,21,0,P1,A,29,false
WBB,atk,1.3,3.9,21,1,P2,A,25,false
WBB,atk,1.3,3.9,22,0,P1,A,23,false
WBB,atk,1.3,3.9,22,1,P2,B,19,false
WBB,atk,1.3,3.9,23,0,P1,A,31,false
WBB,atk,1.3,3.9,23,1,P2,A,23,false
WBB,atk,1.3,3.9,24,0,P1,A,20,false
WBB,atk,1.3,3.9,24,1,P2,B,22,false
WBB,atk,1.3,3.9,25,0,P1,A,19,false
WBB,atk,1.3,3.9,25,1,P2,A,18,false
WBB,atk,1.3,3.9,26,0,P1,B,22,false
WBB,atk,1.3,3.9,26,1,P2,A,22,false
WBB,atk,1.3,3.9,27,0,P1,B,27,false
WBB,atk,1.3,3.9,27,1,P2,B,19,false
WBB,atk,1.3,3.9,28,0,P1,A,25,false
WBB,atk,1.3,3.9,28,1,P2,A,26,false
WBB,atk,1.3,3.9,29,0,P1,A,21,false
WBB,atk,1.3,3.9,29,1,P2,B,21,false
WBB,atk,1.3,3.9,30,0,P1,A,21,false
WBB,atk,1.3,3.9,30,1,P2,B,20,false
WBB,atk,1.3,3.9,31,0,P1,A,26,false
WBB,atk,1.3,3.9,31,1,P2,B,22,false
WBB,atk,1.3,3.9,32,0,P1,A,23,false
WBB,atk,1.3,3.9,32,1,P2,A,28,false
WBB,atk,1.3,3.9,33,0,P1,B,32,false
WBB,atk,1.3,3.9,33,1,P2,A,24,false
WBB,atk,1.3,3.9,34,0,P1,B,22,false
WBB,atk,1.3,3.9,34,1,P2,A,26,false
WBB,atk,1.3,3.9,35,0,P1,A,17,false
WBB,atk,1.3,3.9,35,1,P2,A,20,false
WBB,atk,1.3,3.9,36,0,P1,B,38,false
WBB,atk,1.3,3.9,36,1,P2,A,22,false
WBB,atk,1.3,3.9,37,0,P1,B,38,false
WBB,atk,1.3,3.9,37,1,P2,A,28,false
WBB,atk,1.3,3.9,38,0,P1,A,23,false
WBB,atk,1.3,3.9,38,1,P2,B,55,false
WBB,atk,1.3,3.9,39,0,P1,A,25,false
WBB,atk,1.3,3.9,39,1,P2,B,25,false
WBB,atk,1.3,3.9,40,0,P1,A,24,false
WBB,atk,1.3,3.9,40,1,P2,A,22,false
WBB,atk,1.3,3.9,41,0,P1,B,26,false
WBB,atk,1.3,3.9,41,1,P2,B,20,false
WBB,atk,1.3,3.9,42,0,P1,B,20,false
WBB,atk,1.3,3.9,42,1,P2,B,21,false
WBB,atk,1.3,3.9,43,0,P1,A,21,false
WBB,atk,1.3,3.9,43,1,P2,A,31,false
WBB,atk,1.3,3.9,44,0,P1,A,41,false
WBB,atk,1.3,3.9,44,1,P2,A,42,false
WBB,atk,1.3,3.9,45,0,P1,B,28,false
WBB,atk,1.3,3.9,45,1,P2,B,25,false
WBB,atk,1.3,3.9,46,0,P1,A,30,false
WBB,atk,1.3,3.9,46,1,P2,A,32,false
WBB,atk,1.3,3.9,47,0,P1,B,22,false
WBB,atk,1.3,3.9,47,1,P2,A,29,false
WBB,atk,1.3,3.9,48,0,P1,A,27,false
WBB,atk,1.3,3.9,48,1,P2,A,20,false
WBB,atk,1.3,3.9,49,0,P1,B,32,false
WBB,atk,1.3,3.9,49,1,P2,B,24,false
WBB,atk,1.3,3.9,50,0,P1,A,19,false
WBB,atk,1.3,3.9,50,1,P2,A,25,false
WBB,def,0.7,2.1,1,0,P1,B,22,false
WBB,def,0.7,2.1,1,1,P2,A,22,false
WBB,def,0.7,2.1,2,0,P1,B,25,false
WBB,def,0.7,2.1,2,1,P2,B,24,false
WBB,def,0.7,2.1,3,0,P1,B,18,false
WBB,def,0.7,2.1,3,1,P2,A,20,false
WBB,def,0.7,2.1,4,0,P1,B,33,false
WBB,def,0.7,2.1,4,1,P2,B,23,false
WBB,def,0.7,2.1,5,0,P1,B,23,false
WBB,def,0.7,2.1,5,1,P2,A,28,false
WBB,def,0.7,2.1,6,0,P1,B,24,false
WBB,def,0.7,2.1,6,1,P2,B,17,false
WBB,def,0.7,2.1,7,0,P1,B,18,false
WBB,def,0.7,2.1,7,1,P2,B,15,false
WBB,def,0.7,2.1,8,0,P1,B,24,false
WBB,def,0.7,2.1,8,1,P2,A,52,false
WBB,def,0.7,2.1,9,0,P1,B,23,false
WBB,def,0.7,2.1,9,1,P2,B,21,false
WBB,def,0.7,2.1,10,0,P1,A,21,false
WBB,def,0.7,2.1,10,1,P2,A,28,false
WBB,def,0.7,2.1,11,0,P1,B,21,false
WBB,def,0.7,2.1,11,1,P2,B,21,false
WBB,def,0.7,2.1,12,0,P1,B,31,false
WBB,def,0.7,2.1,12,1,P2,B,19,false
WBB,def,0.7,2.1,13,0,P1,B,20,false
WBB,def,0.7,2.1,13,1,P2,A,19,false
WBB,def,0.7,2.1,14,0,P1,A,23,false
WBB,def,0.7,2.1,14,1,P2,B,21,false
WBB,def,0.7,2.1,15,0,P1,A,23,false
WBB,def,0.7,2.1,15,1,P2,A,21,false
WBB,def,0.7,2.1,16,0,P1,B,20,false
WBB,def,0.7,2.1,16,1,P2,A,20,false
WBB,def,0.7,2.1,17,0,P1,A,29,false
WBB,def,0.7,2.1,17,1,P2,B,25,false
WBB,def,0.7,2.1,18,0,P1,B,22,false
WBB,def,0.7,2.1,18,1,P2,B,21,false
WBB,def,0.7,2.1,19,0,P1,B,32,false
WBB,def,0.7,2.1,19,1,P2,B,21,false
WBB,def,0.7,2.1,20,0,P1,B,21,false
WBB,def,0.7,2.1,20,1,P2,B,33,false
WBB,def,0.7,2.1,21,0,P1,B,28,false
WBB,def,0.7,2.1,21,1,P2,A,29,false
WBB,def,0.7,2.1,22,0,P1,B,20,false
WBB,def,0.7,2.1,22,1,P2,B,17,false
WBB,def,0.7,2.1,23,0,P1,B,30,false
WBB,def,0.7,2.1,23,1,P2,B,25,false
WBB,def,0.7,2.1,24,0,P1,B,29,false
WBB,def,0.7,2.1,24,1,P2,B,28,false
WBB,def,0.7,2.1,25,0,P1,B,22,false
WBB,def,0.7,2.1,25,1,P2,A,20,false
WBB,def,0.7,2.1,26,0,P1,B,18,false
WBB,def,0.7,2.1,26,1,P2,B,19,false
WBB,def,0.7,2.1,27,0,P1,B,22,false
WBB,def,0.7,2.1,27,1,P2,B,19,false
WBB,def,0.7,2.1,28,0,P1,B,33,false
WBB,def,0.7,2.1,28,1,P2,A,26,false
WBB,def,0.7,2.1,29,0,P1,B,25,false
WBB,def,0.7,2.1,29,1,P2,B,19,false
WBB,def,0.7,2.1,30,0,P1,A,21,false
WBB,def,0.7,2.1,30,1,P2,B,21,false
WBB,def,0.7,2.1,31,0,P1,B,32,false
WBB,def,0.7,2.1,31,1,P2,B,23,false
WBB,def,0.7,2.1,32,0,P1,B,29,false
WBB,def,0.7,2.1,32,1,P2,B,27,false
WBB,def,0.7,2.1,33,0,P1,B,24,false
WBB,def,0.7,2.1,33,1,P2,B,28,false
WBB,def,0.7,2.1,34,0,P1,B,23,false
WBB,def,0.7,2.1,34,1,P2,B,34,false
WBB,def,0.7,2.1,35,0,P1,B,39,false
WBB,def,0.7,2.1,35,1,P2,A,23,false
WBB,def,0.7,2.1,36,0,P1,B,29,false
WBB,def,0.7,2.1,36,1,P2,A,22,false
WBB,def,0.7,2.1,37,0,P1,B,32,false
WBB,def,0.7,2.1,37,1,P2,B,31,false
WBB,def,0.7,2.1,38,0,P1,A,25,false
WBB,def,0.7,2.1,38,1,P2,B,27,false
WBB,def,0.7,2.1,39,0,P1,A,30,false
WBB,def,0.7,2.1,39,1,P2,B,25,false
WBB,def,0.7,2.1,40,0,P1,A,30,false
WBB,def,0.7,2.1,40,1,P2,B,39,false
WBB,def,0.7,2.1,41,0,P1,B,26,false
WBB,def,0.7,2.1,41,1,P2,B,20,false
WBB,def,0.7,2.1,42,0,P1,B,20,false
WBB,def,0.7,2.1,42,1,P2,B,21,false
WBB,def,0.7,2.1,43,0,P1,B,25,false
WBB,def,0.7,2.1,43,1,P2,A,22,false
WBB,def,0.7,2.1,44,0,P1,B,27,false
WBB,def,0.7,2.1,44,1,P2,A,22,false
WBB,def,0.7,2.1,45,0,P1,B,28,false
WBB,def,0.7,2.1,45,1,P2,B,23,false
WBB,def,0.7,2.1,46,0,P1,B,30,false
WBB,def,0.7,2.1,46,1,P2,A,32,false
WBB,def,0.7,2.1,47,0,P1,B,24,false
WBB,def,0.7,2.1,47,1,P2,A,24,false
WBB,def,0.7,2.1,48,0,P1,B,30,false
WBB,def,0.7,2.1,48,1,P2,B,18,false
WBB,def,0.7,2.1,49,0,P1,B,26,false
WBB,def,0.7,2.1,49,1,P2,B,23,false
WBB,def,0.7,2.1,50,0,P1,B,26,false
WBB,def,0.7,2.1,50,1,P2,B,20,false
WBB,def,0.85,2.6,1,0,P1,B,22,false
WBB,def,0.85,2.6,1,1,P2,A,22,false
WBB,def,0.85,2.6,2,0,P1,B,31,false
WBB,def,0.85,2.6,2,1,P2,B,24,false
WBB,def,0.85,2.6,3,0,P1,B,30,false
WBB,def,0.85,2.6,3,1,P2,A,20,false
WBB,def,0.85,2.6,4,0,P1,B,39,false
WBB,def,0.85,2.6,4,1,P2,B,23,false
WBB,def,0.85,2.6,5,0,P1,A,23,false
WBB,def,0.85,2.6,5,1,P2,A,26,false
WBB,def,0.85,2.6,6,0,P1,B,25,false
WBB,def,0.85,2.6,6,1,P2,B,17,false
WBB,def,0.85,2.6,7,0,P1,B,19,false
WBB,def,0.85,2.6,7,1,P2,B,15,false
WBB,def,0.85,2.6,8,0,P1,B,24,false
WBB,def,0.85,2.6,8,1,P2,A,52,false
WBB,def,0.85,2.6,9,0,P1,B,18,false
WBB,def,0.85,2.6,9,1,P2,B,23,false
WBB,def,0.85,2.6,10,0,P1,A,21,false
WBB,def,0.85,2.6,10,1,P2,A,28,false
WBB,def,0.85,2.6,11,0,P1,B,25,false
WBB,def,0.85,2.6,11,1,P2,A,22,false
WBB,def,0.85,2.6,12,0,P1,A,27,false
WBB,def,0.85,2.6,12,1,P2,B,21,false
WBB,def,0.85,2.6,13,0,P1,B,20,false
WBB,def,0.85,2.6,13,1,P2,A,21,false
WBB,def,0.85,2.6,14,0,P1,A,31,false
WBB,def,0.85,2.6,14,1,P2,B,21,false
WBB,def,0.85,2.6,15,0,P1,A,41,false
WBB,def,0.85,2.6,15,1,P2,A,21,false
WBB,def,0.85,2.6,16,0,P1,B,20,false
WBB,def,0.85,2.6,16,1,P2,A,18,false
WBB,def,0.85,2.6,17,0,P1,A,29,false
WBB,def,0.85,2.6,17,1,P2,B,25,false
WBB,def,0.85,2.6,18,0,P1,A,21,false
WBB,def,0.85,2.6,18,1,P2,B,21,false
WBB,def,0.85,2.6,19,0,P1,A,27,false
WBB,def,0.85,2.6,19,1,P2,B,21,false
WBB,def,0.85,2.6,20,0,P1,B,23,false
WBB,def,0.85,2.6,20,1,P2,A,30,false
WBB,def,0.85,2.6,21,0,P1,B,28,false
WBB,def,0.85,2.6,21,1,P2,A,25,false
WBB,def,0.85,2.6,22,0,P1,B,22,false
WBB,def,0.85,2.6,22,1,P2,B,17,false
WBB,def,0.85,2.6,23,0,P1,A,27,false
WBB,def,0.85,2.6,23,1,P2,A,24,false
WBB,def,0.85,2.6,24,0,P1,A,25,false
WBB,def,0.85,2.6,24,1,P2,B,28,false
WBB,def,0.85,2.6,25,0,P1,B,24,false
WBB,def,0.85,2.6,25,1,P2,A,20,false
WBB,def,0.85,2.6,26,0,P1,B,22,false
WBB,def,0.85,2.6,26,1,P2,B,19,false
WBB,def,0.85,2.6,27,0,P1,B,23,false
WBB,def,0.85,2.6,27,1,P2,B,19,false
WBB,def,0.85,2.6,28,0,P1,B,28,false
WBB,def,0.85,2.6,28,1,P2,A,26,false
WBB,def,0.85,2.6,29,0,P1,A,19,false
WBB,def,0.85,2.6,29,1,P2,B,21,false
WBB,def,0.85,2.6,30,0,P1,A,21,false
WBB,def,0.85,2.6,30,1,P2,B,21,false
WBB,def,0.85,2.6,31,0,P1,B,32,false
WBB,def,0.85,2.6,31,1,P2,B,23,false
WBB,def,0.85,2.6,32,0,P1,B,23,false
WBB,def,0.85,2.6,32,1,P2,A,26,false
WBB,def,0.85,2.6,33,0,P1,B,24,false
WBB,def,0.85,2.6,33,1,P2,A,30,false
WBB,def,0.85,2.6,34,0,P1,B,20,false
WBB,def,0.85,2.6,34,1,P2,A,28,false
WBB,def,0.85,2.6,35,0,P1,A,21,false
WBB,def,0.85,2.6,35,1,P2,A,23,false
WBB,def,0.85,2.6,36,0,P1,B,29,false
WBB,def,0.85,2.6,36,1,P2,A,25,false
WBB,def,0.85,2.6,37,0,P1,B,38,false
WBB,def,0.85,2.6,37,1,P2,B,31,false
WBB,def,0.85,2.6,38,0,P1,A,25,false
WBB,def,0.85,2.6,38,1,P2,B,27,false
WBB,def,0.85,2.6,39,0,P1,A,25,false
WBB,def,0.85,2.6,39,1,P2,B,25,false
WBB,def,0.85,2.6,40,0,P1,A,30,false
WBB,def,0.85,2.6,40,1,P2,B,24,false
WBB,def,0.85,2.6,41,0,P1,B,26,false
WBB,def,0.85,2.6,41,1,P2,B,20,false
WBB,def,0.85,2.6,42,0,P1,B,20,false
WBB,def,0.85,2.6,42,1,P2,B,21,false
WBB,def,0.85,2.6,43,0,P1,A,21,false
WBB,def,0.85,2.6,43,1,P2,A,22,false
WBB,def,0.85,2.6,44,0,P1,B,25,false
WBB,def,0.85,2.6,44,1,P2,A,24,false
WBB,def,0.85,2.6,45,0,P1,B,28,false
WBB,def,0.85,2.6,45,1,P2,B,23,false
WBB,def,0.85,2.6,46,0,P1,A,45,false
WBB,def,0.85,2.6,46,1,P2,A,32,false
WBB,def,0.85,2.6,47,0,P1,B,28,false
WBB,def,0.85,2.6,47,1,P2,A,20,false
WBB,def,0.85,2.6,48,0,P1,B,24,false
WBB,def,0.85,2.6,48,1,P2,A,20,false
WBB,def,0.85,2.6,49,0,P1,B,28,false
WBB,def,0.85,2.6,49,1,P2,B,25,false
WBB,def,0.85,2.6,50,0,P1,A,17,false
WBB,def,0.85,2.6,50,1,P2,A,22,false
WBB,def,1.15,3.5,1,0,P1,B,22,false
WBB,def,1.15,3.5,1,1,P2,A,24,false
WBB,def,1.15,3.5,2,0,P1,B,24,false
WBB,def,1.15,3.5,2,1,P2,A,36,false
WBB,def,1.15,3.5,3,0,P1,B,18,false
WBB,def,1.15,3.5,3,1,P2,A,20,false
WBB,def,1.15,3.5,4,0,P1,A,29,false
WBB,def,1.15,3.5,4,1,P2,B,31,false
WBB,def,1.15,3.5,5,0,P1,A,23,false
WBB,def,1.15,3.5,5,1,P2,A,24,false
WBB,def,1.15,3.5,6,0,P1,B,34,false
WBB,def,1.15,3.5,6,1,P2,B,26,false
WBB,def,1.15,3.5,7,0,P1,B,21,false
WBB,def,1.15,3.5,7,1,P2,B,15,false
WBB,def,1.15,3.5,8,0,P1,A,24,false
WBB,def,1.15,3.5,8,1,P2,A,30,false
WBB,def,1.15,3.5,9,0,P1,A,23,false
WBB,def,1.15,3.5,9,1,P2,A,23,false
WBB,def,1.15,3.5,10,0,P1,A,21,false
WBB,def,1.15,3.5,10,1,P2,A,28,false
WBB,def,1.15,3.5,11,0,P1,B,27,false
WBB,def,1.15,3.5,11,1,P2,A,22,false
WBB,def,1.15,3.5,12,0,P1,A,22,false
WBB,def,1.15,3.5,12,1,P2,A,25,false
WBB,def,1.15,3.5,13,0,P1,A,16,false
WBB,def,1.15,3.5,13,1,P2,A,25,false
WBB,def,1.15,3.5,14,0,P1,A,43,false
WBB,def,1.15,3.5,14,1,P2,B,25,false
WBB,def,1.15,3.5,15,0,P1,A,23,false
WBB,def,1.15,3.5,15,1,P2,A,21,false
WBB,def,1.15,3.5,16,0,P1,B,22,false
WBB,def,1.15,3.5,16,1,P2,A,18,false
WBB,def,1.15,3.5,17,0,P1,A,65,false
WBB,def,1.15,3.5,17,1,P2,B,25,false
WBB,def,1.15,3.5,18,0,P1,A,19,false
WBB,def,1.15,3.5,18,1,P2,A,19,false
WBB,def,1.15,3.5,19,0,P1,A,25,false
WBB,def,1.15,3.5,19,1,P2,B,23,false
WBB,def,1.15,3.5,20,0,P1,B,22,false
WBB,def,1.15,3.5,20,1,P2,A,30,false
WBB,def,1.15,3.5,21,0,P1,B,28,false
WBB,def,1.15,3.5,21,1,P2,A,25,false
WBB,def,1.15,3.5,22,0,P1,B,26,false
WBB,def,1.15,3.5,22,1,P2,B,17,false
WBB,def,1.15,3.5,23,0,P1,A,31,false
WBB,def,1.15,3.5,23,1,P2,A,23,false
WBB,def,1.15,3.5,24,0,P1,A,19,false
WBB,def,1.15,3.5,24,1,P2,A,24,false
WBB,def,1.15,3.5,25,0,P1,draw,100,true
WBB,def,1.15,3.5,25,1,P2,A,20,false
WBB,def,1.15,3.5,26,0,P1,A,19,false
WBB,def,1.15,3.5,26,1,P2,B,19,false
WBB,def,1.15,3.5,27,0,P1,B,27,false
WBB,def,1.15,3.5,27,1,P2,B,22,false
WBB,def,1.15,3.5,28,0,P1,A,23,false
WBB,def,1.15,3.5,28,1,P2,A,26,false
WBB,def,1.15,3.5,29,0,P1,A,19,false
WBB,def,1.15,3.5,29,1,P2,B,23,false
WBB,def,1.15,3.5,30,0,P1,A,21,false
WBB,def,1.15,3.5,30,1,P2,B,26,false
WBB,def,1.15,3.5,31,0,P1,A,23,false
WBB,def,1.15,3.5,31,1,P2,A,28,false
WBB,def,1.15,3.5,32,0,P1,B,23,false
WBB,def,1.15,3.5,32,1,P2,A,23,false
WBB,def,1.15,3.5,33,0,P1,B,32,false
WBB,def,1.15,3.5,33,1,P2,A,25,false
WBB,def,1.15,3.5,34,0,P1,B,23,false
WBB,def,1.15,3.5,34,1,P2,A,24,false
WBB,def,1.15,3.5,35,0,P1,A,22,false
WBB,def,1.15,3.5,35,1,P2,A,23,false
WBB,def,1.15,3.5,36,0,P1,A,29,false
WBB,def,1.15,3.5,36,1,P2,A,25,false
WBB,def,1.15,3.5,37,0,P1,A,41,false
WBB,def,1.15,3.5,37,1,P2,B,25,false
WBB,def,1.15,3.5,38,0,P1,A,23,false
WBB,def,1.15,3.5,38,1,P2,B,29,false
WBB,def,1.15,3.5,39,0,P1,A,25,false
WBB,def,1.15,3.5,39,1,P2,B,25,false
WBB,def,1.15,3.5,40,0,P1,A,26,false
WBB,def,1.15,3.5,40,1,P2,A,24,false
WBB,def,1.15,3.5,41,0,P1,A,30,false
WBB,def,1.15,3.5,41,1,P2,B,20,false
WBB,def,1.15,3.5,42,0,P1,B,22,false
WBB,def,1.15,3.5,42,1,P2,B,21,false
WBB,def,1.15,3.5,43,0,P1,A,17,false
WBB,def,1.15,3.5,43,1,P2,A,22,false
WBB,def,1.15,3.5,44,0,P1,A,27,false
WBB,def,1.15,3.5,44,1,P2,B,29,false
WBB,def,1.15,3.5,45,0,P1,B,28,false
WBB,def,1.15,3.5,45,1,P2,B,25,false
WBB,def,1.15,3.5,46,0,P1,A,45,false
WBB,def,1.15,3.5,46,1,P2,A,32,false
WBB,def,1.15,3.5,47,0,P1,B,26,false
WBB,def,1.15,3.5,47,1,P2,A,29,false
WBB,def,1.15,3.5,48,0,P1,A,23,false
WBB,def,1.15,3.5,48,1,P2,A,18,false
WBB,def,1.15,3.5,49,0,P1,A,37,false
WBB,def,1.15,3.5,49,1,P2,B,25,false
WBB,def,1.15,3.5,50,0,P1,A,19,false
WBB,def,1.15,3.5,50,1,P2,A,28,false
WBB,def,1.3,3.9,1,0,P1,A,26,false
WBB,def,1.3,3.9,1,1,P2,A,24,false
WBB,def,1.3,3.9,2,0,P1,A,25,false
WBB,def,1.3,3.9,2,1,P2,A,36,false
WBB,def,1.3,3.9,3,0,P1,B,21,false
WBB,def,1.3,3.9,3,1,P2,A,20,false
WBB,def,1.3,3.9,4,0,P1,A,25,false
WBB,def,1.3,3.9,4,1,P2,B,31,false
WBB,def,1.3,3.9,5,0,P1,A,25,false
WBB,def,1.3,3.9,5,1,P2,A,22,false
WBB,def,1.3,3.9,6,0,P1,B,34,false
WBB,def,1.3,3.9,6,1,P2,B,26,false
WBB,def,1.3,3.9,7,0,P1,B,21,false
WBB,def,1.3,3.9,7,1,P2,B,19,false
WBB,def,1.3,3.9,8,0,P1,A,24,false
WBB,def,1.3,3.9,8,1,P2,A,30,false
WBB,def,1.3,3.9,9,0,P1,A,23,false
WBB,def,1.3,3.9,9,1,P2,A,23,false
WBB,def,1.3,3.9,10,0,P1,A,21,false
WBB,def,1.3,3.9,10,1,P2,A,28,false
WBB,def,1.3,3.9,11,0,P1,A,21,false
WBB,def,1.3,3.9,11,1,P2,A,22,false
WBB,def,1.3,3.9,12,0,P1,A,21,false
WBB,def,1.3,3.9,12,1,P2,A,23,false
WBB,def,1.3,3.9,13,0,P1,A,15,false
WBB,def,1.3,3.9,13,1,P2,A,25,false
WBB,def,1.3,3.9,14,0,P1,A,43,false
WBB,def,1.3,3.9,14,1,P2,B,25,false
WBB,def,1.3,3.9,15,0,P1,A,23,false
WBB,def,1.3,3.9,15,1,P2,A,21,false
WBB,def,1.3,3.9,16,0,P1,B,22,false
WBB,def,1.3,3.9,16,1,P2,A,18,false
WBB,def,1.3,3.9,17,0,P1,A,65,false
WBB,def,1.3,3.9,17,1,P2,A,27,false
WBB,def,1.3,3.9,18,0,P1,A,19,false
WBB,def,1.3,3.9,18,1,P2,B,20,false
WBB,def,1.3,3.9,19,0,P1,A,25,false
WBB,def,1.3,3.9,19,1,P2,B,23,false
WBB,def,1.3,3.9,20,0,P1,B,22,false
WBB,def,1.3,3.9,20,1,P2,A,31,false
WBB,def,1.3,3.9,21,0,P1,B,28,false
WBB,def,1.3,3.9,21,1,P2,A,25,false
WBB,def,1.3,3.9,22,0,P1,B,23,false
WBB,def,1.3,3.9,22,1,P2,B,19,false
WBB,def,1.3,3.9,23,0,P1,A,31,false
WBB,def,1.3,3.9,23,1,P2,A,23,false
WBB,def,1.3,3.9,24,0,P1,A,19,false
WBB,def,1.3,3.9,24,1,P2,A,29,false
WBB,def,1.3,3.9,25,0,P1,draw,100,true
WBB,def,1.3,3.9,25,1,P2,A,20,false
WBB,def,1.3,3.9,26,0,P1,A,19,false
WBB,def,1.3,3.9,26,1,P2,B,19,false
WBB,def,1.3,3.9,27,0,P1,B,23,false
WBB,def,1.3,3.9,27,1,P2,B,22,false
WBB,def,1.3,3.9,28,0,P1,A,21,false
WBB,def,1.3,3.9,28,1,P2,A,26,false
WBB,def,1.3,3.9,29,0,P1,A,23,false
WBB,def,1.3,3.9,29,1,P2,B,23,false
WBB,def,1.3,3.9,30,0,P1,A,21,false
WBB,def,1.3,3.9,30,1,P2,A,24,false
WBB,def,1.3,3.9,31,0,P1,A,55,false
WBB,def,1.3,3.9,31,1,P2,A,20,false
WBB,def,1.3,3.9,32,0,P1,A,25,false
WBB,def,1.3,3.9,32,1,P2,A,23,false
WBB,def,1.3,3.9,33,0,P1,B,32,false
WBB,def,1.3,3.9,33,1,P2,A,26,false
WBB,def,1.3,3.9,34,0,P1,A,21,false
WBB,def,1.3,3.9,34,1,P2,A,22,false
WBB,def,1.3,3.9,35,0,P1,B,24,false
WBB,def,1.3,3.9,35,1,P2,A,24,false
WBB,def,1.3,3.9,36,0,P1,A,27,false
WBB,def,1.3,3.9,36,1,P2,A,32,false
WBB,def,1.3,3.9,37,0,P1,A,34,false
WBB,def,1.3,3.9,37,1,P2,B,25,false
WBB,def,1.3,3.9,38,0,P1,A,21,false
WBB,def,1.3,3.9,38,1,P2,B,29,false
WBB,def,1.3,3.9,39,0,P1,A,25,false
WBB,def,1.3,3.9,39,1,P2,B,27,false
WBB,def,1.3,3.9,40,0,P1,A,26,false
WBB,def,1.3,3.9,40,1,P2,A,24,false
WBB,def,1.3,3.9,41,0,P1,A,25,false
WBB,def,1.3,3.9,41,1,P2,B,20,false
WBB,def,1.3,3.9,42,0,P1,B,22,false
WBB,def,1.3,3.9,42,1,P2,B,25,false
WBB,def,1.3,3.9,43,0,P1,A,17,false
WBB,def,1.3,3.9,43,1,P2,A,26,false
WBB,def,1.3,3.9,44,0,P1,A,20,false
WBB,def,1.3,3.9,44,1,P2,A,20,false
WBB,def,1.3,3.9,45,0,P1,B,28,false
WBB,def,1.3,3.9,45,1,P2,B,23,false
WBB,def,1.3,3.9,46,0,P1,A,45,false
WBB,def,1.3,3.9,46,1,P2,A,32,false
WBB,def,1.3,3.9,47,0,P1,B,36,false
WBB,def,1.3,3.9,47,1,P2,A,23,false
WBB,def,1.3,3.9,48,0,P1,A,23,false
WBB,def,1.3,3.9,48,1,P2,A,20,false
WBB,def,1.3,3.9,49,0,P1,A,34,false
WBB,def,1.3,3.9,49,1,P2,B,25,false
WBB,def,1.3,3.9,50,0,P1,A,19,false
WBB,def,1.3,3.9,50,1,P2,A,21,false
